feature	Acinetobacter	Actinomyces	Aerococcus	Afipia	Arthrobacter	Bacillus	Bacteroides	Blautia	Bosea	Brevundimonas	Corynebacterium	Enterobacter	Escherichia.Shigella	Faecalibacterium	Geobacillus	Hydrogenophilus	Lactobacillus	Leuconostoc	Lysobacter	Methylobacterium	Methyloversatilis	Microbacterium	Neisseria	Paracoccus	Petrobacter	Prevotella	Pseudomonas	Rhodobaca	Rubrobacter	Schlegelella	Sphingomonas	Staphylococcus	Streptococcus	Unknown.genus296	Unknown.genus41	Unknown.genus476	Xanthomonas
2016_10_13___Hiseq_7_RDB251_CACGTCTA	-3.91201866394928	-5.4447848426729	-10.4260090075881	-8.81777672754412	-4.65930984218124	-3.66116501867622	-4.85196438510493	-10.9659810023918	-6.65157678492117	-5.52012082135248	-9.13869844368883	-3.04652859976096	-4.97934460369616	-11.1034845261417	-7.51372759595244	-7.47400996380346	-0.919529923226666	-11.9523006096921	-6.40312417773534	-7.37503943134692	-6.04183690443624	-10.9523006096921	-13.2002281231357	-3.86154021892149	-5.45473992331258	-11.1127652818853	-5.37788610756825	-6.95107144051306	-3.66837850890879	-5.55059993872009	-7.74593252152361	-10.1558340037772	-10.4429434958487	-6.85610248569434	-12.2460318127488	-3.6697633189987	-6.91630602235238
2016_10_13___Hiseq_7_RDB253_CATCAACC	-7.27301849440642	-5.4447848426729	-10.4260090075881	-8.81777672754412	-4.65930984218124	-6.18338128192174	-4.85196438510493	-10.9659810023918	-6.65157678492117	-5.52012082135248	-10.1386984436888	-8.13250932102727	-4.97934460369616	-11.1034845261417	-7.51372759595244	-7.47400996380346	-0.129362743674886	-11.9523006096921	-6.40312417773534	-7.37503943134692	-7.04183690443624	-10.9523006096921	-13.2002281231357	-6.34896734763971	-5.45473992331258	-11.1127652818853	-5.43257678029047	-8.71711845928772	-5.41546275942662	-5.55059993872009	-7.74593252152361	-8.44294349584873	-9.44294349584873	-6.85610248569434	-12.2460318127488	-3.6697633189987	-8.3741700760685
2016_10_13___Hiseq_7_RDB254_CATCACGT	-8.27301849440642	-5.4447848426729	-10.4260090075881	-8.81777672754412	-4.65930984218124	-7.81201745825543	-4.85196438510493	-10.9659810023918	-6.65157678492117	-5.52012082135248	-6.73058630589614	-8.13250932102727	-4.97934460369616	-11.1034845261417	-6.51372759595244	-6.47400996380346	-9.95230060969207	-10.9523006096921	-6.40312417773534	-7.37503943134692	-7.04183690443624	-9.95230060969207	-12.2002281231357	-11.2933375275271	-5.45473992331258	-10.1127652818853	-0.055609707903011	-9.71711845928772	-8.70674541515537	-5.55059993872009	-7.74593252152361	-9.1558340037772	-10.4429434958487	-6.85610248569434	-11.2460318127488	-3.6697633189987	-8.3741700760685
2016_10_13___Hiseq_7_RDB257_CCGAAGAT	-8.27301849440642	-5.4447848426729	-10.4260090075881	-8.81777672754412	-3.49610910992616	-3.37614848588525	-4.85196438510493	-10.9659810023918	-6.65157678492117	-5.52012082135248	-3.90836952453443	-8.13250932102727	-4.97934460369616	-11.1034845261417	-7.51372759595244	-7.47400996380346	-10.9523006096921	-11.9523006096921	-6.40312417773534	-1.8945637250094	-7.04183690443624	-10.9523006096921	-13.2002281231357	-12.2933375275271	-5.45473992331258	-11.1127652818853	-5.09784732339814	-9.71711845928772	-2.98822283222365	-5.55059993872009	-7.74593252152361	-4.07275634243531	-1.91671686724795	-6.85610248569434	-12.2460318127488	-3.6697633189987	-8.3741700760685
2016_10_13___Hiseq_7_RDB258_CTGACTAC	-5.12459132162024	-5.4447848426729	-10.4260090075881	-8.81777672754412	-4.65930984218124	-0.845930680637051	-4.85196438510493	-10.9659810023918	-5.33609542681396	-5.52012082135248	-10.1386984436888	-8.13250932102727	-4.97934460369616	-11.1034845261417	-3.20464457318628	-7.47400996380346	-2.82913543809407	-6.45473992331258	-5.37456957462859	-7.37503943134692	-7.04183690443624	-10.9523006096921	-13.2002281231357	-12.2933375275271	-4.45473992331258	-11.1127652818853	-8.51106508314034	-9.71711845928772	-8.70674541515537	-4.55059993872009	-7.74593252152361	-10.1558340037772	-10.4429434958487	-5.85610248569434	-12.2460318127488	-3.6697633189987	-8.3741700760685
2016_10_13___Hiseq_7_RDB259_CTTCGCAA	-3.03025664372796	-5.4447848426729	-10.4260090075881	-3.83014289488172	-4.65930984218124	-7.81201745825543	-4.85196438510493	-10.9659810023918	-6.65157678492117	-5.52012082135248	-4.81286490344988	-8.13250932102727	-4.97934460369616	-11.1034845261417	-7.51372759595244	-7.47400996380346	-4.22790240272873	-11.9523006096921	-6.40312417773534	-7.37503943134692	-7.04183690443624	-4.42382261270398	-13.2002281231357	-12.2933375275271	-5.45473992331258	-4.47726187166544	-0.993294031682639	-9.71711845928772	-8.70674541515537	-5.55059993872009	-7.74593252152361	-10.1558340037772	-3.28631908895405	-6.85610248569434	-5.50474260808755	-3.6697633189987	-8.3741700760685
2016_10_13___Hiseq_7_RDB298_AGAGTCCA	-8.27301849440642	-5.4447848426729	-10.4260090075881	-8.81777672754412	-4.65930984218124	-7.81201745825543	-4.85196438510493	-9.96598100239176	-6.65157678492117	-5.52012082135248	-10.1386984436888	-8.13250932102727	-4.97934460369616	-10.1034845261417	-7.51372759595244	-7.47400996380346	-10.9523006096921	-11.9523006096921	-6.40312417773534	-2.10602274502885	-7.04183690443624	-10.9523006096921	-13.2002281231357	-12.2933375275271	-5.45473992331258	-11.1127652818853	-0.402611371001431	-9.71711845928772	-8.70674541515537	-5.55059993872009	-6.74593252152361	-10.1558340037772	-10.4429434958487	-6.85610248569434	-12.2460318127488	-3.6697633189987	-8.3741700760685
2016_10_13___Hiseq_7_RDB299_AGGTCTGT	-5.19159858259934	-3.9716765300872	-10.4260090075881	-5.78088700872329	-4.65930984218124	-2.29685341685291	-4.85196438510493	-10.9659810023918	-6.65157678492117	-5.52012082135248	-6.02071402339575	-8.13250932102727	-4.97934460369616	-11.1034845261417	-7.51372759595244	-1.54463573882645	-10.9523006096921	-11.9523006096921	-6.40312417773534	-7.37503943134692	-7.04183690443624	-10.9523006096921	-13.2002281231357	-12.2933375275271	-1.89846426859924	-11.1127652818853	-4.92425118389446	-9.71711845928772	-8.70674541515537	-5.55059993872009	-7.74593252152361	-10.1558340037772	-5.16591193893569	-6.85610248569434	-12.2460318127488	-3.6697633189987	-8.3741700760685
2016_10_13___Hiseq_7_RDB305_AAGACGAG	-8.27301849440642	-5.4447848426729	-10.4260090075881	-1.4490400127907	-1.25402403038556	-7.81201745825543	-4.85196438510493	-10.9659810023918	-6.65157678492117	-5.52012082135248	-10.1386984436888	-8.13250932102727	-4.97934460369616	-11.1034845261417	-7.51372759595244	-7.47400996380346	-10.9523006096921	-11.9523006096921	-6.40312417773534	-6.37503943134692	-7.04183690443624	-10.9523006096921	-13.2002281231357	-12.2933375275271	-5.45473992331258	-11.1127652818853	-8.51106508314034	-9.71711845928772	-8.70674541515537	-5.55059993872009	-7.74593252152361	-10.1558340037772	-6.37503943134692	-6.85610248569434	-12.2460318127488	-2.39318677805718	-8.3741700760685
2016_11_30___Hiseq_8_BC5_AGCAATTC	-8.27301849440642	-3.03562390973072	-10.4260090075881	-8.81777672754412	-4.65930984218124	-7.81201745825543	-1.61212483170368	-10.9659810023918	-6.65157678492117	-5.52012082135248	-10.1386984436888	-2.3469827629079	-1.93722020566973	-11.1034845261417	-7.51372759595244	-7.47400996380346	-10.9523006096921	-11.9523006096921	-6.40312417773534	-7.37503943134692	-4.58703385074085	-10.9523006096921	-6.27508984442611	-12.2933375275271	-5.45473992331258	-11.1127652818853	-8.51106508314034	-9.71711845928772	-8.70674541515537	-5.55059993872009	-7.74593252152361	-10.1558340037772	-10.4429434958487	-4.69012734370495	-12.2460318127488	-3.6697633189987	-8.3741700760685
2016_11_30___Hiseq_8_RDB78_TGATCACG	-8.27301849440642	-5.4447848426729	-10.4260090075881	-8.81777672754412	-4.65930984218124	-7.81201745825543	-4.85196438510493	-10.9659810023918	-5.65157678492117	-5.52012082135248	-2.45453993786162	-8.13250932102727	-4.97934460369616	-11.1034845261417	-7.51372759595244	-1.42604602203632	-3.525313012275	-11.9523006096921	-6.40312417773534	-3.83920378809694	-7.04183690443624	-10.9523006096921	-13.2002281231357	-12.2933375275271	-2.95384635403807	-11.1127652818853	-5.65157678492117	-9.71711845928772	-8.70674541515537	-3.06076155795458	-7.74593252152361	-10.1558340037772	-10.4429434958487	-6.85610248569434	-12.2460318127488	-3.6697633189987	-8.3741700760685
2016_11_30___Hiseq_8_RDB90_CCGATGTA	-7.01225922616889	-5.4447848426729	-10.4260090075881	-8.81777672754412	-4.65930984218124	-7.81201745825543	-1.37820217591957	-3.85970135669667	-6.65157678492117	-5.52012082135248	-10.1386984436888	-8.13250932102727	-3.97934460369616	-1.19031357799405	-7.51372759595244	-7.47400996380346	-10.9523006096921	-11.9523006096921	-6.40312417773534	-7.37503943134692	-7.04183690443624	-7.48003818751971	-8.22727211713974	-12.2933375275271	-5.45473992331258	-11.1127652818853	-7.51106508314033	-9.71711845928772	-5.4647714308664	-5.55059993872009	-7.74593252152361	-10.1558340037772	-10.4429434958487	-6.85610248569434	-12.2460318127488	-3.6697633189987	-8.3741700760685
2016_10_13___Hiseq_7_RDB249_ATCATGCG	-8.27301849440642	-5.4447848426729	-10.4260090075881	-8.81777672754412	-3.65930984218124	-7.81201745825543	-4.85196438510493	-10.9659810023918	-6.65157678492117	-5.52012082135248	-10.1386984436888	-8.13250932102727	-3.29366036986456	-11.1034845261417	-7.51372759595244	-7.47400996380346	-0.767292523054249	-11.9523006096921	-6.40312417773534	-7.37503943134692	-7.04183690443624	-10.9523006096921	-13.2002281231357	-12.2933375275271	-5.45473992331258	-11.1127652818853	-8.51106508314034	-4.83618760426532	-3.80516070864469	-5.55059993872009	-3.00219755570425	-10.1558340037772	-10.4429434958487	-6.85610248569434	-12.2460318127488	-3.6697633189987	-8.3741700760685
2016_10_13___Hiseq_7_RDB255_CCACAACA	-8.27301849440642	-5.4447848426729	-10.4260090075881	-8.81777672754412	-4.65930984218124	-2.01442707063528	-4.85196438510493	-10.9659810023918	-3.46122713229891	-5.52012082135248	-10.1386984436888	-8.13250932102727	-4.97934460369616	-11.1034845261417	-7.51372759595244	-7.47400996380346	-2.36103284424631	-2.10415723129129	-5.40312417773534	-7.37503943134692	-7.04183690443624	-10.9523006096921	-13.2002281231357	-12.2933375275271	-5.45473992331258	-11.1127652818853	-8.51106508314034	-9.71711845928772	-8.70674541515537	-5.55059993872009	-7.74593252152361	-5.69685538079205	-2.38426515048403	-6.85610248569434	-12.2460318127488	-3.6697633189987	-8.3741700760685
2016_10_13___Hiseq_7_RDB261_GCAATTCC	-8.27301849440642	-5.4447848426729	-10.4260090075881	-8.81777672754412	-4.65930984218124	-2.99057674611337	-4.85196438510493	-10.9659810023918	-6.65157678492117	-5.52012082135248	-2.98682461125227	-8.13250932102727	-1.68527496981342	-11.1034845261417	-7.51372759595244	-7.47400996380346	-10.9523006096921	-11.9523006096921	-6.40312417773534	-5.62134293644766	-7.04183690443624	-4.91732776408274	-13.2002281231357	-12.2933375275271	-5.45473992331258	-11.1127652818853	-1.85615042589245	-9.71711845928772	-8.70674541515537	-5.55059993872009	-7.74593252152361	-10.1558340037772	-3.78112338048442	-6.85610248569434	-6.32761173339095	-3.6697633189987	-5.48807640558419
2016_10_13___Hiseq_7_RDB262_GGTCACTA	-8.27301849440642	-5.4447848426729	-1.77897312068778	-8.81777672754412	-4.65930984218124	-7.81201745825543	-4.85196438510493	-10.9659810023918	-6.65157678492117	-5.52012082135248	-4.23840473932508	-8.13250932102727	-3.15094189807474	-11.1034845261417	-7.51372759595244	-7.47400996380346	-10.9523006096921	-11.9523006096921	-3.53796502118399	-7.37503943134692	-7.04183690443624	-10.9523006096921	-13.2002281231357	-12.2933375275271	-5.45473992331258	-11.1127652818853	-8.51106508314034	-9.71711845928772	-8.70674541515537	-5.55059993872009	-7.74593252152361	-10.1558340037772	-10.4429434958487	-1.12988028254691	-12.2460318127488	-3.6697633189987	-8.3741700760685
2016_10_13___Hiseq_7_RDB264_TACACACG	-8.27301849440642	-5.4447848426729	-10.4260090075881	-8.81777672754412	-4.65930984218124	-7.81201745825543	-4.85196438510493	-10.9659810023918	-6.65157678492117	-5.52012082135248	-10.1386984436888	-8.13250932102727	-4.97934460369616	-11.1034845261417	-4.63860046432323	-7.47400996380346	-10.9523006096921	-11.9523006096921	-6.40312417773534	-7.37503943134692	-2.68017956807463	-10.9523006096921	-13.2002281231357	-12.2933375275271	-5.45473992331258	-2.53578965873945	-1.17025412087818	-9.71711845928772	-8.70674541515537	-5.55059993872009	-2.41855198345508	-10.1558340037772	-10.4429434958487	-6.85610248569434	-12.2460318127488	-3.6697633189987	-8.3741700760685
2016_10_13___Hiseq_7_RDB266_AACAGTCC	-1.64924944854494	-5.4447848426729	-10.4260090075881	-8.81777672754412	-4.65930984218124	-7.81201745825543	-3.85196438510493	-10.9659810023918	-6.65157678492117	-4.52012082135248	-4.46201786678891	-8.13250932102727	-3.67652237869505	-2.54503845355681	-7.51372759595244	-7.47400996380346	-10.9523006096921	-11.9523006096921	-6.40312417773534	-7.37503943134692	-7.04183690443624	-10.9523006096921	-13.2002281231357	-12.2933375275271	-5.45473992331258	-11.1127652818853	-3.5703940278337	-9.71711845928772	-3.72126069346033	-5.55059993872009	-7.74593252152361	-3.14008977190155	-10.4429434958487	-6.85610248569434	-12.2460318127488	-3.6697633189987	-8.3741700760685
2016_10_13___Hiseq_7_RDB267_AACTGAGG	-7.17623069845659	-5.4447848426729	-9.42600900758812	-7.81777672754412	-4.65930984218124	-6.81201745825543	-4.85196438510493	-7.00877395260503	-6.65157678492117	-5.52012082135248	-7.13970482243148	-7.13250932102727	-4.97934460369616	-11.1034845261417	-7.51372759595244	-7.47400996380346	-0.185741223560695	-7.25217955168989	-6.40312417773534	-7.37503943134692	-7.04183690443624	-10.9523006096921	-11.0831212940651	-7.58388866736984	-5.45473992331258	-8.69609817095586	-8.51106508314034	-8.42600900758812	-7.70674541515537	-5.55059993872009	-7.74593252152361	-7.81777672754412	-4.53089557975595	-6.85610248569434	-9.87667041659768	-3.6697633189987	-7.3741700760685
2016_10_13___Hiseq_7_RDB297_AGACCTTG	-8.27301849440642	-5.4447848426729	-10.4260090075881	-8.81777672754412	-4.65930984218124	-4.41084502163713	-4.85196438510493	-10.9659810023918	-6.65157678492117	-3.65748498922026	-0.773599129983235	-8.13250932102727	-4.97934460369616	-11.1034845261417	-7.51372759595244	-7.47400996380346	-10.9523006096921	-11.9523006096921	-6.40312417773534	-7.37503943134692	-7.04183690443624	-10.9523006096921	-13.2002281231357	-12.2933375275271	-5.45473992331258	-11.1127652818853	-8.51106508314034	-9.71711845928772	-8.70674541515537	-5.55059993872009	-7.74593252152361	-2.92541819446689	-10.4429434958487	-6.85610248569434	-12.2460318127488	-2.6697633189987	-8.3741700760685
2016_10_13___Hiseq_7_RDB312_AGACGCTA	-8.27301849440642	-5.4447848426729	-10.4260090075881	-8.81777672754412	-4.65930984218124	-7.81201745825543	-4.85196438510493	-10.9659810023918	-6.65157678492117	-5.52012082135248	-10.1386984436888	-4.65207669657969	-4.97934460369616	-11.1034845261417	-7.51372759595244	-7.47400996380346	-10.9523006096921	-11.9523006096921	-6.40312417773534	-7.37503943134692	-7.04183690443624	-10.9523006096921	-13.2002281231357	-1.57678856927546	-5.45473992331258	-11.1127652818853	-4.04439411935845	-9.71711845928772	-8.70674541515537	-5.55059993872009	-0.825225598896292	-10.1558340037772	-10.4429434958487	-6.85610248569434	-12.2460318127488	-3.6697633189987	-8.3741700760685
2016_10_13___Hiseq_7_RDB317_ACAAGACG	-2.8871466603101	-5.4447848426729	-10.4260090075881	-3.06585254729463	-4.65930984218124	-7.81201745825543	-4.85196438510493	-10.9659810023918	-6.65157678492117	-2.79228747396866	-10.1386984436888	-8.13250932102727	-4.97934460369616	-11.1034845261417	-7.51372759595244	-7.47400996380346	-10.9523006096921	-11.9523006096921	-6.40312417773534	-7.37503943134692	-7.04183690443624	-10.9523006096921	-13.2002281231357	-12.2933375275271	-5.45473992331258	-11.1127652818853	-2.07380130041012	-9.71711845928772	-8.70674541515537	-5.55059993872009	-2.40372218605101	-10.1558340037772	-10.4429434958487	-6.85610248569434	-12.2460318127488	-2.51836475199213	-8.3741700760685
2016_11_30___Hiseq_8_BC17_GCACACGA	-8.27301849440642	-4.4447848426729	-2.40525647848626	-8.81777672754412	-4.65930984218124	-7.81201745825543	-4.85196438510493	-10.9659810023918	-6.65157678492117	-5.52012082135248	-10.1386984436888	-8.13250932102727	-4.97934460369616	-11.1034845261417	-7.51372759595244	-7.47400996380346	-10.9523006096921	-11.9523006096921	-6.40312417773534	-7.37503943134692	-7.04183690443624	-10.9523006096921	-13.2002281231357	-12.2933375275271	-5.45473992331258	-11.1127652818853	-8.51106508314034	-9.71711845928772	-8.70674541515537	-2.04485423578426	-1.83335013059055	-10.1558340037772	-2.04485423578426	-6.85610248569434	-12.2460318127488	-3.6697633189987	-8.3741700760685
2016_11_30___Hiseq_8_RDB266_AACAGTCC	-8.27301849440642	-2.84287761725833	-10.4260090075881	-3.47708363699933	-4.65930984218124	-7.81201745825543	-4.85196438510493	-10.9659810023918	-6.65157678492117	-3.29386181294356	-0.850157843174487	-8.13250932102727	-4.97934460369616	-11.1034845261417	-7.51372759595244	-7.47400996380346	-10.9523006096921	-11.9523006096921	-6.40312417773534	-7.37503943134692	-7.04183690443624	-10.9523006096921	-13.2002281231357	-12.2933375275271	-5.45473992331258	-11.1127652818853	-8.51106508314034	-9.71711845928772	-8.70674541515537	-5.55059993872009	-4.97458329647015	-3.60261451908319	-10.4429434958487	-6.85610248569434	-12.2460318127488	-3.6697633189987	-8.3741700760685
