taxon,lfc_(Intercept),lfc_GroupTumor,se_(Intercept),se_GroupTumor,W_(Intercept),W_GroupTumor,p_(Intercept),p_GroupTumor,q_(Intercept),q_GroupTumor,diff_(Intercept),diff_GroupTumor,passed_ss_(Intercept),passed_ss_GroupTumor,diff_robust_(Intercept),diff_robust_GroupTumor,lfc,qval,significant,direction
Staphylococcus,-0.5825342636074278,1.194179362044051,0.30994579071047934,0.419433644025624,-1.8794714465136053,2.8471234462324064,0.06113027391316493,0.004709959485636651,1,0.49925570547748505,FALSE,FALSE,TRUE,TRUE,FALSE,FALSE,1.194179362044051,0.49925570547748505,FALSE,ns
Prevotella,-0.5259587759911709,1.0810283868115373,0.3116183972474606,0.41039383219234504,-1.6878296680715534,2.634124350837896,0.092472860508477,0.009302443544567643,1,0.9767565721796025,FALSE,FALSE,TRUE,TRUE,FALSE,FALSE,1.0810283868115373,0.9767565721796025,FALSE,ns
Abiotrophia,0.046901875403220314,0.02619595367597678,0.31204454604606674,0.4185966983911823,0.15030506380424366,0.06258041159105471,0.8806284079879261,0.9501869000777894,1,1,FALSE,FALSE,TRUE,TRUE,FALSE,FALSE,0.02619595367597678,1,FALSE,ns
Acidovorax,-0.030449175891852025,0.254718003941102,0.32674980895440237,0.44495004332871807,-0.0931880449732755,0.572464274945407,0.9258176428573794,0.5674449818997707,1,1,FALSE,FALSE,TRUE,TRUE,FALSE,FALSE,0.254718003941102,1,FALSE,ns
Acinetobacter,-0.10975352079201194,0.24861787641322033,0.35236358781619664,0.45929056812933117,-0.3114780430980929,0.5413084736876467,0.7556535311128432,0.5890822997390108,1,1,FALSE,FALSE,TRUE,TRUE,FALSE,FALSE,0.24861787641322033,1,FALSE,ns
Actinomyces,-0.08412827214993296,0.19736737912906205,0.34453182546702965,0.46946525174493997,-0.2441814251437962,0.42040891928736734,0.8072539550933467,0.6747766164529845,1,1,FALSE,FALSE,TRUE,TRUE,FALSE,FALSE,0.19736737912906205,1,FALSE,ns
Aerococcus,-0.17855067675348285,0.40034848536435624,0.3403623887198786,0.45256167559908,-0.5245899155456677,0.8846274595266902,0.6002519182720769,0.3777437920453477,1,1,FALSE,FALSE,TRUE,TRUE,FALSE,FALSE,0.40034848536435624,1,FALSE,ns
Aeromonas,-0.10738855075185101,0.2438879363328973,0.33968597054899113,0.46298245090999474,-0.3161406712743908,0.5267757683979902,0.752111270836318,0.5987309577824363,1,1,FALSE,FALSE,TRUE,TRUE,FALSE,FALSE,0.2438879363328973,1,FALSE,ns
Afipia,0.5985926234013593,-0.9869468845657219,0.3572302449074608,0.47282363297535324,1.6756493380240594,-2.0873467731617557,0.09500991326062394,0.03868768530743268,1,1,FALSE,FALSE,TRUE,TRUE,FALSE,FALSE,-0.9869468845657219,1,FALSE,ns
Aggregatibacter,-0.01163626648690345,0.15131292674933164,0.3175948364483625,0.3992037563333018,-0.03663871433500268,0.37903683106377883,0.9707991358620222,0.7051948187031725,1,1,FALSE,FALSE,TRUE,TRUE,FALSE,FALSE,0.15131292674933164,1,FALSE,ns
Agrobacterium,0.07392325999943218,-0.08135230967622731,0.35272798451361437,0.46328717752054177,0.20957582966196134,-0.17559801700451813,0.834141444975638,0.8608460507506396,1,1,FALSE,FALSE,TRUE,TRUE,FALSE,FALSE,-0.08135230967622731,1,FALSE,ns
Alloiococcus,-0.29321256931340567,0.811593104675389,0.3587355249852151,0.4476690918818578,-0.8173502452133508,1.812930844217346,0.4144603531217248,0.07197154652309969,1,1,FALSE,FALSE,TRUE,TRUE,FALSE,FALSE,0.811593104675389,1,FALSE,ns
Anaerococcus,-0.47151238896101655,0.9721356127512292,0.3425083563544066,0.45244656298710806,-1.3766449203742186,2.1486197316497884,0.169638480738241,0.03323786467226832,1,1,FALSE,FALSE,TRUE,TRUE,FALSE,FALSE,0.9721356127512292,1,FALSE,ns
Anoxybacillus,0.05215023064375255,0.0593550732731929,0.30158651362702593,0.40593122416301225,0.17291963760769188,0.14621953114244132,0.8628391091336771,0.8839689280778754,1,1,FALSE,FALSE,TRUE,TRUE,FALSE,FALSE,0.0593550732731929,1,FALSE,ns
Arthrobacter,0.07545574402953713,-0.006176026919589709,0.35077369552853005,0.47676402000859336,0.21511232168034664,-0.012954054124047345,0.8298336172127913,0.9896821608637065,1,1,FALSE,FALSE,TRUE,TRUE,FALSE,FALSE,-0.006176026919589709,1,FALSE,ns
Bacillus,-0.2506358641859495,0.5303825632010944,0.3746146368218107,0.4919978933392539,-0.6690498436268176,1.0780179557300922,0.5039756832904155,0.2827224254196341,1,1,FALSE,FALSE,TRUE,TRUE,FALSE,FALSE,0.5303825632010944,1,FALSE,ns
Blastococcus,-0.3356270463921846,0.7287963660440898,0.3410399369638094,0.4489395775108581,-0.9841282794624747,1.6233729493953182,0.32591695571792334,0.1067106008416851,1,1,FALSE,FALSE,TRUE,TRUE,FALSE,FALSE,0.7287963660440898,1,FALSE,ns
Bosea,0.13605439521391266,-0.24299795559862922,0.3554083752215351,0.47709602742779683,0.3828114493056234,-0.5093271409295149,0.7021261711807079,0.6112567366608805,1,1,FALSE,FALSE,TRUE,TRUE,FALSE,FALSE,-0.24299795559862922,1,FALSE,ns
Brachybacterium,-0.2530346789658085,0.6909733355706721,0.33936402788261955,0.4646020283877824,-0.7456143202464849,1.4872370186768702,0.45651064893178506,0.13906521298902924,1,1,FALSE,FALSE,TRUE,TRUE,FALSE,FALSE,0.6909733355706721,1,FALSE,ns
Brevibacterium,0.05498986894459411,-0.08086890305999364,0.3609447570589751,0.4393614056802394,0.15234982048959161,-0.18406009725589964,0.8790215297737038,0.8542100313391793,1,1,FALSE,FALSE,TRUE,TRUE,FALSE,FALSE,-0.08086890305999364,1,FALSE,ns
Brevundimonas,-0.11963745095730663,0.387790673428191,0.3767545853646097,0.5193210281194914,-0.3175474316829502,0.7467263069096512,0.7510521395832168,0.45582148239756326,1,1,FALSE,FALSE,TRUE,TRUE,FALSE,FALSE,0.387790673428191,1,FALSE,ns
Campylobacter,-0.18192048828403848,0.47492174476255933,0.3186641963199123,0.4330351604944446,-0.5708846189341129,1.0967279059286736,0.5685052340242601,0.27363991551875083,1,1,FALSE,FALSE,TRUE,TRUE,FALSE,FALSE,0.47492174476255933,1,FALSE,ns
Capnocytophaga,-0.3313840282881223,0.7066891866276348,0.35283140264892665,0.46778945926181487,-0.9392135331498686,1.510699252913502,0.34837094714377126,0.1329254082954498,1,1,FALSE,FALSE,TRUE,TRUE,FALSE,FALSE,0.7066891866276348,1,FALSE,ns
Cardiobacterium,0.03680532421919015,0.04459400105985467,0.2869366452077947,0.3744137265360803,0.12826986316974728,0.11910354214953543,0.898023116354869,0.9053516804805004,1,1,FALSE,FALSE,TRUE,TRUE,FALSE,FALSE,0.04459400105985467,1,FALSE,ns
Caulobacter,0.18989083622933836,-0.16261239784072673,0.33340665784169055,0.4573072906182421,0.569547223377594,-0.3555867163650246,0.5694497654901469,0.7224226931767121,1,1,FALSE,FALSE,TRUE,TRUE,FALSE,FALSE,-0.16261239784072673,1,FALSE,ns
Cellulomonas,-0.13437310440399108,0.509331390212678,0.31911677973475316,0.4277805096676715,-0.42107815363291373,1.1906372045990612,0.6740314576606802,0.23585624826815885,1,1,FALSE,FALSE,TRUE,TRUE,FALSE,FALSE,0.509331390212678,1,FALSE,ns
Chryseobacterium,-0.38774733127965527,0.8046054973885072,0.341825169922739,0.4438617846323863,-1.1343440021321305,1.8127388417880914,0.2575582670938545,0.07183243018917874,1,1,FALSE,FALSE,TRUE,TRUE,FALSE,FALSE,0.8046054973885072,1,FALSE,ns
Cloacibacterium,0.15346262399947935,-0.13688917281432492,0.3239056499521823,0.4284269028866819,0.4737880429752763,-0.31951581913270244,0.6360090908238518,0.7497832212264504,1,1,FALSE,FALSE,TRUE,TRUE,FALSE,FALSE,-0.13688917281432492,1,FALSE,ns
Clostridium XI,-0.07740441748925571,0.3464177672269967,0.32250217372570744,0.44180549976870964,-0.24001207990334117,0.7840956425584346,0.8105058296672558,0.43433559744064765,1,1,FALSE,FALSE,TRUE,TRUE,FALSE,FALSE,0.3464177672269967,1,FALSE,ns
Comamonas,0.28134099470581253,-0.3553736982500821,0.2918536053998709,0.37673667789093723,0.9639798498303458,-0.9432946646967048,0.3359087138956973,0.34717530002136465,1,1,FALSE,FALSE,TRUE,TRUE,FALSE,FALSE,-0.3553736982500821,1,FALSE,ns
Corynebacterium,-0.28623490489730924,0.6015806446238157,0.2730398300950389,0.3536263955779235,-1.0483265565968065,1.7011757384249164,0.2953342331475478,0.09094139983901493,1,1,FALSE,FALSE,TRUE,TRUE,FALSE,FALSE,0.6015806446238157,1,FALSE,ns
Devosia,-0.09757010599956348,0.43055888132800063,0.32582855245108117,0.4322672986444058,-0.2994522894497171,0.9960477757124753,0.7648209188970598,0.3208628190825877,1,1,FALSE,FALSE,TRUE,TRUE,FALSE,FALSE,0.43055888132800063,1,FALSE,ns
Diaphorobacter,0.08035432717039874,-0.07471686976543217,0.32873038557586415,0.39641678448198203,0.2444383929694708,-0.1884805908586048,0.807080612055668,0.8507564853016695,1,1,FALSE,FALSE,TRUE,TRUE,FALSE,FALSE,-0.07471686976543217,1,FALSE,ns
Dietzia,-0.04680966390890416,0.12273016264700387,0.34650656336407787,0.46522322224146756,-0.13509026626927348,0.2638091926187264,0.8926295590301146,0.7922819348786574,1,1,FALSE,FALSE,TRUE,TRUE,FALSE,FALSE,0.12273016264700387,1,FALSE,ns
Enterobacter,-0.17527087895061058,0.4047381523795776,0.3516823413028692,0.4597503629845496,-0.4983783897175182,0.880343301421557,0.6185838734034887,0.3800544801600081,1,1,FALSE,FALSE,TRUE,TRUE,FALSE,FALSE,0.4047381523795776,1,FALSE,ns
Enterococcus,0.0620910511926915,0.054698069129302015,0.3028462472160436,0.3603614072432789,0.205024997877544,0.15178670087825336,0.8377241475592168,0.8795681708395594,1,1,FALSE,FALSE,TRUE,TRUE,FALSE,FALSE,0.054698069129302015,1,FALSE,ns
Escherichia/Shigella,0.1103284421967013,-0.10550061739928321,0.38292624330816327,0.525287153064703,0.2881193026718556,-0.20084370383657188,0.7734537073536214,0.8409564324247709,1,1,FALSE,FALSE,TRUE,TRUE,FALSE,FALSE,-0.10550061739928321,1,FALSE,ns
Exiguobacterium,0.023186383143862548,0.01002994367128766,0.325581256292484,0.44320320638539057,0.07121535007234323,0.022630575606815556,0.9432731917939698,0.9819598010951528,1,1,FALSE,FALSE,TRUE,TRUE,FALSE,FALSE,0.01002994367128766,1,FALSE,ns
Finegoldia,-0.18273702224790206,0.40851884230211,0.33394487873686124,0.4494128795330498,-0.547207140708672,0.9090056402624027,0.5846372788576676,0.36479332931979835,1,1,FALSE,FALSE,TRUE,TRUE,FALSE,FALSE,0.40851884230211,1,FALSE,ns
Flavobacterium,0.19996938058453492,-0.17660538789937005,0.33390538576353807,0.45405625873866906,0.5988803688424101,-0.38895045382694493,0.5497385987490409,0.6976094729417625,1,1,FALSE,FALSE,TRUE,TRUE,FALSE,FALSE,-0.17660538789937005,1,FALSE,ns
Friedmanniella,0.21513101579663818,-0.2228031429603299,0.308203967327747,0.41170103526659285,0.6980150763856515,-0.5411770286563792,0.48575900908142056,0.589208856159734,1,1,FALSE,FALSE,TRUE,TRUE,FALSE,FALSE,-0.2228031429603299,1,FALSE,ns
Fusobacterium,-0.258854861285539,0.5468205574002735,0.33443023007430556,0.428203169497216,-0.7740175319319225,1.2770119334761922,0.4395399912092486,0.2035326514358549,1,1,FALSE,FALSE,TRUE,TRUE,FALSE,FALSE,0.5468205574002735,1,FALSE,ns
Gardnerella,0.1456146305103981,-0.14192800898616886,0.3132187488637084,0.4159406721600068,0.46489755494732454,-0.34122176186600733,0.6423466136405835,0.7334580148953923,1,1,FALSE,FALSE,TRUE,TRUE,FALSE,FALSE,-0.14192800898616886,1,FALSE,ns
Gemella,4.0087154639359787e-4,0.02830909173640861,0.3186113326406515,0.39176646465627335,0.0012581835776875026,0.07226011997031533,0.9989970164413466,0.9424892761725423,1,1,FALSE,FALSE,TRUE,TRUE,FALSE,FALSE,0.02830909173640861,1,FALSE,ns
Granulicatella,-0.3165850871340576,0.7259651098585849,0.33588035384407733,0.44107099028829627,-0.9425531547493338,1.6459144351889339,0.34667711153201675,0.10184692852455128,1,1,FALSE,FALSE,TRUE,TRUE,FALSE,FALSE,0.7259651098585849,1,FALSE,ns
Haemophilus,0.30396647714690544,-0.5530139480078982,0.3051748452255276,0.3976545177334485,0.9960404073352468,-1.3906894637082647,0.3200402851227311,0.16635763519203495,1,1,FALSE,FALSE,TRUE,TRUE,FALSE,FALSE,-0.5530139480078982,1,FALSE,ns
Halomonas,0.03737956759227135,0.0952597368343882,0.32276454245470393,0.41739937522931797,0.11581063802111138,0.22822203981990338,0.9078849078447406,0.8197999409413149,1,1,FALSE,FALSE,TRUE,TRUE,FALSE,FALSE,0.0952597368343882,1,FALSE,ns
Hydrogenophilus,-0.9294562835974999,1.548256473671303,0.5329514887534766,0.7276092372694634,-1.7439791485926994,2.1278680840852497,0.08314304476939138,0.03625478661267414,1,1,FALSE,FALSE,TRUE,TRUE,FALSE,FALSE,1.548256473671303,1,FALSE,ns
Janibacter,0.3370136538809357,-0.5733209134625097,0.3466984744670033,0.441483231648949,0.9720655806145193,-1.2986244377190594,0.33182992275676737,0.19608837622296418,1,1,FALSE,FALSE,TRUE,TRUE,FALSE,FALSE,-0.5733209134625097,1,FALSE,ns
Janthinobacterium,0.05835970449927712,0.06665655212345413,0.30722033800207804,0.4158112559679807,0.18996042019484521,0.16030482861336245,0.8494753723040734,0.8727545155949752,1,1,FALSE,FALSE,TRUE,TRUE,FALSE,FALSE,0.06665655212345413,1,FALSE,ns
Kaistobacter,0.18521860482960578,-0.19304253507252098,0.3275928046965339,0.4480796045640976,0.5653927747319827,-0.43082196356675795,0.5722530225436193,0.6669246211062476,1,1,FALSE,FALSE,TRUE,TRUE,FALSE,FALSE,-0.19304253507252098,1,FALSE,ns
Kingella,0.14657226453361574,-0.19652832765811667,0.30359772065188856,0.3886027596951902,0.48278446958987065,-0.5057306536172526,0.6296164125458663,0.6137816234362072,1,1,FALSE,FALSE,TRUE,TRUE,FALSE,FALSE,-0.19652832765811667,1,FALSE,ns
Klebsiella,0.33259163063818115,-0.4608528034036315,0.31621603880651505,0.4279372776056083,1.0517860886926294,-1.0769167060700857,0.29379320063128994,0.2832785776224833,1,1,FALSE,FALSE,TRUE,TRUE,FALSE,FALSE,-0.4608528034036315,1,FALSE,ns
Kocuria,0.28494802799595287,-0.3897137143704654,0.31935791829434307,0.43239361939966275,0.8922528976824192,-0.9012938602367576,0.37301811442537725,0.3682011965388472,1,1,FALSE,FALSE,TRUE,TRUE,FALSE,FALSE,-0.3897137143704654,1,FALSE,ns
Lactobacillus,-0.23815743416205068,0.5054257031532967,0.3399128165804219,0.44331070945460627,-0.7006427017314414,1.1401161586533943,0.48406850513676836,0.25601954674936866,1,1,FALSE,FALSE,TRUE,TRUE,FALSE,FALSE,0.5054257031532967,1,FALSE,ns
Lactococcus,-0.40815668966224916,0.8479352389068725,0.3865585424600114,0.46510862147476867,-1.055872901074155,1.823090778705059,0.29195761583702173,0.07027397569464618,1,1,FALSE,FALSE,TRUE,TRUE,FALSE,FALSE,0.8479352389068725,1,FALSE,ns
Lautropia,0.059396532297529364,-0.08968222976586358,0.32648657083747373,0.3995839714960332,0.18192641781611651,-0.2244390069754184,0.8557734792062711,0.8227151693562146,1,1,FALSE,FALSE,TRUE,TRUE,FALSE,FALSE,-0.08968222976586358,1,FALSE,ns
Leptotrichia,-0.3791444978076288,0.813170180192578,0.37363529428155023,0.4791251552956076,-1.0147448691555545,1.6971978432041903,0.31106374078880766,0.09170064789526408,1,1,FALSE,FALSE,TRUE,TRUE,FALSE,FALSE,0.813170180192578,1,FALSE,ns
Leuconostoc,0.27389184220159335,-0.467350317183539,0.32027040358881603,0.40772289191889605,0.8551893622778629,-1.1462449777691266,0.3931521830083693,0.25349221228329377,1,1,FALSE,FALSE,TRUE,TRUE,FALSE,FALSE,-0.467350317183539,1,FALSE,ns
Massilia,0.007477266412973602,0.014156302003247991,0.34389543542889267,0.4525402933767108,0.02174284867622117,0.03128185978229297,0.9826674311978132,0.975085526628871,1,1,FALSE,FALSE,TRUE,TRUE,FALSE,FALSE,0.014156302003247991,1,FALSE,ns
Mesorhizobium,0.2338748459770195,-0.18816317963509602,0.31389974951698024,0.4272962946660131,0.7450622255573611,-0.44035762065797857,0.45684807082002166,0.6600119100015702,1,1,FALSE,FALSE,TRUE,TRUE,FALSE,FALSE,-0.18816317963509602,1,FALSE,ns
Methylobacterium,0.0381835486538031,0.0649422535827919,0.40371555240272067,0.482357802040214,0.0945803262384939,0.13463502260792226,0.9247192021197653,0.893081998964486,1,1,FALSE,FALSE,TRUE,TRUE,FALSE,FALSE,0.0649422535827919,1,FALSE,ns
Microbacterium,0.1899193985408442,-0.27529055454684576,0.3630893941664686,0.4965417778203632,0.5230651227828766,-0.5544156943958888,0.6013137591277651,0.5797060756335438,1,1,FALSE,FALSE,TRUE,TRUE,FALSE,FALSE,-0.27529055454684576,1,FALSE,ns
Moraxella,0.06703497101628848,-0.02321276423359399,0.36578197029626197,0.42025354083628963,0.18326483112875708,-0.0552351425460959,0.8547450196331563,0.9560289129833333,1,1,FALSE,FALSE,TRUE,TRUE,FALSE,FALSE,-0.02321276423359399,1,FALSE,ns
Mycobacterium,0.3513972382435234,-0.5599413417304043,0.3376968950215822,0.4529849615207832,1.0405699413406382,-1.2361146380015398,0.298920610718939,0.21831956485934206,1,1,FALSE,FALSE,TRUE,TRUE,FALSE,FALSE,-0.5599413417304043,1,FALSE,ns
Naxibacter,-0.0391440795466454,0.259992378704873,0.2879889138007999,0.38564919298875683,-0.13592217502414386,0.674168087037726,0.8919785108772744,0.5013505491225929,1,1,FALSE,FALSE,TRUE,TRUE,FALSE,FALSE,0.259992378704873,1,FALSE,ns
Neisseria,-0.42745407657349876,0.8840189879761938,0.35884281217627656,0.45272342650821507,-1.1912014455051085,1.9526689723005808,0.2345459578769134,0.052683890671037174,1,1,FALSE,FALSE,TRUE,TRUE,FALSE,FALSE,0.8840189879761938,1,FALSE,ns
Nocardioides,0.30499105139561616,-0.3821183577259926,0.32496096677938313,0.4353677906852107,0.938546725837,-0.8776909222535489,0.34875761934313876,0.3816106742468446,1,1,FALSE,FALSE,TRUE,TRUE,FALSE,FALSE,-0.3821183577259926,1,FALSE,ns
Novosphingobium,0.14984230549972172,-0.0847019472842079,0.3181333539608188,0.4344098108166419,0.47100470175213455,-0.19498166287952318,0.6379927003203378,0.8455443064544461,1,1,FALSE,FALSE,TRUE,TRUE,FALSE,FALSE,-0.0847019472842079,1,FALSE,ns
Paracoccus,0.02239069801708562,-0.015670561204976657,0.31281028825623947,0.402756672422387,0.07157916110081461,-0.03890825969617286,0.9429850325070588,0.9690142537529931,1,1,FALSE,FALSE,TRUE,TRUE,FALSE,FALSE,-0.015670561204976657,1,FALSE,ns
Peptoniphilus,0.0024792561454775102,0.02415232253824105,0.3427351537649982,0.45125263861416703,0.007233737532443059,0.05352283947283891,0.9942331333010326,0.9573851550226657,1,1,FALSE,FALSE,TRUE,TRUE,FALSE,FALSE,0.02415232253824105,1,FALSE,ns
Porphyromonas,-0.4504205810682139,0.8916721624804199,0.3755893217419916,0.46152858176646044,-1.19923691914124,1.931997708717459,0.2314462417973699,0.05521514896094545,1,1,FALSE,FALSE,TRUE,TRUE,FALSE,FALSE,0.8916721624804199,1,FALSE,ns
Propionibacterium,-0.1708776029908408,0.3708660408108775,0.3365222444531071,0.4527821339629322,-0.5077750603635114,0.8190827618680712,0.6119774872860146,0.41401320421509125,1,1,FALSE,FALSE,TRUE,TRUE,FALSE,FALSE,0.3708660408108775,1,FALSE,ns
Pseudomonas,-0.2385632121098096,0.5062372590488156,0.35230314585223815,0.4225456224448857,-0.6771532270389292,1.1980653263420002,0.4988855041751594,0.2327441913878898,1,1,FALSE,FALSE,TRUE,TRUE,FALSE,FALSE,0.5062372590488156,1,FALSE,ns
Ralstonia,0.024833900511286835,0.20106610556337137,0.38466633933740846,0.5216176907977209,0.06455958832806497,0.38546642322632263,0.9485721814862831,0.7004795392727386,1,1,FALSE,FALSE,TRUE,TRUE,FALSE,FALSE,0.20106610556337137,1,FALSE,ns
Rheinheimera,0.1508933903083847,-0.12020997743793338,0.30056550180245534,0.4067133456636233,0.5020316350462548,-0.2955643789898017,0.6160301983666467,0.7677765027412499,1,1,FALSE,FALSE,TRUE,TRUE,FALSE,FALSE,-0.12020997743793338,1,FALSE,ns
Rhizobium,0.0225554690735332,0.22871289770794107,0.3285615107866987,0.4471912963318954,0.06864915193361207,0.5114430884142152,0.9453180673023136,0.60944535141130185,1,1,FALSE,FALSE,TRUE,TRUE,FALSE,FALSE,0.22871289770794107,1,FALSE,ns
Roseomonas,0.07423718965908069,0.12273799187367979,0.3118780144094031,0.4071633020261883,0.2380327763714352,0.30144659713410377,0.8120333611146591,0.7635144626655561,1,1,FALSE,FALSE,TRUE,TRUE,FALSE,FALSE,0.12273799187367979,1,FALSE,ns
Rothia,-0.3159382718716935,0.6609873785725836,0.31871333595582146,0.39435034852305206,-0.9912929150711389,1.6761424987911353,0.3223949519844391,0.09575253473134906,1,1,FALSE,FALSE,TRUE,TRUE,FALSE,FALSE,0.6609873785725836,1,FALSE,ns
Rubellimicrobium,-0.1535319644428655,0.4914379692813834,0.3505254815496768,0.475998113075656,-0.4380051452011394,1.0324368012847005,0.6617179512969141,0.3035835361981552,1,1,FALSE,FALSE,TRUE,TRUE,FALSE,FALSE,0.4914379692813834,1,FALSE,ns
Serratia,0.14330814337061248,-0.15523551834787036,0.30095328728744564,0.3994356235129829,0.47618068791432216,-0.38863714002921107,0.6342975956157817,0.6980949868921895,1,1,FALSE,FALSE,TRUE,TRUE,FALSE,FALSE,-0.15523551834787036,1,FALSE,ns
Shewanella,0.26032204829114347,-0.3188270714436524,0.3252197210689225,0.44223538938497914,0.8004497618887462,-0.7209442733360806,0.42410352465645484,0.47207945807790386,1,1,FALSE,FALSE,TRUE,TRUE,FALSE,FALSE,-0.3188270714436524,1,FALSE,ns
Sphaerobacter,0.3406942174432762,-0.5059713389991745,0.2983638015312285,0.40102962329448444,1.1418751728420284,-1.261680707880348,0.25448208372777026,0.209100569516016,1,1,FALSE,FALSE,TRUE,TRUE,FALSE,FALSE,-0.5059713389991745,1,FALSE,ns
Sphingobacterium,0.2079105165057399,-0.2863393911563602,0.2976227943245393,0.40130172696570227,0.6985705412033271,-0.713526436383446,0.4853920919514617,0.4761059919236694,1,1,FALSE,FALSE,TRUE,TRUE,FALSE,FALSE,-0.2863393911563602,1,FALSE,ns
Sphingobium,0.10041375475319962,-0.05782222656804401,0.33257244556184046,0.4501917847833478,0.30193046986668687,-0.12843909756343205,0.7629158019264987,0.8979797860937979,1,1,FALSE,FALSE,TRUE,TRUE,FALSE,FALSE,-0.05782222656804401,1,FALSE,ns
Sphingomonas,-0.0075220833355664415,0.044155001500328236,0.32191499991398814,0.4369934367041018,-0.023366675481342133,0.1010427109234288,0.9813730167150724,0.9195827279212347,1,1,FALSE,FALSE,TRUE,TRUE,FALSE,FALSE,0.044155001500328236,1,FALSE,ns
Stenotrophomonas,0.012602892063254193,0.09858388999554141,0.3143830071438012,0.4255620668658553,0.04008770123344973,0.23165572702845433,0.9680499607399927,0.8169638777256537,1,1,FALSE,FALSE,TRUE,TRUE,FALSE,FALSE,0.09858388999554141,1,FALSE,ns
Stenoxybacter,-0.19294156656635958,0.48051791597054433,0.311405274148985,0.39525151109684004,-0.6195834900151721,1.2157269548118521,0.5360244627602387,0.2260180925650463,1,1,FALSE,FALSE,TRUE,TRUE,FALSE,FALSE,0.48051791597054433,1,FALSE,ns
Streptococcus,-0.5548900973094353,1.0407351851688247,0.3568728689317127,0.4605107309321244,-1.5548677011241585,2.259958596539677,0.12105132815309956,0.025242103090554236,1,1,FALSE,FALSE,TRUE,TRUE,FALSE,FALSE,1.0407351851688247,1,FALSE,ns
Streptomyces,-0.07104052946781562,0.30784898368233693,0.3175891583284408,0.40971547028824207,-0.22368688478448537,0.7513726134523545,0.8231610471409534,0.45361940592549466,1,1,FALSE,FALSE,TRUE,TRUE,FALSE,FALSE,0.30784898368233693,1,FALSE,ns
Tessaracoccus,-0.001220245439449663,0.159756009124057,0.3069971728534773,0.4166480174977673,-0.003974777448625099,0.383431583530607,0.9968313853170363,0.7016866554077831,1,1,FALSE,FALSE,TRUE,TRUE,FALSE,FALSE,0.159756009124057,1,FALSE,ns
Unknown genus1,0.09957683862894039,-0.04732982606104448,0.2956452747999789,0.3781662078631429,0.3368118725939722,-0.12515614847895926,0.736515136536394,0.900578229848632,1,1,FALSE,FALSE,TRUE,TRUE,FALSE,FALSE,-0.04732982606104448,1,FALSE,ns
Unknown genus116,-0.4169567119755164,0.8792357301596918,0.3561970031154196,0.4568900895381753,-1.1705789445971524,1.9243922122461088,0.24271397340077563,0.05615995629274094,1,1,FALSE,FALSE,TRUE,TRUE,FALSE,FALSE,0.8792357301596918,1,FALSE,ns
Unknown genus123,-0.20155321395152254,0.4322172627322406,0.3575096133426594,0.45096033099882626,-0.5637700538092704,0.958437434563098,0.5733453109747955,0.33935430745654604,1,1,FALSE,FALSE,TRUE,TRUE,FALSE,FALSE,0.4322172627322406,1,FALSE,ns
Unknown genus125,-0.15558011452572523,0.5454899091864487,0.3154565517693878,0.4279602412784523,-0.49319030989554763,1.2746275391305,0.6222634028164238,0.20469786780360275,1,1,FALSE,FALSE,TRUE,TRUE,FALSE,FALSE,0.5454899091864487,1,FALSE,ns
Unknown genus14,0.07304014045155953,-9.116997100307987e-4,0.33999643519543965,0.4253241175523613,0.21482619489693758,-0.0021435410605855428,0.8300724075506922,0.9982928508218833,1,1,FALSE,FALSE,TRUE,TRUE,FALSE,FALSE,-9.116997100307987e-4,1,FALSE,ns
Unknown genus2,0.09230674560039091,0.010187968447449494,0.3033527157175964,0.3764261694064581,0.30428850911070493,0.027064984518780127,0.7611528523775071,0.9784474640940093,1,1,FALSE,FALSE,TRUE,TRUE,FALSE,FALSE,0.010187968447449494,1,FALSE,ns
Unknown genus20,-0.07539219402050738,0.2826009988149421,0.33433883620983,0.4487289892562314,-0.22549637031454964,0.6297810161169962,0.821748033287784,0.5298012973223061,1,1,FALSE,FALSE,TRUE,TRUE,FALSE,FALSE,0.2826009988149421,1,FALSE,ns
Unknown genus3,0.054442739139647915,0.09045098261385913,0.3181864806336143,0.4328275524079,0.17110324433405985,0.20897695193077134,0.8642666098978856,0.8346187252294429,1,1,FALSE,FALSE,TRUE,TRUE,FALSE,FALSE,0.09045098261385913,1,FALSE,ns
Unknown genus39,7.384609278782322e-4,0.27313394384747747,0.34563793886540034,0.4779451998462052,0.002136515830126526,0.5714754409822871,0.9982969157445771,0.5681617734870881,1,1,FALSE,FALSE,TRUE,TRUE,FALSE,FALSE,0.27313394384747747,1,FALSE,ns
Unknown genus41,0.0017419778868633738,0.23117061233845398,0.29447350851694126,0.39600282933958275,0.005915567399038738,0.5837600017251876,0.9952842575398633,0.5602752833490652,1,1,FALSE,FALSE,TRUE,TRUE,FALSE,FALSE,0.23117061233845398,1,FALSE,ns
Unknown genus44,-0.08499358403249085,0.27089591300985716,0.3228253418820285,0.43916063626430935,-0.26328039656673063,0.6168492588821602,0.7925152023214577,0.5378019986554456,1,1,FALSE,FALSE,TRUE,TRUE,FALSE,FALSE,0.27089591300985716,1,FALSE,ns
Unknown genus6,-0.040950425834603545,0.11101168649840372,0.33078369992790363,0.44997494845974356,-0.1237981975639336,0.24670637082885347,0.9015563364900319,0.8053008987559029,1,1,FALSE,FALSE,TRUE,TRUE,FALSE,FALSE,0.11101168649840372,1,FALSE,ns
Unknown genus81,0.16753265475270143,-0.1266079672197653,0.2951369950944215,0.39718822464161896,0.5676436961049348,-0.31876062623458457,0.5707256688218401,0.7503820616951966,1,1,FALSE,FALSE,TRUE,TRUE,FALSE,FALSE,-0.1266079672197653,1,FALSE,ns
Veillonella,-0.20506531290181124,0.4392414606328176,0.3143929254740588,0.40696795915888145,-0.6522580385439736,1.0793023154467463,0.514736657116047,0.28215142020762407,1,1,FALSE,FALSE,TRUE,TRUE,FALSE,FALSE,0.4392414606328176,1,FALSE,ns
Wautersiella,0.017969542643867437,-0.006828250458539753,0.3208015288392315,0.3949820228939308,0.05601451685372985,-0.017287496804312595,0.9553703135644649,0.9862297832951085,1,1,FALSE,FALSE,TRUE,TRUE,FALSE,FALSE,-0.006828250458539753,1,FALSE,ns
