feature	Abiotrophia	Acidovorax	Acinetobacter	Actinomyces	Aerococcus	Aeromonas	Afipia	Aggregatibacter	Agrobacterium	Alloiococcus	Anaerococcus	Anoxybacillus	Arthrobacter	Bacillus	Blastococcus	Bosea	Brachybacterium	Brevibacterium	Brevundimonas	Campylobacter	Capnocytophaga	Cardiobacterium	Caulobacter	Cellulomonas	Chryseobacterium	Cloacibacterium	Clostridium.XI	Comamonas	Corynebacterium	Devosia	Diaphorobacter	Dietzia	Enterobacter	Enterococcus	Escherichia.Shigella	Exiguobacterium	Finegoldia	Flavobacterium	Friedmanniella	Fusobacterium	Gardnerella	Gemella	Granulicatella	Haemophilus	Halomonas	Hydrogenophilus	Janibacter	Janthinobacterium	Kaistobacter	Kingella	Klebsiella	Kocuria	Lactobacillus	Lactococcus	Lautropia	Leptotrichia	Leuconostoc	Massilia	Mesorhizobium	Methylobacterium	Microbacterium	Moraxella	Mycobacterium	Naxibacter	Neisseria	Nocardioides	Novosphingobium	Paracoccus	Peptoniphilus	Porphyromonas	Prevotella	Propionibacterium	Pseudomonas	Ralstonia	Rheinheimera	Rhizobium	Roseomonas	Rothia	Rubellimicrobium	Serratia	Shewanella	Sphaerobacter	Sphingobacterium	Sphingobium	Sphingomonas	Staphylococcus	Stenotrophomonas	Stenoxybacter	Streptococcus	Streptomyces	Tessaracoccus	Unknown.genus1	Unknown.genus116	Unknown.genus123	Unknown.genus125	Unknown.genus14	Unknown.genus2	Unknown.genus20	Unknown.genus3	Unknown.genus39	Unknown.genus41	Unknown.genus44	Unknown.genus6	Unknown.genus81	Veillonella	Wautersiella
2015_11_17___Hiseq_4_RDB102_TGCCTCAA	0	0	1806	161	0	0	0	0	0	0	481	0	0	0	0	411	0	0	158	59	0	0	67	0	0	0	0	0	1608	0	0	0	0	0	0	0	197	88	0	0	0	0	0	0	0	0	0	0	0	104	0	0	0	0	0	667	0	0	0	0	0	0	239	0	0	0	0	282	613	503	317	0	74	0	0	0	0	0	269	0	373	211	0	0	183	50	0	0	334	0	0	0	231	0	0	0	0	131	0	0	0	0	0	139	271	0
2015_11_17___Hiseq_4_RDB104_CAGAACTG	0	0	150	318	255	0	0	0	0	312	0	0	23	0	0	0	0	0	0	147	0	0	0	0	493	528	0	0	2356	0	0	0	0	129	0	0	0	229	0	0	0	0	0	0	0	0	317	0	833	0	0	0	0	413	0	0	0	0	0	0	486	0	536	0	0	1337	0	610	0	0	199	135	300	291	0	0	0	149	177	0	0	623	0	0	168	766	0	0	315	826	0	0	0	305	0	0	0	0	0	0	0	0	88	0	0	0
2015_11_17___Hiseq_4_RDB109_GGTGATGA	0	0	0	31	0	0	0	0	398	0	138	105	523	0	0	66	0	0	86	0	0	0	303	137	0	0	0	0	448	0	0	0	0	0	6	0	0	0	24	0	0	0	0	0	140	0	0	0	101	0	0	0	301	0	0	0	0	0	149	0	0	0	0	0	0	193	0	13	0	0	221	194	66	0	0	0	9	330	0	0	0	0	0	0	0	1019	0	0	107	0	0	0	460	0	0	0	0	0	0	0	0	0	0	0	0	0
2015_11_17___Hiseq_4_RDB112_CGAGAGAA	0	0	222	0	46	0	65	0	0	0	0	164	0	0	0	164	0	0	0	0	0	0	0	0	0	0	0	0	56	0	0	0	0	0	0	501	511	0	0	137	0	0	0	0	0	0	0	0	0	0	0	0	103	0	0	0	176	97	0	0	139	0	0	0	119	0	0	406	0	0	0	0	0	262	0	0	14	127	0	0	177	0	0	28	515	197	0	0	422	212	0	0	96	0	0	0	0	0	0	0	0	0	0	0	0	0
2015_11_17___Hiseq_4_RDB3_CGGAGTAT	0	64	147	0	0	0	0	0	0	0	0	0	0	0	0	9	0	0	0	0	0	0	0	0	51	0	0	0	9	0	0	358	0	0	0	96	0	0	0	69	0	52	0	0	0	0	0	0	0	0	0	0	0	0	61	0	0	6	0	0	0	2	0	0	86	0	0	45	0	0	0	0	114	0	0	0	0	281	0	0	0	0	0	0	81	0	0	30	548	0	0	0	0	38	0	0	0	0	0	0	0	0	0	0	0	0
2015_11_17___Hiseq_4_RDB79_CTCAAGCT	0	0	0	0	0	0	0	0	0	0	1190	0	0	0	0	0	0	0	0	0	0	0	0	0	0	0	0	176	412	0	0	0	0	0	720	0	0	0	0	53	115	0	0	0	0	0	0	0	0	0	0	0	256	0	0	0	0	0	0	5979	56	0	0	0	0	0	154	460	0	0	322	220	1030	0	0	0	0	188	0	0	0	0	0	0	173	269	0	0	6	0	0	0	0	0	724	0	0	0	0	0	0	0	61	0	0	0
2016_07_15___Hiseq_6_BC70_CTATGCGT	0	0	25	0	0	0	0	0	0	0	0	0	0	0	0	52	0	0	99	0	0	0	0	0	0	0	0	0	134	0	0	0	0	0	180	0	0	0	173	0	0	0	0	0	0	0	0	0	0	0	0	0	0	157	0	0	0	0	0	0	11	0	81	0	0	0	110	0	0	0	247	0	139	30	0	0	0	18	0	0	0	0	0	0	0	144	0	186	710	0	0	0	0	0	0	0	0	0	0	0	0	0	0	15	0	0
2016_07_15___Hiseq_6_BC72_TTGTCTAT	0	0	0	0	0	0	0	0	0	0	0	0	0	0	0	0	0	415	0	0	0	0	97	0	0	0	194	0	0	0	237	35	0	0	0	0	0	0	0	0	0	1750	0	169	3	0	0	0	0	0	0	0	492	0	0	0	0	8	0	0	143	0	0	0	0	0	0	239	0	0	0	132	0	0	0	0	0	0	0	0	0	0	0	195	313	168	0	0	0	0	0	0	0	0	0	0	0	0	0	0	0	0	126	0	0	0
2016_07_15___Hiseq_6_BC77_ACAGTTGA	0	0	731	115	109	362	0	0	0	0	499	0	0	0	0	0	0	0	755	136	249	0	0	0	226	0	106	0	2034	0	35	270	182	30	511	0	25	0	54	357	0	105	187	217	0	0	0	0	123	0	0	0	68	7334	15	603	3079	301	0	0	0	0	0	0	220	0	0	471	78	429	1494	123	457	115	0	0	0	655	1421	100	0	40	0	29	131	562	59	0	4226	538	0	0	75	51	0	8413	285	0	0	0	0	224	0	0	645	0
2016_07_15___Hiseq_6_BC80_TCTGCAAG	0	0	294	159	169	155	0	0	0	0	451	0	70	1190	0	0	0	151	0	119	201	0	0	0	109	0	0	0	1454	51	0	495	57	0	0	0	0	113	29	0	0	21	0	0	0	0	0	0	224	0	107	0	0	985	0	291	571	471	0	0	0	0	98	0	224	0	36	1230	89	0	0	71	716	0	0	0	0	364	311	0	0	0	0	0	0	735	23	0	333	142	0	99	28	37	0	803	0	0	0	0	0	0	0	11	0	171
2016_07_15___Hiseq_6_BC90_CTGCGGAT	547	0	1387	151	213	336	0	1433	16	14	0	131	0	8	0	254	24	0	0	0	345	0	0	0	0	0	0	0	2532	0	440	42	792	0	0	0	0	0	57	348	171	0	0	36	0	0	0	0	0	96	0	0	30	394	744	201	432	294	213	0	134	0	0	43	265	0	0	371	36	418	668	261	220	0	0	0	0	1763	18	89	42	195	269	0	693	280	0	0	1813	0	50	101	364	0	191	962	0	0	0	0	0	0	0	237	431	0
2016_07_15___Hiseq_6_BC95_GCCGCAAC	412	34	1037	457	89	58	0	2131	46	0	176	36	74	279	0	12	100	0	0	37	897	86	0	474	181	120	0	46	3709	0	98	11	102	244	196	42	306	0	0	675	0	104	277	665	0	33	0	19	0	121	0	0	237	3171	533	844	303	502	0	0	354	0	119	29	763	0	0	2941	49	379	1132	328	288	0	14	0	263	3417	0	21	455	0	0	0	178	935	0	0	5981	0	76	209	0	0	0	899	0	0	0	0	92	0	159	201	1127	0
2016_07_15___Hiseq_6_RDB10_AGCCAACT	0	31	38	0	39	0	0	127	30	28	14	0	9	0	0	0	223	0	0	0	0	0	0	0	0	0	0	7	373	0	190	0	0	0	0	0	0	0	0	48	0	66	0	0	0	83	153	0	0	0	17	0	6	24	0	36	88	17	0	0	89	4	0	0	52	0	0	168	0	47	174	39	36	1	34	3	1	141	0	0	5	99	0	0	52	59	0	0	427	0	0	0	42	0	32	0	0	0	0	0	0	31	0	0	72	0
2016_07_15___Hiseq_6_RDB106_CCTCGAAT	0	4	0	0	0	0	0	0	0	0	0	0	13	0	0	0	0	0	0	0	0	0	0	5	0	0	0	0	19	0	0	0	0	0	0	0	0	0	0	0	0	4	0	0	0	0	5	0	0	0	0	0	11	0	2	0	0	0	0	0	0	0	0	0	0	0	0	2	0	0	0	0	3202	0	0	0	2	16	0	0	0	0	3	0	0	7	0	0	88	0	0	0	0	3	0	0	0	3	0	11	0	0	0	0	2	0
2016_07_15___Hiseq_6_RDB111_ATGCGCTT	0	0	0	10	0	0	0	0	0	0	10	0	0	0	0	0	0	0	0	0	0	0	0	0	0	85	0	0	365	0	0	79	48	0	0	0	26	0	0	0	0	0	0	0	52	69	0	0	0	0	0	0	98	84	26	0	0	0	0	88	0	0	0	0	27	0	0	44	14	0	0	0	83	0	0	0	0	59	0	0	10	0	0	0	56	193	0	0	84	0	0	0	0	0	0	0	0	0	0	0	0	0	0	0	64	89
2016_07_15___Hiseq_6_RDB113_CGCGTATT	0	0	269	89	0	0	0	32	0	0	541	0	165	0	0	0	34	0	0	0	0	0	0	0	0	0	0	0	711	0	0	0	0	0	0	0	60	0	0	0	0	62	0	102	0	43	0	0	0	0	0	264	41	123	0	0	0	0	0	0	0	0	0	0	0	0	0	0	149	49	61	1691	1278	0	0	0	0	133	0	100	0	0	0	0	118	979	0	0	473	0	0	0	0	964	0	0	0	0	0	89	57	0	122	0	0	0
2016_07_15___Hiseq_6_RDB116_CTCTATCG	0	0	452	0	0	0	0	0	0	0	0	0	125	85	0	31	0	0	101	0	0	0	0	0	0	0	0	0	53	0	0	0	0	0	0	988	0	412	0	0	0	0	0	0	0	0	0	38	101	0	229	0	0	0	0	0	0	37	0	0	125	0	0	0	0	305	343	0	0	0	0	0	51	0	0	0	0	46	0	0	0	0	0	0	209	0	0	0	0	0	0	0	30	0	0	0	0	36	0	0	0	0	0	0	0	0
2016_07_15___Hiseq_6_RDB118_TCATCTCC	0	0	0	0	0	107	0	0	0	0	0	72	0	0	0	176	0	0	0	0	0	0	0	0	0	189	0	0	416	0	0	0	281	0	0	0	0	0	0	0	0	107	0	0	0	687	91	0	0	0	0	0	16	407	0	0	286	42	0	159	0	0	0	0	0	0	0	0	0	171	0	0	147	0	0	0	0	379	0	0	0	0	0	0	0	275	203	0	0	100	0	0	0	12	0	0	0	0	49	0	0	0	0	0	137	991
2016_07_15___Hiseq_6_RDB121_TGGTGAAG	0	0	0	74	0	0	0	0	0	0	0	0	0	0	0	0	0	0	44	0	176	0	0	0	0	0	0	0	0	0	0	0	0	0	127	0	0	0	0	0	0	0	0	0	0	0	0	0	0	0	0	0	93	0	0	0	0	0	0	39	0	0	0	0	0	0	0	63	0	0	53	0	0	0	0	0	0	0	135	0	0	0	0	0	109	55	0	0	95	0	0	0	0	0	0	0	0	0	0	0	0	0	0	0	0	0
2016_07_15___Hiseq_6_RDB123_ATGAGTGC	0	0	34	28	0	0	0	0	78	0	0	0	0	0	0	51	0	0	155	85	199	0	0	0	0	221	0	0	113	0	0	0	0	0	115	0	0	0	0	0	0	0	0	0	0	0	161	0	0	0	0	0	0	0	0	234	0	0	0	772	106	0	99	0	0	0	0	70	0	11	311	0	127	322	0	0	54	57	0	0	0	0	0	0	0	399	0	0	306	0	0	0	0	235	0	0	293	47	0	0	0	0	80	0	52	0
2016_07_15___Hiseq_6_RDB127_GAAGTGCT	0	0	0	50	0	0	0	0	0	0	0	0	0	31	0	0	0	33	0	0	0	0	0	0	0	0	0	0	266	0	0	0	0	0	82	0	0	0	0	0	0	0	0	0	0	0	0	0	0	0	85	0	0	0	59	0	0	0	0	0	0	0	115	0	26	0	0	0	0	0	0	11	0	0	0	0	0	707	0	0	0	0	0	0	87	0	0	0	0	0	0	0	0	107	0	0	0	0	0	108	0	0	0	0	0	12
2016_07_15___Hiseq_6_RDB13_ATCTGACC	0	0	0	0	0	0	0	0	0	0	126	0	0	0	0	0	355	0	0	0	14	0	0	0	0	0	0	0	144	0	0	0	19	73	0	0	0	0	0	0	0	0	0	106	35	0	0	154	0	0	0	0	682	0	0	0	0	0	0	43	0	0	0	0	277	0	0	292	0	0	760	0	328	0	0	0	0	254	0	0	0	0	0	0	40	0	0	0	472	0	0	0	0	0	0	0	0	0	0	0	0	0	0	0	0	0
2016_07_15___Hiseq_6_RDB131_AGCGAGAT	0	0	523	171	0	0	0	0	0	0	151	0	146	27	0	0	0	0	0	59	0	0	0	0	322	0	0	0	325	0	0	0	452	0	91	0	67	0	134	223	0	0	0	0	0	566	338	0	0	0	89	0	253	0	0	0	16	0	0	533	0	32	0	0	0	0	0	414	129	438	248	56	13	0	0	0	0	32	45	0	0	0	17	0	52	363	0	0	1620	0	0	0	0	387	0	0	0	0	0	0	0	0	0	0	170	381
2016_07_15___Hiseq_6_RDB134_CTCCTGAA	0	0	111	0	38	0	0	0	0	0	0	0	0	0	0	0	0	0	0	0	0	0	0	0	0	0	158	0	0	0	0	0	0	0	0	0	0	0	36	34	0	0	0	0	0	0	0	0	0	0	0	0	0	360	0	0	0	0	0	50	224	0	0	0	0	0	38	0	0	0	0	18	0	0	0	0	0	0	0	0	0	0	0	0	0	217	0	0	446	0	0	0	387	50	0	0	0	0	0	0	0	0	0	0	61	0
2016_07_15___Hiseq_6_RDB142_CACACATC	205	0	839	538	87	165	0	256	0	0	92	0	39	0	166	0	0	0	0	0	434	391	0	0	0	0	0	0	2706	0	0	152	919	301	0	0	88	0	0	173	0	452	470	66	0	0	0	13	0	202	111	0	0	404	375	347	182	137	0	0	0	0	0	0	529	0	0	608	89	149	616	245	132	61	0	28	0	2005	65	0	61	0	0	0	21	500	0	0	4821	0	0	36	133	48	0	380	0	0	0	0	0	0	28	0	609	74
2016_07_15___Hiseq_6_RDB145_GTCTGCAA	0	0	0	0	0	37	0	0	0	0	0	0	0	0	0	180	0	0	0	0	0	0	0	0	0	0	0	0	224	0	0	0	0	0	0	0	0	0	0	0	0	0	0	0	0	0	0	0	0	0	0	0	0	0	0	0	0	0	0	0	0	0	0	0	0	0	0	158	0	34	0	0	0	0	0	0	0	0	0	0	0	0	0	0	98	0	0	0	86	0	0	0	0	0	0	0	0	0	0	0	0	0	0	0	0	0
2016_07_15___Hiseq_6_RDB148_TCTAGTCC	0	0	0	0	0	0	0	0	0	0	35	0	0	0	0	0	118	0	0	0	0	0	0	0	0	0	0	0	329	0	0	198	41	0	0	0	0	40	421	0	0	0	0	135	0	21	0	0	0	0	13	113	0	0	14	157	87	29	0	0	0	0	0	0	99	0	0	276	0	0	0	0	59	77	0	0	26	159	0	0	0	0	0	0	16	0	0	0	48	0	0	0	0	0	0	0	0	0	0	0	0	0	0	0	0	91
2016_07_15___Hiseq_6_RDB15_CTCAGAAG	0	0	193	0	0	234	0	57	0	0	0	0	0	0	0	0	140	0	0	0	123	0	98	74	0	0	0	0	1239	0	0	0	0	0	302	0	0	0	0	25	0	221	0	0	0	0	0	0	0	0	0	0	145	139	0	297	23	81	0	138	0	30	204	0	42	64	0	210	34	0	0	9	120	0	0	0	0	293	0	0	0	0	109	0	111	82	0	0	604	0	0	0	0	0	0	0	0	0	0	0	0	0	0	0	113	0
2016_07_15___Hiseq_6_RDB150_AAGCTGGT	0	0	201	80	0	0	0	141	0	0	116	0	0	0	0	61	0	0	28	0	184	0	0	0	182	0	0	0	1103	0	0	229	940	0	0	0	0	0	0	137	0	275	210	0	0	82	0	0	0	153	0	0	0	0	0	188	24	0	0	0	0	0	0	36	197	0	0	101	180	104	182	77	67	0	0	0	22	1348	0	0	0	0	0	0	65	0	90	0	1091	0	0	0	0	0	0	0	0	0	0	0	0	0	268	0	197	276
2016_07_15___Hiseq_6_RDB17_ACTTGGCT	191	0	212	105	204	0	300	0	153	0	0	0	0	0	0	0	0	0	0	61	0	0	279	0	0	0	0	0	4136	0	0	0	100	0	761	0	0	0	0	388	0	31	0	0	0	0	0	0	0	0	0	0	0	295	144	291	12	0	0	0	0	422	0	0	618	0	0	445	488	563	449	558	851	0	0	0	0	424	200	66	0	0	0	0	0	816	0	0	1392	0	0	143	0	40	0	479	0	0	0	0	0	0	81	0	0	0
2016_07_15___Hiseq_6_RDB20_ACTCTCCA	376	0	0	181	0	5	0	242	249	0	0	0	0	5	0	0	0	0	0	0	408	129	0	0	537	0	0	0	854	0	0	0	401	569	0	0	0	0	0	250	0	12	436	0	0	0	0	0	0	210	0	0	0	34	77	190	62	258	0	0	78	243	0	0	616	0	0	0	0	989	0	0	0	29	0	0	0	441	0	313	0	0	0	5	69	15	5	0	2187	0	0	135	0	0	0	0	0	0	0	0	0	71	660	0	198	0
2016_07_15___Hiseq_6_RDB22_GGCTCAAT	0	0	30	0	0	308	0	0	0	0	221	0	0	0	0	0	0	0	0	0	0	0	89	0	143	0	164	0	229	0	128	0	898	0	0	0	0	0	0	163	0	121	47	0	0	0	0	0	0	47	130	0	0	537	0	0	480	152	0	0	0	50	0	0	0	0	0	0	0	0	208	20	0	0	0	0	0	358	0	0	0	14	0	0	252	0	0	0	729	0	0	0	0	0	80	0	99	0	0	0	0	0	0	0	85	0
2016_07_15___Hiseq_6_RDB25_CCTATTGG	1644	0	1534	690	0	487	0	870	0	0	51	0	0	0	2070	234	93	0	0	105	2322	471	0	0	0	0	344	0	9936	0	116	253	1883	2132	438	59	57	0	0	1128	0	1238	955	711	0	0	0	129	0	505	52	0	190	5222	687	926	376	86	0	0	144	0	34	494	1539	0	0	444	278	302	2265	547	844	0	0	0	0	3374	0	1593	153	0	0	0	22	1343	143	305	13733	0	73	23	195	359	0	518	0	0	22	350	55	198	236	27	1654	0
2016_07_15___Hiseq_6_RDB27_GAGTGTGT	0	193	0	0	0	145	0	0	42	0	0	0	0	0	0	0	0	0	483	0	525	16	0	0	411	0	0	0	5086	0	50	0	494	216	0	0	94	0	0	0	0	249	0	0	0	0	0	0	0	0	0	0	0	0	251	0	0	0	0	0	0	137	162	0	0	0	0	15	0	0	0	407	527	0	0	0	0	228	0	764	0	0	0	0	14	63	93	0	1333	0	0	0	0	0	0	0	0	0	0	0	0	0	0	0	0	0
2016_07_15___Hiseq_6_RDB29_GGATTCAC	86	0	0	20	0	0	0	0	319	0	0	0	0	112	0	0	0	0	0	0	0	0	0	0	668	0	0	0	6351	0	518	320	0	0	300	0	137	0	0	151	38	6	0	0	0	0	806	0	165	0	0	0	244	97	0	0	0	0	0	228	0	231	0	0	0	0	0	694	230	0	0	99	176	212	0	0	0	0	0	0	0	0	0	0	543	562	0	0	845	0	0	0	0	62	0	0	0	0	0	0	0	187	0	0	0	0
2016_07_15___Hiseq_6_RDB3_CGGAGTAT	0	24	19	257	0	0	132	240	191	0	0	0	0	0	0	0	0	0	0	0	0	0	0	0	0	0	0	0	634	0	0	0	0	0	156	0	0	0	0	696	0	0	0	240	0	0	0	0	0	0	0	860	0	1157	122	356	269	65	0	338	0	124	120	0	505	6	0	614	730	0	542	18	373	0	0	0	0	209	102	0	0	0	0	0	0	614	0	0	2146	0	0	137	0	204	36	154	0	0	0	0	39	0	77	0	280	0
2016_07_15___Hiseq_6_RDB310_ACTGCACT	0	0	56	0	0	0	214	0	0	0	16	0	0	0	0	42	0	0	77	0	0	0	0	0	30	0	0	0	176	0	0	0	0	0	0	0	0	0	0	91	0	0	0	0	0	0	62	0	0	0	0	0	0	0	0	0	0	0	0	0	0	0	0	0	11	0	0	223	0	0	0	0	80	0	0	0	0	0	0	0	60	0	0	0	0	229	0	0	71	0	0	0	0	0	0	0	0	0	0	0	0	0	0	0	30	0
2016_07_15___Hiseq_6_RDB312_AGACGCTA	0	0	107	0	0	0	0	0	0	0	22	0	0	0	0	47	0	0	0	0	0	0	0	0	0	0	0	0	1225	0	0	0	0	0	0	0	0	0	12	0	0	0	0	0	0	0	0	0	0	0	0	0	0	0	0	0	0	0	0	0	0	0	0	0	22	0	0	311	0	0	26	0	0	0	0	0	0	0	0	0	0	0	0	28	0	0	0	0	42	0	0	0	0	0	0	0	0	0	0	0	0	0	0	0	0	0
2016_07_15___Hiseq_6_RDB5_GAGTAGAG	544	0	233	260	0	0	0	392	0	0	257	0	0	0	0	0	0	0	0	0	880	0	0	0	0	0	0	0	2445	0	0	0	0	0	0	0	0	0	0	428	0	169	652	0	0	0	0	0	0	0	0	0	0	3260	237	1215	306	61	251	0	0	0	278	0	211	0	0	0	609	327	2968	0	266	0	80	0	0	3651	0	0	0	0	0	113	292	169	0	0	5323	0	0	0	0	0	0	1043	0	200	0	0	0	0	0	0	597	26
2016_07_15___Hiseq_6_RDB52_CATGTGTG	0	45	61	160	0	0	542	0	0	0	0	0	0	112	0	422	0	0	0	24	254	0	0	348	0	118	0	0	158	97	0	208	0	0	0	0	0	143	0	1138	0	336	169	238	0	0	387	0	0	68	0	54	0	40	0	1720	0	0	143	16966	0	0	1193	0	110	97	0	189	0	788	1873	0	20	588	0	0	47	421	0	0	0	236	58	0	49	177	0	0	2585	0	82	0	0	0	0	0	1813	0	0	0	0	0	0	0	3570	0
2016_07_15___Hiseq_6_RDB54_GGTTGGTA	0	0	0	23	0	0	0	0	0	276	0	0	0	0	0	0	366	231	0	0	0	0	0	0	0	0	0	0	147	0	0	0	0	0	658	0	0	312	0	0	0	0	0	0	0	0	0	0	0	120	0	0	0	0	0	0	0	84	0	96	0	295	0	0	0	0	0	202	0	327	0	0	151	120	0	0	0	175	0	0	0	188	0	0	0	273	0	0	406	0	0	0	1282	0	0	0	0	0	0	0	0	0	0	0	121	0
2016_07_15___Hiseq_6_RDB56_TGGTATCC	0	0	0	0	0	111	0	0	0	0	0	0	0	0	276	0	0	0	125	0	0	0	0	0	0	0	0	0	0	0	101	0	0	0	45	0	0	0	0	163	0	0	0	0	0	0	0	0	0	0	0	537	0	46	0	0	0	0	0	0	0	0	0	0	0	0	0	0	0	0	0	0	0	0	0	0	0	11	0	0	0	0	0	0	69	81	0	0	0	0	0	0	101	0	0	0	0	0	0	0	0	18	0	0	0	0
2016_07_15___Hiseq_6_RDB58_GATACCTG	0	0	0	21	0	0	0	70	12	0	0	0	0	0	0	0	0	0	0	0	0	0	0	0	0	0	0	0	164	0	109	0	0	0	0	0	0	0	0	70	0	0	0	0	0	0	0	0	0	0	0	0	113	137	0	0	0	0	80	501	0	344	0	0	17	0	0	0	0	0	0	0	0	289	0	0	0	265	0	0	0	0	0	0	202	582	0	0	827	0	61	0	0	906	0	0	0	82	0	0	0	0	34	54	0	214
2016_07_15___Hiseq_6_RDB60_GGCGAATA	0	89	591	142	200	37	0	0	0	77	61	0	0	0	0	0	0	0	0	18	200	0	0	0	214	0	0	41	861	0	359	390	66	0	288	191	70	245	0	165	32	589	0	51	552	46	212	0	0	0	0	0	3793	2702	108	196	0	0	0	0	0	86	0	0	503	0	57	274	0	522	844	203	1677	0	134	0	0	872	0	0	28	0	0	0	0	2423	0	0	3378	159	0	0	0	4482	0	0	137	0	0	2021	0	29	0	60	269	0
2016_07_15___Hiseq_6_RDB64_TTCCTCCT	0	0	0	0	0	0	35	0	0	0	0	0	0	0	0	0	0	0	35	0	0	0	0	8	0	0	0	0	54	0	5	0	0	0	0	11	2	0	0	0	0	0	0	0	0	0	0	0	0	0	5	0	42	0	0	0	0	0	0	50	0	61	0	0	4	0	0	0	0	52	11	16	92	0	0	0	0	37	0	0	0	31	0	0	12	0	0	0	52	0	0	0	15	70	0	0	0	2	0	0	0	0	0	0	17	0
2016_07_15___Hiseq_6_RDB66_GACACAGT	0	0	0	0	0	0	0	0	0	0	0	0	0	0	0	0	0	0	0	0	0	0	0	0	0	0	0	0	28	0	0	0	0	0	0	0	0	0	0	0	0	0	0	0	0	0	0	0	0	0	0	0	0	0	0	0	0	0	0	839	0	0	0	0	0	0	0	0	0	0	0	0	0	0	0	0	0	9	9	0	0	0	0	0	0	0	0	0	8	0	0	0	0	18	0	0	0	0	0	0	0	0	0	0	0	0
2016_07_15___Hiseq_6_RDB73_CTGGTCAT	0	0	247	0	0	91	0	368	145	818	47	0	271	395	0	19	0	0	0	0	151	0	0	224	0	51	0	0	2031	0	581	0	37	0	0	214	66	0	0	37	0	132	140	0	0	29	44	0	0	0	594	0	195	95	0	37	0	30	0	0	0	1099	83	0	143	0	167	479	56	0	112	187	1122	4188	0	0	0	1713	75	0	124	0	59	186	446	1956	0	0	1415	0	0	215	710	7325	0	0	0	167	145	0	16	15	0	0	295	265
2016_07_15___Hiseq_6_RDB76_TCACGATG	0	0	0	0	0	0	0	0	0	0	0	0	0	0	0	0	0	1	6	0	0	0	0	19	0	0	0	0	6	0	0	0	0	0	0	0	0	0	0	0	0	0	0	0	0	0	0	0	0	0	0	0	0	8	0	7	0	0	3	0	0	0	4	0	0	0	0	0	0	0	0	0	10	0	0	0	0	7	0	0	0	0	0	0	6	12	0	0	23	0	0	0	4	18	0	0	0	0	0	0	0	0	0	4	0	0
2016_07_15___Hiseq_6_RDB79_CTCAAGCT	0	0	57	0	0	0	107	16	0	125	0	0	0	0	0	0	0	0	0	0	0	0	0	0	0	0	0	53	0	0	0	0	0	0	0	130	0	0	0	0	0	0	0	0	0	0	64	0	0	0	0	0	0	0	0	0	0	0	0	0	0	256	0	0	0	0	0	90	0	0	0	0	26	0	0	0	0	0	0	0	0	0	0	0	0	0	0	0	0	0	0	0	0	0	0	0	368	0	0	795	0	0	0	0	0	0
2016_07_15___Hiseq_6_RDB8_TCTTACGG	1815	0	316	656	0	249	0	1088	27	0	610	0	0	0	0	0	0	0	0	0	871	0	0	0	0	0	0	0	3737	0	0	0	0	0	329	0	100	0	0	2158	0	731	474	421	0	0	0	0	0	0	0	0	0	7336	803	1311	821	288	0	99	0	0	93	83	1431	0	0	324	0	1635	2785	132	381	0	0	151	0	6658	0	0	0	0	0	0	0	1659	0	0	18002	0	71	0	0	0	0	740	0	0	0	0	112	0	1404	0	1360	0
2016_07_15___Hiseq_6_RDB82_GGTAACGT	0	0	120	0	0	0	0	0	0	88	0	0	0	0	0	0	58	0	0	0	0	0	0	0	0	0	0	0	292	0	0	0	0	0	219	0	0	0	0	0	0	0	0	0	0	0	0	0	0	0	0	0	0	0	0	0	0	0	0	0	0	327	0	0	0	0	0	75	230	0	26	0	0	0	0	0	0	0	0	0	0	0	0	0	357	194	0	0	425	0	0	0	0	0	0	0	0	167	0	0	0	0	0	0	82	0
2016_07_15___Hiseq_6_RDB84_TGACCGTT	0	0	234	12	76	0	0	0	41	127	0	0	0	0	0	0	0	0	0	0	0	0	0	0	0	0	0	0	233	0	0	250	77	0	0	0	0	0	0	0	0	0	129	0	202	0	0	0	0	0	134	0	297	454	42	107	0	0	0	0	25	119	0	0	29	0	0	740	0	0	88	0	303	159	0	0	0	57	26	0	99	0	0	0	48	639	0	0	429	0	0	0	510	0	0	0	0	0	0	0	0	0	0	192	34	108
2016_07_15___Hiseq_6_RDB88_AGATTGCG	0	0	57	12	16	0	0	0	21	671	0	0	0	0	82	0	28	0	0	7	0	0	0	566	0	0	0	30	922	0	0	0	0	0	0	0	0	0	0	0	0	54	0	0	0	52	0	0	0	0	0	0	191	0	0	0	20	31	0	57	0	878	0	0	0	0	0	249	0	0	4	14	97	0	0	0	0	325	0	0	0	0	0	0	30	731	0	0	798	0	0	0	0	106	0	0	0	0	0	0	0	65	12	0	0	0
2016_07_15___Hiseq_6_RDB93_TGTTCCGT	0	0	194	0	0	0	0	0	97	183	13	0	184	115	0	0	0	279	0	0	0	0	0	0	0	120	0	0	929	0	30	189	0	0	0	0	0	0	0	161	49	470	0	0	0	0	20	0	0	0	502	0	25	769	0	50	0	20	74	625	187	220	0	0	0	16	0	2409	70	0	22	104	100	0	0	0	0	234	0	0	0	0	0	0	0	631	0	0	2081	0	0	0	0	0	23	0	51	0	60	0	0	0	0	0	109	0
2016_07_15___Hiseq_6_RDB94_ATACTGGC	0	15	26	0	0	0	0	0	0	2475	0	0	0	0	0	0	0	0	0	0	0	0	27	0	0	0	0	0	2272	0	0	0	0	0	0	0	0	201	0	165	0	0	0	0	0	0	202	0	0	0	0	0	0	185	0	36	120	0	0	31	0	2742	0	0	94	0	0	451	60	0	0	0	270	0	0	0	0	104	0	0	18	106	0	45	0	263	0	0	166	0	0	0	152	371	0	0	0	0	0	127	0	0	0	0	0	0
2016_07_15___Hiseq_6_RDB97_GTAACCGA	0	0	0	0	0	0	0	0	73	0	0	0	0	0	0	0	0	0	0	0	0	0	0	0	0	0	0	0	90	0	0	0	0	0	0	0	0	0	0	0	0	0	0	0	0	0	0	0	0	0	0	0	0	0	0	0	0	0	0	31	61	24	7	0	0	0	0	0	0	0	0	0	22	0	0	0	0	0	0	0	0	0	0	0	0	0	0	0	0	0	0	0	0	0	0	0	0	0	0	0	0	0	0	0	0	0
2016_07_15___Hiseq_6_RDB99_GTTAAGCG	0	0	6	0	1	3	10	2	0	13	0	0	11	0	0	0	0	0	5	0	0	0	0	0	0	0	0	0	20	0	0	1	0	0	0	0	4	0	0	3	0	5	0	3	0	0	3	0	0	0	3	0	7	0	0	3	0	0	0	33	0	0	0	0	0	0	0	0	4	5	15	0	3	0	0	0	0	15	0	0	0	0	0	0	0	24	0	0	95	5	0	0	0	2	0	0	0	0	0	0	0	0	0	0	1	0
2016_10_13___Hiseq_7_RDB1_TTGGTGCA	0	0	0	98	0	0	0	0	148	0	0	0	0	0	0	0	0	0	229	0	0	85	0	0	0	0	0	0	727	0	0	0	0	0	181	41	0	0	0	57	0	0	0	0	0	0	0	0	0	0	0	0	0	0	0	0	0	0	0	0	0	0	0	0	0	0	0	22	0	0	0	0	99	0	0	0	0	0	0	0	17	0	1161	0	0	0	0	0	0	0	111	0	0	154	0	0	0	0	0	0	0	10	0	0	0	0
2016_10_13___Hiseq_7_RDB10_AGCCAACT	0	0	673	0	55	0	273	0	221	250	0	0	73	0	0	0	0	171	0	0	368	0	0	0	543	0	0	0	1526	0	0	189	58	0	0	0	0	120	0	0	0	0	0	0	0	0	0	0	45	0	0	0	0	344	0	0	0	48	0	0	317	0	0	0	102	0	0	209	0	0	256	129	201	0	0	0	0	153	0	28	0	206	0	0	0	637	0	105	1633	0	0	0	0	12	0	0	0	66	0	0	0	0	19	0	0	0
2016_10_13___Hiseq_7_RDB100_TAAGTGGC	0	0	9	0	0	0	0	0	0	0	0	0	0	0	0	0	0	0	3	0	0	0	0	0	3	0	0	0	34	0	0	17	0	0	0	0	0	0	3	3	0	0	0	0	0	0	0	0	5	0	0	2	3	3	0	0	0	0	0	0	0	0	3	0	0	3	0	0	0	0	0	0	0	0	0	0	0	3	0	0	0	0	0	0	0	0	0	0	9	0	0	0	0	0	0	0	0	9	0	0	0	0	0	0	0	0
2016_10_13___Hiseq_7_RDB102_TGCCTCAA	0	0	824	47	139	181	0	0	0	0	13	0	0	383	0	0	0	0	0	133	0	0	0	0	0	56	0	37	1419	0	0	0	24	0	0	0	0	0	0	125	0	0	0	56	0	0	0	52	110	0	25	0	372	0	0	0	0	56	0	0	135	0	0	0	18	0	0	81	0	0	79	174	112	44	0	0	0	559	96	0	0	0	0	0	0	47	0	0	629	0	101	0	0	0	0	0	0	51	0	0	0	0	0	145	174	62
2016_10_13___Hiseq_7_RDB105_CCGTTATG	0	0	0	0	0	0	0	0	0	0	42	0	0	0	0	0	215	0	0	0	103	0	0	0	40	0	0	0	1071	0	0	0	0	0	0	0	0	0	0	0	0	0	0	0	0	0	0	0	0	0	0	0	97	85	0	0	0	25	68	60	0	0	0	0	50	0	0	0	73	0	0	0	0	0	0	0	0	126	0	0	0	0	0	0	0	0	0	37	0	112	0	0	0	0	0	0	0	0	0	0	23	0	0	0	45	0
2016_10_13___Hiseq_7_RDB109_GGTGATGA	0	0	186	0	136	58	0	0	0	0	0	0	0	87	0	0	0	0	26	0	0	90	0	0	23	0	0	0	994	0	0	516	0	0	0	0	0	179	20	80	0	0	0	0	95	0	0	0	0	0	0	0	97	0	0	0	0	32	116	0	0	0	0	0	43	0	16	27	0	67	129	82	0	0	0	0	0	109	0	0	0	0	0	0	0	149	0	0	217	0	0	0	0	0	0	0	0	0	0	0	0	0	0	0	100	0
2016_10_13___Hiseq_7_RDB112_CGAGAGAA	0	0	66	0	0	0	0	0	0	0	0	0	55	0	0	0	0	0	431	0	0	0	0	0	0	0	0	0	93	0	0	0	0	0	0	0	0	0	50	0	0	0	0	0	0	0	0	0	0	0	0	0	0	0	0	0	0	0	0	276	0	0	0	0	0	0	0	0	155	0	0	0	0	0	0	108	0	33	0	0	0	0	0	0	69	121	0	0	20	0	0	0	0	0	0	0	0	0	0	0	0	0	0	0	68	0
2016_10_13___Hiseq_7_RDB113_CGCGTATT	0	7	978	39	25	76	0	4	0	0	17	0	96	64	73	9	74	0	0	15	75	0	0	0	42	0	0	4	2206	10	5	272	0	0	22	16	133	0	0	8	0	49	0	0	0	0	75	8	0	0	51	120	116	95	34	117	19	4	0	0	87	15	0	0	85	0	0	523	72	36	150	52	103	0	0	0	0	241	85	0	38	72	0	18	57	754	0	0	680	76	11	0	84	0	0	0	144	0	0	12	0	0	0	37	46	0
2016_10_13___Hiseq_7_RDB115_CTAGGTTG	0	0	0	32	0	0	0	0	0	0	0	0	0	0	0	195	0	0	0	0	0	0	0	0	0	0	0	0	91	0	0	0	0	0	0	0	0	0	0	0	0	0	0	0	0	0	0	0	0	0	0	0	0	0	0	0	0	0	0	0	0	0	0	0	0	0	0	0	0	0	0	0	0	0	0	0	0	0	0	0	0	0	0	0	0	0	0	0	0	0	0	0	0	0	0	0	0	0	0	0	0	0	0	0	0	0
2016_10_13___Hiseq_7_RDB119_TGACAACC	0	59	71	0	28	0	0	0	0	0	0	0	0	0	0	134	0	0	0	0	0	0	0	0	388	0	0	0	140	0	0	44	0	0	150	0	69	162	0	59	0	115	0	0	0	0	0	0	0	0	18	0	0	0	0	99	0	0	0	0	0	0	0	0	0	0	54	242	0	0	0	0	86	136	0	0	0	0	0	0	0	0	0	0	64	0	0	0	0	0	0	0	0	204	0	0	0	0	0	0	0	0	0	0	0	0
2016_10_13___Hiseq_7_RDB12_ATCCACGA	0	5	112	30	5	30	0	0	0	11	37	0	75	2	9	5	0	134	5	0	0	0	0	0	62	27	0	4	714	0	0	65	0	0	47	10	21	0	0	7	0	0	0	0	2	0	54	0	0	0	0	19	49	0	19	0	3	12	0	10	67	0	0	4	53	0	0	3	69	0	37	38	44	0	39	0	69	27	100	152	0	7	25	13	4	181	0	0	230	0	0	0	0	12	0	0	0	0	0	0	12	0	0	5	32	36
2016_10_13___Hiseq_7_RDB13_ATCTGACC	0	0	43	0	0	0	0	0	0	0	0	0	0	0	0	0	0	0	180	0	0	0	0	0	63	0	0	0	0	0	0	0	0	0	181	0	0	0	0	0	0	0	0	0	0	0	0	0	0	0	0	0	0	0	0	0	0	0	0	0	91	0	0	0	0	0	0	0	0	0	0	0	0	0	0	0	0	0	0	0	0	0	0	0	477	0	0	0	821	0	0	0	0	0	0	0	0	0	0	0	0	0	0	0	0	0
2016_10_13___Hiseq_7_RDB17_ACTTGGCT	0	0	141	0	0	0	150	0	0	0	0	0	0	0	0	0	0	0	0	0	0	0	0	0	655	0	0	0	191	0	0	0	0	0	0	98	0	0	0	0	0	0	0	0	0	0	219	0	0	0	0	0	0	0	0	0	0	0	0	0	0	0	0	0	0	0	0	0	0	0	0	226	306	0	0	0	0	0	0	0	212	0	0	99	154	62	0	0	274	0	0	0	36	0	0	0	0	0	0	0	0	0	0	0	0	0
2016_10_13___Hiseq_7_RDB20_ACTCTCCA	0	0	0	0	0	46	141	0	0	0	0	0	0	0	0	39	0	167	0	0	0	0	0	0	0	0	0	0	230	0	0	0	0	0	0	0	0	0	0	0	0	0	0	0	0	0	0	0	0	0	0	0	0	0	0	0	0	0	213	0	0	0	0	0	0	0	0	0	0	0	0	0	0	0	0	554	0	0	0	0	0	0	0	0	583	0	0	0	113	0	0	0	0	84	0	0	0	0	0	228	0	0	0	0	0	0
2016_10_13___Hiseq_7_RDB23_TATGCGGT	0	0	52	0	0	0	0	0	0	0	0	0	0	0	0	0	0	0	0	0	0	0	0	0	0	0	0	0	27	0	0	0	0	0	0	0	0	0	0	0	0	0	0	0	0	0	0	0	0	0	0	0	0	0	0	0	0	0	0	0	0	13	0	0	113	0	0	0	0	0	0	0	0	0	0	0	0	40	0	0	0	0	0	0	93	566	0	0	64	0	0	0	0	191	0	0	0	0	0	0	0	0	0	0	0	0
2016_10_13___Hiseq_7_RDB25_CCTATTGG	0	0	264	0	106	0	109	0	0	0	147	0	0	0	0	0	0	73	0	0	0	0	0	0	0	0	0	0	240	0	0	99	0	0	0	0	0	0	0	0	0	0	0	0	0	0	0	0	0	0	0	0	0	0	0	0	0	96	44	0	0	0	0	0	0	0	0	0	0	0	0	0	111	18	0	0	0	81	0	0	0	0	99	0	74	331	0	0	0	0	0	0	0	0	0	0	0	0	0	0	0	0	128	0	0	0
2016_10_13___Hiseq_7_RDB3_CGGAGTAT	0	0	0	0	0	0	0	0	0	0	0	0	0	0	0	0	0	0	95	0	0	0	0	0	0	0	0	0	0	0	0	0	0	0	80	0	0	0	0	0	0	0	0	0	0	0	0	0	0	0	0	0	0	0	0	0	0	0	0	0	0	0	0	0	0	0	0	0	0	0	0	0	0	0	0	0	0	0	80	0	0	0	0	0	39	0	0	0	0	0	0	0	0	0	0	0	0	0	0	0	0	0	0	0	0	0
2016_10_13___Hiseq_7_RDB31_TACGGTCT	0	69	0	0	0	0	0	0	0	0	0	0	128	0	0	0	0	12	151	44	0	0	0	0	0	0	0	0	39	0	0	0	0	0	0	0	0	332	0	0	0	0	0	0	0	0	0	0	0	0	0	0	110	0	0	0	0	43	0	0	0	0	0	0	0	0	0	0	0	0	0	181	70	0	0	0	0	0	0	0	0	0	0	0	31	65	0	0	39	67	0	0	0	105	0	0	0	0	0	0	0	0	0	0	0	0
2016_10_13___Hiseq_7_RDB36_TAACGTCG	0	0	713	26	0	0	0	0	0	0	98	66	0	77	0	0	0	0	0	0	49	0	0	0	0	298	20	0	1215	0	0	154	221	0	0	0	0	0	0	0	0	0	0	0	0	0	0	0	0	0	0	0	22	18	0	0	21	49	0	40	0	0	49	0	40	0	0	0	0	0	0	51	632	0	0	0	0	180	0	0	66	0	0	0	0	1228	0	104	163	0	0	0	0	0	14	0	15	0	0	0	0	0	0	0	0	0
2016_10_13___Hiseq_7_RDB38_TATGACCG	0	32	186	0	0	0	196	0	0	0	0	0	0	0	0	0	0	0	0	0	0	0	0	0	0	0	80	0	490	0	0	0	0	0	0	0	0	0	0	0	28	0	0	0	0	0	0	0	0	458	0	92	0	0	0	0	0	0	0	64	0	0	0	0	31	0	0	0	0	0	161	52	102	0	0	0	0	37	0	0	0	0	0	0	38	0	0	0	227	0	0	0	0	0	0	0	0	0	0	0	0	0	0	0	0	0
2016_10_13___Hiseq_7_RDB41_GAAGACTG	0	0	0	0	0	0	0	0	0	0	0	0	0	0	0	0	0	0	0	0	0	0	0	0	0	0	0	0	0	0	0	0	0	0	0	0	0	0	0	0	0	0	0	92	0	0	0	0	0	0	0	0	0	0	0	0	0	0	0	0	0	0	0	0	76	0	0	0	0	0	0	0	0	0	0	0	0	0	0	0	0	0	0	0	97	100	0	0	0	0	0	0	0	0	0	0	0	0	0	0	0	0	0	0	0	0
2016_10_13___Hiseq_7_RDB42_GGAAGAGA	0	0	0	0	71	0	0	0	0	0	77	0	0	0	0	19	0	0	0	0	0	0	0	0	0	0	0	0	148	0	0	0	0	0	0	0	0	0	0	0	0	0	0	0	0	0	0	0	0	0	0	0	0	0	0	0	0	65	0	0	0	0	0	0	0	0	0	0	0	0	0	0	0	0	0	0	0	0	0	0	0	0	0	0	240	0	0	0	0	0	0	0	0	0	0	0	0	0	0	0	0	0	0	0	162	0
2016_10_13___Hiseq_7_RDB46_GATCTTGC	0	0	682	0	0	43	81	0	0	0	0	0	0	0	0	0	0	0	0	0	0	0	0	0	0	0	0	0	483	0	0	0	0	0	0	0	0	0	0	0	0	46	0	0	0	0	0	0	0	92	0	0	0	291	0	0	0	0	0	0	136	0	0	0	0	0	0	0	0	0	113	0	84	0	0	0	0	41	0	0	102	0	0	54	115	2407	0	0	138	0	0	0	0	0	42	25	0	0	0	0	0	0	0	0	0	0
2016_10_13___Hiseq_7_RDB49_AGAGGATG	0	0	0	0	0	0	0	0	0	0	0	0	0	0	0	0	0	0	0	0	0	0	0	0	0	0	0	0	0	0	0	0	0	0	0	0	0	0	0	0	0	0	0	0	0	0	0	0	0	0	0	0	0	48	0	0	0	0	0	0	0	0	0	0	0	0	0	0	0	0	0	0	0	0	0	0	0	0	0	0	0	0	0	0	86	0	0	0	0	60	0	0	0	0	0	46	0	0	0	0	0	0	0	0	0	0
2016_10_13___Hiseq_7_RDB52_CATGTGTG	0	35	30	0	0	0	0	0	0	0	74	0	0	0	0	0	0	0	0	0	0	0	0	0	282	0	0	0	62	0	0	0	0	0	0	0	0	0	0	0	0	0	0	0	0	0	0	0	0	0	0	0	0	0	0	0	0	41	0	163	0	0	0	0	0	0	0	86	0	0	0	0	0	13	0	0	0	0	0	0	35	0	0	0	225	0	0	0	339	0	0	0	0	0	0	0	0	0	0	0	0	0	0	0	0	0
2016_10_13___Hiseq_7_RDB54_GGTTGGTA	0	0	35	0	0	0	0	0	0	0	0	0	0	0	0	0	0	0	0	0	0	0	0	0	0	0	0	0	0	0	0	0	0	0	0	0	0	0	0	0	0	0	0	0	0	0	0	0	0	0	286	0	0	0	0	0	0	0	0	0	0	0	0	0	0	0	0	0	0	0	0	0	0	0	0	0	0	0	0	0	0	0	0	0	0	0	0	0	0	0	0	0	0	0	0	0	0	0	0	0	0	0	0	0	0	0
2016_10_13___Hiseq_7_RDB56_TGGTATCC	0	0	0	0	0	0	0	0	0	0	0	0	0	0	0	0	0	0	0	0	0	0	0	0	0	0	0	0	18	0	0	0	0	0	98	0	0	0	0	0	0	0	0	0	0	0	0	0	0	0	0	0	0	0	0	0	0	0	0	0	0	0	0	0	0	0	0	12	0	0	0	0	0	45	0	0	0	0	0	0	0	0	0	0	0	0	0	0	0	0	0	0	0	0	0	0	0	0	0	0	0	0	0	0	0	0
2016_10_13___Hiseq_7_RDB60_GGCGAATA	0	0	310	68	0	0	0	0	222	0	626	0	0	475	0	0	0	0	0	16	343	0	0	0	0	0	0	0	2308	0	0	0	0	0	0	0	215	0	0	0	0	0	0	0	0	0	0	0	0	0	0	138	0	0	0	272	0	120	0	0	46	0	0	0	37	0	0	0	191	0	163	720	53	0	0	0	0	0	0	0	0	0	0	0	0	460	0	0	360	0	0	0	0	0	0	0	0	0	0	0	0	0	0	0	0	0
2016_10_13___Hiseq_7_RDB63_TCCGATCA	0	12	17	0	26	0	0	0	59	0	448	0	0	583	0	0	0	47	0	0	0	0	0	0	101	0	0	0	463	0	0	0	0	0	0	0	0	0	0	0	0	0	0	0	0	0	0	0	0	0	0	0	0	0	0	116	0	0	0	0	0	0	0	0	84	0	0	0	635	0	0	94	22	0	0	0	0	44	0	0	0	0	0	52	0	389	0	0	426	0	0	0	93	0	0	0	0	0	0	0	0	0	0	0	0	0
2016_10_13___Hiseq_7_RDB64_TTCCTCCT	0	0	0	0	0	0	0	0	0	0	0	0	0	0	0	0	0	0	0	0	0	0	0	0	0	0	0	0	0	0	0	0	62	0	0	0	0	0	0	0	0	0	0	0	0	0	0	0	0	0	0	0	0	0	0	0	0	0	0	0	79	0	0	0	0	0	0	131	0	0	0	0	0	0	0	0	0	0	60	0	0	0	0	0	0	0	0	0	0	0	0	0	0	0	0	79	0	0	0	0	0	0	0	0	0	0
2016_10_13___Hiseq_7_RDB68_TGGATGGT	0	0	0	12	112	0	0	0	0	0	0	0	0	424	0	27	0	0	0	168	0	0	0	0	119	0	0	0	329	0	0	0	0	0	224	0	0	0	0	0	0	0	0	0	0	0	0	0	0	0	0	0	0	0	0	0	0	0	0	0	0	0	0	0	38	0	0	41	76	0	68	0	201	0	0	0	0	41	0	0	0	0	0	0	0	317	0	0	80	0	0	74	0	0	0	0	0	0	0	0	0	0	0	0	0	0
2016_10_13___Hiseq_7_RDB7_TCTTACGG	0	0	0	0	0	0	0	0	0	0	27	0	0	0	0	28	0	0	0	0	0	0	0	0	0	0	0	0	100	0	0	0	0	0	0	0	0	0	0	0	0	0	0	0	0	0	0	0	0	0	0	0	0	0	0	0	0	0	0	0	36	0	0	0	0	0	0	0	0	0	87	51	0	13	0	0	0	0	0	0	0	0	0	0	0	0	0	0	153	0	0	0	0	0	0	0	0	0	0	0	0	144	0	0	0	0
2016_10_13___Hiseq_7_RDB70_AGACATGC	0	0	0	0	0	0	0	0	0	70	0	0	0	52	0	0	0	0	0	0	0	0	0	0	0	0	0	0	79	0	0	0	187	0	0	0	0	0	0	0	0	0	0	0	0	0	0	0	0	0	0	0	168	0	0	0	0	0	0	0	0	0	0	0	0	0	0	0	0	0	0	0	0	0	0	0	0	0	0	0	0	0	0	44	0	0	0	0	0	0	0	0	0	0	0	0	0	0	72	0	0	0	0	0	46	0
2016_10_13___Hiseq_7_RDB73_CTGGTCAT	0	0	0	13	0	0	0	0	0	0	37	30	0	46	0	0	0	0	0	0	0	0	28	0	0	0	0	0	233	0	0	0	0	0	68	52	0	0	0	90	0	0	0	0	0	0	0	0	0	0	0	0	0	0	0	0	0	76	0	52	0	0	0	0	0	0	0	0	25	0	13	0	0	0	0	0	0	0	0	0	0	0	0	39	0	239	0	0	0	0	0	0	0	40	0	0	0	0	0	0	0	0	0	0	0	0
2016_10_13___Hiseq_7_RDB75_GGTTAGCT	0	0	32	0	0	6	0	0	0	0	4	0	0	59	0	0	9	0	0	0	0	0	0	0	0	0	0	0	156	0	0	0	51	0	0	0	0	0	0	0	0	0	0	0	0	0	0	0	0	0	0	0	31	0	0	2	0	0	0	11	7	0	0	0	0	0	0	2	7	0	0	0	44	0	0	0	0	7	0	0	3	0	0	0	3	15	2	0	70	0	0	0	0	4	0	0	0	0	0	6	2	0	0	0	2	0
2016_10_13___Hiseq_7_RDB78_TGATCACG	0	0	39	0	0	0	0	0	0	0	0	0	0	0	0	0	0	0	0	0	0	0	0	0	0	0	0	0	0	233	0	0	0	0	0	0	0	0	0	0	0	0	0	0	0	0	0	0	0	0	0	0	0	0	0	0	0	0	29	0	0	0	0	0	0	0	0	0	0	0	0	0	0	0	0	0	0	0	0	0	0	0	0	0	78	0	0	0	0	0	0	0	0	0	0	0	0	0	0	0	0	0	0	0	0	0
2016_10_13___Hiseq_7_RDB81_GAACGGTT	0	0	0	0	0	0	0	0	0	0	0	0	0	0	0	199	0	88	0	0	0	0	0	0	0	0	0	0	97	0	0	0	0	0	210	0	94	0	0	0	0	0	0	0	0	0	0	0	0	0	0	0	0	0	0	0	0	0	0	0	0	0	0	0	32	0	0	0	0	0	170	0	0	0	24	0	0	0	0	0	0	0	122	0	577	22	0	0	17	0	0	0	0	0	0	0	0	0	42	0	0	0	0	0	0	0
2016_10_13___Hiseq_7_RDB86_AAGTCCTC	0	0	0	0	0	0	0	0	0	0	0	0	0	0	0	0	0	0	0	0	0	0	136	0	0	0	0	0	13	0	0	0	0	0	0	0	0	0	0	0	0	0	0	0	0	0	68	0	0	0	0	0	0	0	0	0	0	0	0	0	23	0	0	0	0	0	0	0	0	0	150	0	34	0	0	0	0	0	0	0	0	0	0	0	0	319	0	0	120	0	0	0	0	0	0	0	0	0	0	0	0	0	0	0	69	0
2016_10_13___Hiseq_7_RDB89_CACGATTC	0	28	131	0	0	0	0	0	0	75	0	0	0	0	0	29	0	0	72	45	0	0	0	0	0	0	0	0	368	0	0	51	0	0	0	0	0	0	0	0	98	0	0	0	146	0	196	0	0	0	0	0	14	0	0	0	0	0	0	0	0	0	0	0	43	0	0	0	0	0	0	104	0	0	0	0	0	13	0	0	0	0	0	0	0	0	0	67	390	0	0	0	0	0	0	0	0	0	0	0	0	14	0	0	0	32
2016_10_13___Hiseq_7_RDB93_TGTTCCGT	0	0	175	0	0	0	0	0	0	0	0	0	0	0	0	0	0	63	0	0	0	0	156	0	174	0	0	0	0	0	0	108	0	0	0	0	0	0	0	0	0	0	0	0	0	0	0	0	0	0	0	0	0	0	0	0	0	0	0	0	0	0	0	0	0	0	0	0	0	0	0	0	0	0	0	0	0	0	0	0	0	0	0	0	385	88	0	0	158	0	0	0	0	0	0	0	0	0	0	0	0	0	0	0	0	0
2016_10_13___Hiseq_7_RDB94_ATACTGGC	0	0	244	0	0	0	88	0	0	0	0	0	0	0	0	0	0	0	0	0	0	0	0	0	0	0	0	0	990	0	0	524	0	0	92	0	0	0	0	0	0	0	0	0	0	0	0	0	0	0	0	0	56	0	0	0	0	0	0	0	0	0	0	0	0	99	0	0	0	0	0	0	0	0	26	0	0	0	0	0	0	0	0	0	0	184	0	0	98	0	0	0	0	0	0	0	0	0	0	0	0	0	0	0	0	0
2016_10_13___Hiseq_7_RDB96_GGTGTACA	0	0	95	0	0	82	0	0	42	0	32	0	0	30	0	20	0	0	0	0	0	0	8	0	0	0	0	0	1533	0	0	55	115	0	208	0	8	60	0	0	0	0	11	0	0	0	0	0	0	0	59	0	0	0	0	0	0	0	0	0	83	13	0	0	0	112	0	48	269	0	0	0	208	0	223	0	0	101	86	0	72	0	0	78	31	205	34	0	166	0	0	42	0	0	0	0	0	0	0	0	0	0	0	0	0	0
2016_11_30___Hiseq_8_RDB11_TTCGAAGC	0	0	0	0	0	0	0	0	34	0	0	0	0	0	0	0	0	0	0	0	0	0	0	0	0	0	0	0	133	0	0	0	0	0	0	0	0	0	0	0	0	0	0	0	0	0	0	0	0	0	0	0	0	0	5	0	6	65	0	0	0	0	0	0	0	0	0	0	0	0	0	0	0	0	0	0	0	0	0	9	0	0	0	29	62	27	0	0	0	0	0	0	0	0	0	0	0	0	0	0	0	0	0	0	0	0
2016_11_30___Hiseq_8_RDB15_CTCAGAAG	0	0	54	0	0	0	0	0	34	0	0	122	0	64	67	0	0	0	0	0	0	0	0	0	0	73	0	53	486	0	29	0	45	84	0	0	0	140	0	0	0	0	0	0	0	0	0	0	0	0	70	0	0	0	0	0	0	0	0	0	0	0	0	0	0	0	0	0	0	0	0	0	0	44	0	0	0	108	0	0	0	0	0	0	107	0	0	0	74	0	0	0	0	0	0	0	0	0	0	0	0	0	0	0	0	0
2016_11_30___Hiseq_8_RDB17_ACTTGGCT	0	0	305	16	0	0	54	0	0	0	0	0	0	0	0	0	0	0	0	0	0	0	0	0	0	0	0	0	18	0	0	0	0	0	72	0	0	0	0	0	0	0	0	0	0	0	0	0	0	0	0	0	0	0	0	0	0	0	0	0	0	0	0	0	46	0	0	0	0	0	48	158	0	0	0	0	0	0	0	0	0	0	0	0	90	0	0	0	0	0	0	0	0	0	0	0	0	0	0	0	0	0	0	0	0	0
2016_11_30___Hiseq_8_RDB19_AACACCAC	0	0	31	0	0	126	0	0	0	0	0	0	0	436	0	0	0	0	0	0	0	0	0	0	0	0	0	0	80	0	0	0	0	0	0	0	0	0	0	0	0	0	0	0	0	0	0	0	0	0	0	559	0	0	902	0	0	0	0	0	82	0	0	0	0	0	0	31	0	0	0	0	0	0	0	0	0	0	0	0	0	0	0	0	0	70	0	0	0	0	0	0	0	9	0	0	0	0	0	0	0	0	0	0	0	0
2016_11_30___Hiseq_8_RDB2_ACAAGCTC	0	0	0	13	0	0	0	0	0	0	0	0	0	0	0	147	0	33	48	0	0	0	0	0	0	0	0	0	0	149	0	0	0	0	0	0	0	0	0	0	0	0	0	0	8	193	0	0	0	0	0	0	0	0	0	0	24	0	0	0	0	13	0	0	0	0	0	92	0	0	0	0	0	0	0	0	0	0	0	0	0	0	0	0	64	9	0	0	154	0	0	0	0	0	0	0	0	93	0	0	244	0	0	0	0	0
2016_11_30___Hiseq_8_RDB24_TGCGATAG	0	0	0	0	0	14	0	0	4	0	0	0	0	0	0	0	0	0	0	0	0	0	0	0	0	0	0	0	83	4	0	0	0	0	0	0	0	0	0	0	0	0	0	0	0	139	0	0	0	0	22	0	0	0	0	0	0	0	0	0	0	0	0	0	0	0	0	0	0	0	0	0	1839	0	0	0	0	0	0	0	0	0	0	0	0	0	0	0	0	0	0	0	0	0	0	0	0	0	0	0	0	0	0	0	0	0
2016_11_30___Hiseq_8_RDB265_TAGTGGTG	0	0	84	0	26	0	0	0	0	0	0	0	0	0	0	0	0	283	0	0	0	0	0	0	0	19	0	0	0	0	0	0	0	17	0	0	0	0	0	0	27	0	58	0	0	0	18	0	0	0	0	0	0	0	0	28	0	0	0	0	0	0	0	0	0	0	0	0	0	0	0	0	59845	0	0	0	0	0	0	0	0	0	0	0	72	0	0	0	0	0	0	0	0	0	0	0	0	0	0	52	0	0	0	0	0	0
2016_11_30___Hiseq_8_RDB50_GTCGTTAC	0	0	0	0	0	0	0	0	0	0	0	0	0	0	0	0	0	102	0	0	0	0	0	0	0	0	0	0	0	0	0	0	0	0	5	0	0	0	0	0	0	0	0	0	0	0	0	0	0	0	0	0	0	0	0	0	0	0	0	0	0	0	0	0	0	0	0	0	0	0	0	0	19	0	0	0	0	0	0	0	0	0	0	0	0	0	0	0	0	0	0	0	0	0	0	0	0	0	0	0	0	0	0	0	0	0
2016_11_30___Hiseq_8_RDB55_GTATTCCG	0	0	30	0	0	0	0	0	0	0	0	0	0	146	0	0	0	0	0	0	69	0	0	0	0	0	0	0	100	0	0	0	0	0	12	0	0	0	0	0	0	0	0	0	0	0	0	0	0	0	0	0	0	0	0	0	0	0	0	17	0	0	0	0	0	0	0	92	0	0	0	0	2685	0	0	0	0	0	0	0	0	0	0	0	24	0	76	0	94	0	0	0	0	0	0	0	0	0	0	0	12	0	0	0	0	0
2016_11_30___Hiseq_8_RDB56_TGGTATCC	0	0	15	0	0	0	7	0	0	0	0	0	0	0	0	0	23	0	12	0	0	0	0	0	0	0	0	0	0	47	0	0	0	42	0	18	0	0	0	0	9	0	0	0	8	0	0	0	0	0	0	0	0	0	0	0	0	0	0	0	0	0	7	0	0	0	0	8	0	0	0	8	55155	0	0	0	11	0	0	0	0	0	0	0	7	0	0	0	0	0	0	0	0	0	0	0	0	0	0	0	0	0	0	0	0	0
2016_11_30___Hiseq_8_RDB6_AACCTACG	0	0	0	14	0	131	0	0	0	0	0	0	0	0	0	86	0	38	0	0	0	0	0	0	0	19	0	0	159	0	115	0	0	0	0	47	0	0	0	0	0	0	0	0	0	0	108	0	0	0	0	50	0	0	0	26	0	0	0	0	0	0	0	0	0	0	0	176	34	0	0	0	0	0	0	0	0	33	0	0	88	0	0	0	393	0	0	0	130	0	0	0	0	65	0	0	0	0	0	0	0	0	0	0	0	0
2016_11_30___Hiseq_8_RDB60_GGCGAATA	0	0	0	0	0	0	0	0	0	0	0	0	0	0	0	0	0	227	0	0	0	0	0	0	0	0	0	0	32	0	0	0	0	0	0	0	0	0	0	0	0	0	0	0	0	0	0	0	0	0	0	0	0	12	0	0	0	0	0	0	0	0	0	0	0	0	0	0	0	0	0	0	63406	0	0	0	0	0	0	0	0	0	0	25	8	0	0	0	0	0	0	0	0	0	0	0	0	0	0	0	0	0	0	0	0	0
2016_11_30___Hiseq_8_RDB66_GACACAGT	0	0	24	0	0	0	9	0	0	0	0	0	0	0	0	0	0	188	0	0	0	0	0	0	0	0	0	0	63	3	0	0	0	0	0	0	0	0	0	0	0	0	0	0	11	48	0	0	0	0	0	0	72	0	0	0	0	0	7	0	7	14	0	0	0	0	11	13	0	0	0	0	151	0	0	0	0	9	0	0	0	0	0	0	19	16	13	0	29	0	0	9	0	1	0	0	0	0	0	0	0	0	0	0	0	0
2016_11_30___Hiseq_8_RDB67_TACATCGG	0	0	140	0	0	0	260	0	0	0	0	0	0	163	0	0	9	0	0	0	0	0	0	0	0	0	0	32	8	162	0	0	0	0	0	0	0	0	0	0	0	0	0	105	0	0	0	0	0	0	0	0	0	0	0	355	0	0	43	68	182	0	0	0	167	0	0	0	0	0	278	0	16	0	0	0	0	0	0	0	0	22	0	0	92	0	0	0	122	46	0	0	0	0	0	0	0	64	0	0	0	0	148	0	0	0
2016_11_30___Hiseq_8_RDB68_TGGATGGT	0	0	219	45	0	0	103	0	0	0	0	0	48	0	0	0	0	36	58	0	0	0	0	0	0	0	0	0	0	0	0	0	0	0	0	0	0	0	0	0	0	56	0	0	0	0	0	0	0	0	0	0	0	0	0	0	0	48	0	0	0	0	0	0	0	0	0	0	0	0	6	0	28	0	0	0	0	0	0	0	154	0	0	0	90	112	0	0	89	0	0	0	0	0	0	0	0	0	0	0	0	0	0	0	158	0
2016_11_30___Hiseq_8_RDB69_TTGCTTGG	0	0	0	0	0	0	0	0	0	0	0	0	0	0	0	0	0	512	0	0	0	0	0	0	0	0	0	0	0	0	0	0	0	0	0	0	0	0	0	0	0	0	0	0	0	0	0	0	0	0	0	0	0	0	0	0	0	0	0	0	0	0	0	0	0	0	0	0	0	0	0	0	25430	0	0	0	7	0	0	0	0	0	0	0	0	0	0	0	0	0	0	0	0	0	0	0	0	0	0	0	0	0	0	0	0	0
2016_11_30___Hiseq_8_RDB79_CTCAAGCT	0	0	0	103	0	0	0	0	0	0	0	0	0	0	0	0	0	0	0	0	0	0	0	0	0	0	0	0	1615	0	0	0	0	0	0	0	0	0	0	112	0	0	0	0	0	0	0	0	165	0	0	0	129	0	0	41	0	0	0	0	0	0	0	0	0	0	0	0	0	0	0	0	162	0	0	0	0	87	0	0	0	0	0	0	30	0	0	0	147	0	0	0	0	0	0	0	0	0	79	0	0	0	0	0	0	0
2016_11_30___Hiseq_8_RDB8_GGCATTCT	0	0	0	0	0	0	19	0	0	0	0	0	0	0	0	0	0	0	0	0	0	0	0	0	0	0	0	0	37	87	0	0	0	0	0	0	0	0	0	0	0	0	0	0	0	0	0	0	0	0	0	0	0	0	0	0	0	0	0	0	0	0	0	0	0	0	0	0	0	0	47	0	1634	16	0	0	0	0	0	0	0	0	75	118	0	78	0	0	147	0	0	0	0	0	0	0	0	0	0	0	0	0	0	0	7	47
2016_1_14___Hiseq_5_BC11_GTATAACA	0	53	15	29	0	0	72	0	689	0	0	0	0	0	0	0	0	0	0	0	0	0	187	0	0	0	0	0	493	0	0	0	0	0	0	0	0	0	279	0	0	0	0	0	0	0	7	0	0	0	0	0	0	0	0	0	0	0	0	0	0	0	5490	30	0	0	0	379	0	0	0	128	143	0	0	843	0	0	0	0	0	0	0	0	366	87	5	0	883	0	0	0	0	0	0	0	0	0	0	0	0	0	0	47	0	0
2016_1_14___Hiseq_5_BC2_CATGCTTA	0	0	775	388	0	1413	0	0	0	0	503	812	78	0	0	541	0	0	0	290	958	280	0	0	634	0	0	0	2799	0	0	0	0	0	0	0	0	0	0	0	47	0	123	0	0	0	0	0	0	0	0	0	0	738	70	1467	0	525	0	0	0	0	0	160	1630	0	0	1925	0	1047	528	35	1200	0	0	0	0	1003	0	0	0	0	0	0	373	696	380	0	5260	0	307	0	0	1629	0	0	10	0	0	0	0	377	1078	0	278	288
2016_1_14___Hiseq_5_BC5_AGCAATTC	0	0	112	717	0	0	0	0	0	0	0	0	0	0	0	0	0	0	0	0	2569	183	0	0	518	532	0	0	2142	0	0	0	0	0	0	408	179	0	92	664	16	830	0	0	123	414	172	0	0	57	0	0	77	969	0	2517	0	11	0	0	0	0	0	0	1166	0	0	1908	0	1228	2687	0	262	0	39	0	0	0	216	404	0	0	0	0	19	418	230	129	3127	0	12	0	0	0	0	0	0	0	0	0	0	0	0	0	1014	0
2016_1_14___Hiseq_5_BC7_CCAGTTAG	0	0	1533	387	213	1574	0	0	0	0	436	0	111463	0	100	0	0	970	83	0	864	268	0	0	268	47	410	0	4475	0	0	0	0	156	0	97	135	0	0	1084	0	1735	1878	459	0	0	0	0	94	0	0	0	819	199	2317	1290	493	205	0	330	0	115	0	0	1469	0	0	1926	85	514	1217	257	1229	0	0	0	0	3070	0	0	0	0	0	0	0	1882	0	0	20752	237	0	0	1505	1033	0	0	0	0	0	0	0	952	2059	0	951	0
2016_1_14___Hiseq_5_BC9_ACCAACTG	0	0	316	159	0	0	0	0	11	0	0	0	0	654	0	70	0	0	285	0	0	0	0	0	0	0	0	23	12	346	0	0	0	0	957	0	0	0	0	200	103	0	0	0	0	0	0	0	0	41	211	0	260	0	0	0	0	21	0	0	0	0	0	0	32	0	12	6	60	0	128	120	561	0	0	0	0	447	0	0	0	0	0	0	568	772	0	0	712	0	224	0	0	97	0	1358	0	0	0	0	0	0	0	0	0	716
2016_1_14___Hiseq_5_RDB203_TGTGTCAG	0	28	676	0	0	0	0	0	0	0	0	0	0	0	6439	0	0	175	0	0	0	0	0	0	380	0	0	0	0	0	148	0	0	0	0	0	0	0	0	445	0	0	0	0	0	0	0	0	0	0	0	0	0	0	0	0	0	288	0	559	0	0	0	0	0	0	0	742	0	0	0	0	0	0	0	0	0	380	0	0	0	0	0	0	689	139	0	0	1171	0	0	0	0	0	0	0	0	412	0	0	0	0	0	0	324	0
2016_1_14___Hiseq_5_RDB206_ACGTCCAA	0	0	512	73	0	1245	0	0	0	0	305	0	0	308	0	0	0	0	0	0	0	0	567	0	0	0	411	327	7677	0	0	0	1068	0	567	289	0	0	0	100	514	0	0	0	0	0	0	0	333	0	0	480	0	385	261	809	1842	685	0	0	0	0	0	0	163	0	652	230	0	1137	459	389	560	0	0	0	0	1073	0	4387	111	0	0	0	164	2980	0	493	2795	0	0	0	0	1721	0	3868	196	0	0	931	0	0	73342	0	525	420
2016_1_14___Hiseq_5_RDB210_AGCAGACA	0	0	900	183	494	0	23	0	13	0	0	0	0	0	0	182	0	0	0	0	0	0	0	0	1377	0	0	0	967	0	957	0	460	0	342	238	0	0	0	258	0	168	0	0	0	0	0	0	553	0	302	0	143	153	12	0	0	373	0	0	0	0	0	0	602	314	0	0	0	737	0	144	313	0	273	524	0	291	0	0	0	0	19	0	638	2842	0	101	4664	0	0	0	0	0	0	0	0	0	0	0	250	0	0	0	114	0
2016_1_14___Hiseq_5_RDB212_AGGAGGTT	0	0	5130	597	1711	626	0	0	0	0	162	0	410	0	0	0	3701	257	0	0	821	0	0	334	0	0	15	0	444	0	0	724	106	0	0	510	0	0	0	1792	239	1015	0	0	0	0	3913	0	0	0	0	112	1434	0	0	0	0	1161	0	84	0	0	0	287	40	0	0	3501	121	154	0	0	464	0	0	0	0	534	0	0	0	0	88	289	568	1039	29	0	477	0	253	0	0	0	0	0	0	0	0	0	0	0	0	0	0	0
2016_1_14___Hiseq_5_RDB216_ATCGGAGA	0	0	1212	0	322	263	0	0	0	0	0	0	724	0	0	410	0	0	0	0	0	0	0	0	0	0	204	0	3044	0	0	0	0	0	0	0	423	0	0	0	0	0	0	0	0	0	0	0	0	0	0	810	1097	0	0	0	0	0	0	703	0	0	0	0	424	835	0	12423	0	0	0	673	1175	806	0	0	0	521	0	0	0	0	0	309	1266	715	0	0	1401	0	0	0	0	0	243	0	0	536	0	0	0	0	0	0	245	0
2016_1_14___Hiseq_5_RDB225_GACGTCAT	85	0	204	0	0	429	0	0	0	0	181	0	0	0	4207	60	0	0	0	0	829	0	0	104	0	0	0	344	1160	0	0	0	95	0	243	77	0	0	0	0	344	451	517	577	56	0	69	0	396	101	0	0	427	0	0	139	0	460	0	0	255	0	0	0	62	540	0	2711	0	600	285	0	0	0	0	666	0	934	0	236	28	0	0	0	1706	996	0	734	3802	0	0	0	0	0	0	0	0	0	666	0	0	198	0	0	516	0
2016_1_14___Hiseq_5_RDB227_GATCAGAC	0	0	303	0	466	50	0	0	4834	0	47	0	0	0	0	1560	0	0	3361	0	0	0	813	0	0	0	0	0	423	2056	0	0	0	0	400	416	0	0	0	0	34	90	0	249	0	0	0	0	85	0	0	0	146	0	0	0	0	45	2162	0	5183	0	607	0	87	5084	12285	221	0	115	164	0	1340	0	0	16381	0	0	0	0	0	1280	0	89	3387	71	0	0	1690	259	210	0	0	787	0	0	0	0	235	419	0	0	219	0	92	36
2016_1_14___Hiseq_5_RDB230_GCTCAGTT	0	0	176	0	0	1088	0	0	49	0	211	0	0	0	0	0	0	0	1432	39	0	0	0	0	0	0	0	180	1080	0	0	0	1255	0	195	58	271	0	0	0	176	0	0	0	0	0	788	0	0	0	0	0	0	0	0	0	0	184	0	836	0	0	36	0	289	0	0	713	0	0	668	0	1987	389	544	0	0	1187	0	0	0	0	0	354	441	911	96	0	971	0	0	0	0	0	0	441	0	0	0	720	0	630	0	0	320	14
2016_1_14___Hiseq_5_RDB232_GGATCTGA	0	340	0	0	0	17	0	53	0	0	39	0	0	0	483	0	0	0	0	188	0	0	0	0	0	992	0	0	41	0	0	16814	0	0	212	0	123	0	90	0	469	0	0	0	0	0	0	676	560	0	0	0	101	0	0	0	0	0	17	0	0	0	553	0	0	0	791	153	0	0	0	0	350	0	50	0	0	375	0	0	741	0	0	0	1832	225	256	0	684	0	0	0	0	0	0	0	0	0	515	0	0	300	0	1515	0	0
2016_1_14___Hiseq_5_RDB237_TCCTGGTA	0	156	354	16	0	0	0	0	318	0	0	0	0	1370	0	0	0	0	0	0	0	0	0	0	0	0	0	0	653	0	0	0	0	0	0	0	0	0	0	0	0	0	0	296	0	110	0	0	0	34	0	0	107	0	20	0	0	202	0	0	0	0	0	0	0	0	0	58	0	0	906	0	187	0	0	0	0	433	0	0	0	0	0	0	173	0	110	0	594	0	0	6	29	0	124	0	0	0	0	0	0	0	0	0	0	0
2016_1_14___Hiseq_5_RDB239_AACCACTC	0	0	138	0	0	0	736	0	0	0	0	0	0	0	0	358	0	0	0	0	0	0	454	0	0	0	0	0	0	0	0	0	0	0	532	0	0	788	0	0	0	18	0	0	0	0	0	0	472	0	0	0	0	0	0	0	0	241	0	0	1016	0	0	0	0	0	221	0	0	0	0	0	0	0	52	0	0	128	0	0	0	0	0	0	0	0	0	0	138	0	0	0	0	0	0	0	0	0	0	0	0	0	0	0	293	0
2016_1_14___Hiseq_5_RDB244_ACGAATCC	0	0	0	0	70	0	0	0	0	0	104	93	0	0	0	0	0	140	0	0	0	0	0	0	0	0	0	0	2753	0	0	392	0	0	0	0	0	0	0	111	172	0	0	0	41	0	0	0	59	0	0	0	0	0	0	0	0	13339	0	0	0	0	0	0	173	0	172	0	0	0	0	0	105	316	0	364	0	0	0	0	0	0	0	410	432	508	0	0	485	0	0	0	0	0	0	0	0	0	0	0	0	0	217	0	0	0
2016_1_14___Hiseq_5_RDB248_AGTCAGGT	1759	198	2020	0	771	1212	0	0	171	0	595	44	4328	1919	3403	0	1265	315	284	277	569	44	0	619	225	1117	0	228	6074	0	0	1885	0	93	0	0	343	0	56	591	0	838	794	349	1242	0	0	773	574	531	27	0	329	771	1781	1459	0	2681	268	0	2446	0	1938	0	1833	11099	518	7034	142	600	2393	735	3011	0	643	0	0	4029	1038	0	0	705	330	0	752	2344	0	119	11313	0	0	0	581	0	35	139	69	137	1399	0	132	985	59	359	877	454
2016_1_14___Hiseq_5_RDB250_CAACACAG	0	0	114	346	467	871	0	0	34	277	236	0	302	0	167	94	0	0	0	0	367	0	0	0	114	400	357	91	3325	0	0	365	0	10	0	101	0	0	92	0	0	153	202	120	70	0	263	0	57	0	0	0	418	0	79	59	135	2278	254	0	0	0	91	164	554	126	0	874	231	472	1016	56	745	0	27	223	0	1023	76	0	40	0	362	0	281	114	0	379	2976	0	87	0	0	0	0	0	0	71	43	0	0	0	0	74	482	0
2016_1_14___Hiseq_5_RDB251_CACGTCTA	2221	0	983	247	923	1674	0	1581	62	0	1118	228	0	0	0	0	0	0	0	295	1884	0	0	0	964	0	0	0	8913	0	0	0	0	0	665	0	280	0	0	1900	0	4467	773	31	134	0	908	0	0	212	186	0	354	0	960	1705	0	842	0	112	842	0	746	418	3592	0	0	582	435	3090	2120	543	1818	0	0	0	0	11036	0	0	0	0	117	205	536	507	0	0	32166	0	0	662	90	229	113	0	0	0	0	0	464	0	0	0	4295	32
2016_1_14___Hiseq_5_RDB255_CCACAACA	381	160	747	191	0	1062	0	0	192	0	161	368	287	610	0	0	0	590	488	18	791	0	0	0	0	176	0	0	6450	0	0	196	0	0	537	0	284	0	0	260	111	458	0	161	0	0	0	995	298	335	0	15	305	0	25	829	0	436	371	98	518	0	0	176	880	889	0	402	390	197	512	462	686	0	2407	442	0	452	0	0	0	0	0	0	109	1200	102	0	3180	0	0	0	0	57	80	85	0	0	0	0	32	0	130	124	105	0
2016_1_14___Hiseq_5_RDB257_CCGAAGAT	0	0	224	38	0	0	273	0	275	0	0	0	0	0	0	0	291	21	0	0	0	0	1013	0	0	0	0	258	1858	0	0	0	0	0	0	0	0	0	0	231	0	0	0	0	0	0	0	139	185	0	0	0	268	0	51	0	0	335	0	0	410	0	0	0	220	0	0	520	0	914	233	266	61	0	0	140	0	455	0	0	0	0	0	0	1330	203	0	0	1091	0	0	0	0	301	0	0	0	89	13	0	0	0	0	0	292	177
2016_1_14___Hiseq_5_RDB263_GTCCTGTT	1890	0	1489	3939	123	260	0	592	376	0	343	0	0	260	268	0	71	0	174	597	5284	787	187	0	1147	190	90	0	9073	0	281	345	1531	0	574	0	164	144	0	7002	29	2291	2262	1490	32	133	0	0	143	1357	69	0	154	981	783	9988	721	961	0	183	0	0	0	0	2732	296	148	356	231	2535	6154	38	829	0	220	0	0	3514	122	3819	650	234	27	183	566	1619	114	201	20680	0	719	364	0	4538	0	0	0	231	0	0	0	916	521	0	2892	140
2016_1_14___Hiseq_5_RDB270_AATCGCTG	1435	0	2078	2268	0	501	0	0	0	0	111	0	0	0	0	0	0	19	0	0	3096	512	0	0	0	1117	0	0	5531	0	0	166	632	0	857	0	249	0	0	1384	0	1286	1896	403	0	0	171	16	0	314	249	0	45	655	467	1798	758	1641	0	0	0	0	0	0	1330	0	0	409	0	2810	3272	168	676	93	0	0	0	3586	52	0	185	0	0	0	1057	3053	231	49	16639	0	0	204	581	4204	186	0	0	122	0	0	0	0	1027	78	3012	0
2016_1_14___Hiseq_5_RDB272_ACATGGAG	2161	0	1707	1499	288	423	0	611	0	0	0	546	0	433	1109	0	139	83	0	281	3919	439	0	0	544	0	0	79	3207	95	0	273	421	196	0	250	488	0	0	2531	183	962	1329	873	168	138	0	0	0	169	0	1548	480	1961	205	4576	835	380	0	0	293	333	0	213	1378	0	100	1076	124	2462	5714	546	2626	0	0	0	0	7242	0	3997	1589	253	0	88	677	6519	33	88	17136	46	248	0	0	0	0	0	5522	0	809	0	0	1290	0	141	2282	619
2016_1_14___Hiseq_5_RDB275_ACTATCGC	949	0	724	1894	0	362	0	337	449	0	218	0	330	0	0	93	0	0	0	979	3712	1011	0	0	664	0	255	0	5373	0	0	0	575	0	0	352	0	250	98	1132	93	1642	1225	1056	0	66	0	170	0	746	0	0	0	0	409	6788	222	1664	0	0	321	0	166	492	2262	0	0	1168	0	1271	3100	119	420	0	428	0	0	2185	0	188	0	0	0	0	431	2570	385	0	16282	0	445	0	0	3161	0	0	210	0	0	0	93	0	128	0	1345	230
2016_1_14___Hiseq_5_RDB277_AGTGGCAA	484	0	2327	569	373	370	0	367	1851	0	341	0	652	0	641	290	193	333	0	223	636	124	153	0	827	0	0	59	5046	0	97	1508	0	420	0	175	182	0	0	884	609	718	384	577	0	0	0	15	18	263	0	579	311	0	24	1480	95	703	78	253	0	0	218	65	425	267	130	3454	0	692	1131	98	1022	0	0	307	543	2232	199	69	140	191	0	0	341	2686	33	37	8043	0	253	0	0	880	0	0	0	0	0	0	0	291	306	0	590	191
2016_1_14___Hiseq_5_RDB279_CAACTTGG	628	0	0	98	0	0	0	0	0	0	0	0	0	0	0	370	0	0	73	0	359	0	0	0	0	0	0	0	486	0	6	0	0	0	0	0	0	0	0	0	0	612	0	0	0	0	0	0	0	0	0	0	0	0	470	258	0	302	0	0	25	0	0	0	101	304	0	0	0	306	0	111	133	952	0	468	0	261	0	0	155	113	0	0	650	894	0	248	602	0	10	0	0	0	0	0	0	0	244	0	0	0	0	0	349	0
2016_1_14___Hiseq_5_RDB282_CAGACGTT	282	0	903	674	56	186	25	0	0	0	177	0	0	84	257	37	80	0	494	202	620	6	0	0	0	322	0	0	1377	0	0	0	0	123	0	149	0	0	0	784	239	13	479	89	0	0	0	732	0	80	0	0	430	0	0	1465	0	316	0	43	0	0	302	0	109	0	354	347	0	219	0	149	558	0	0	42	0	762	315	0	212	0	0	0	463	910	319	0	1387	0	0	0	248	0	0	0	22	0	0	0	0	0	133	0	0	0
2016_1_14___Hiseq_5_RDB284_CCTGTCAA	0	0	0	76	185	0	0	0	0	0	184	0	0	177	0	0	0	420	0	0	135	0	0	0	0	0	529	0	113	0	0	558	0	0	229	0	78	173	0	0	41	658	0	0	0	87	0	15	0	0	0	0	0	0	335	0	0	424	150	0	553	0	0	0	195	0	0	198	200	88	0	0	56	0	0	0	0	0	0	0	0	0	0	0	513	490	0	0	210	0	239	0	0	286	23	0	0	0	0	0	0	227	0	0	262	164
2016_1_14___Hiseq_5_RDB287_CTACATCC	1094	0	2701	1002	555	630	40	193	297	39	446	0	652	0	0	0	0	0	0	221	1881	0	0	0	0	0	390	0	2241	0	0	344	284	0	159	154	121	0	0	519	266	902	671	77	153	1849	0	0	0	295	438	0	306	0	1174	2019	72	609	0	0	671	0	0	0	1133	344	0	1019	138	428	3715	126	628	0	0	0	0	11160	0	1057	0	0	206	0	806	2416	0	67	4333	0	0	0	0	5268	0	0	0	0	0	0	0	608	0	0	840	814
Batch184_RDB174_GGTTGAAC	0	0	2226	0	0	0	0	0	0	317	1006	0	0	660	0	0	0	0	0	0	0	0	0	0	2454	0	0	0	517	0	0	0	0	0	0	0	0	0	0	0	0	0	0	0	910	0	1178	0	31	0	0	2633	895	350	0	0	685	456	0	3883	702	0	0	0	0	0	402	0	0	0	0	0	2524	0	339	0	0	0	0	0	0	0	0	0	0	1071	0	0	3152	0	0	631	0	0	0	0	0	0	0	0	0	0	0	0	0	0
Batch380_RDB135_TGATAGGC	0	0	0	0	0	0	0	0	0	0	4419	0	0	0	0	0	0	0	0	0	0	0	0	0	0	15	0	0	14	0	0	0	0	0	0	0	0	0	0	0	0	0	0	0	0	0	0	0	0	0	0	0	0	0	0	0	0	0	0	0	0	0	0	0	0	0	0	1748	0	0	0	0	0	0	0	0	703	0	0	0	0	0	0	0	0	0	0	0	0	0	0	0	0	0	0	0	0	0	0	0	0	0	0	0	0	0
Batch380_RDB137_CATGGATC	0	0	877	0	0	0	103	0	0	0	0	0	0	0	0	0	0	0	414	0	0	0	0	0	570	0	0	0	2007	0	0	0	0	0	0	0	0	0	0	0	0	1225	0	0	267	0	527	0	0	0	0	0	0	417	0	1007	0	0	0	3258	0	0	401	0	0	0	0	731	0	0	1606	0	736	0	0	0	0	0	0	0	0	0	0	0	762	2008	0	0	0	0	0	0	0	0	0	0	0	474	0	0	0	222	0	0	0	0
Batch380_RDB140_TGCTGTGA	0	0	377	1432	0	0	0	0	434	0	415	0	8595	4065	0	0	0	0	0	0	0	0	0	0	0	0	0	0	1854	0	0	246	0	0	0	0	0	0	0	372	0	473	0	300	0	0	334	207	0	0	0	0	0	0	0	0	0	36	0	4981	493	0	0	0	576	213	0	758	0	0	2571	0	278	0	0	0	0	0	0	0	0	0	0	0	1835	0	0	0	1001	0	0	0	0	1174	0	0	0	59	0	0	0	0	0	0	0	0
Batch380_RDB142_CACACATC	0	0	0	0	0	0	0	0	0	0	0	0	0	0	0	44	0	0	0	0	0	0	0	0	0	0	0	0	429	0	0	0	0	0	0	0	0	0	0	0	0	0	0	0	980	0	2501	174	77	0	0	0	0	0	0	0	0	0	0	506	0	0	0	0	0	0	0	931	0	2082	0	0	400	26	0	0	0	0	0	0	0	0	0	0	0	0	0	0	2440	0	0	0	0	0	0	0	0	0	525	611	0	0	0	0	0	0
Batch380_RDB148_TCTAGTCC	0	0	752	88	0	0	0	0	339	0	163	286	0	0	0	65	0	0	0	237	0	0	3629	0	779	0	0	0	694	0	0	0	0	0	547	0	0	0	0	0	0	67	0	0	0	0	0	0	0	0	0	0	488	1784	0	0	204	0	0	9014	3988	0	0	0	310	2054	0	0	1335	0	3239	546	2380	996	0	0	778	34	0	0	470	0	0	440	1226	252	0	0	2755	0	0	0	0	233	274	0	0	20	611	0	0	0	0	0	0	0
2015_11_17___Hiseq_4_RDB101_TCAGTAGG	0	0	30	2	47	0	0	0	0	0	2	0	83	194	657	0	0	0	0	0	0	0	0	0	16	0	0	0	447	0	0	21	0	0	0	0	0	0	0	12	0	0	37	0	0	0	0	0	74	0	0	0	0	195	0	57	0	52	12	0	0	0	0	0	0	249	0	1504	0	0	35	0	16	0	0	0	5	0	43	0	0	0	0	0	28	233	12	0	17	156	0	0	0	2	0	0	0	179	0	0	0	32	16	0	0	0
2015_11_17___Hiseq_4_RDB103_AACTCGGA	0	0	21	0	0	0	0	5	0	0	6	1	15	2	50	9	0	0	0	0	2	0	2	0	20	6	0	0	51	0	0	0	25	17	0	0	0	0	0	3	0	0	0	0	0	0	0	0	0	0	0	23	1	0	13	7	0	6	0	17	11	0	1	0	4	0	0	7	0	2	15	0	13	0	0	4	0	0	0	0	0	2	0	7	16	2	0	0	17	0	3	16	0	0	0	0	0	0	19	5	0	0	3	0	0	0
2015_11_17___Hiseq_4_RDB108_CGTCTAAC	0	0	1072	286	108	0	0	0	245	672	622	0	0	0	0	241	405	0	0	0	0	0	0	0	707	641	715	0	2917	133	0	0	124	0	0	0	0	0	0	0	0	302	965	0	0	0	404	0	170	0	0	0	0	906	0	0	0	0	0	0	265	0	0	0	484	323	0	367	34	0	488	266	820	0	0	0	0	1799	0	0	0	0	0	0	329	390	0	0	999	156	0	0	971	343	0	0	0	0	0	0	309	0	674	0	2472	447
2015_11_17___Hiseq_4_RDB111_ATGCGCTT	0	0	0	59	0	0	0	719	0	0	0	0	0	0	0	100	0	0	0	37	927	0	0	0	853	0	0	0	1472	0	0	0	0	0	0	0	0	0	206	397	0	342	0	0	0	0	0	0	16	0	0	0	0	0	0	1552	0	0	0	0	0	0	19	0	1178	0	0	494	0	295	1758	0	360	0	0	191	0	107	0	0	0	0	0	0	892	506	0	0	966	0	368	0	0	0	0	0	0	0	0	1470	0	0	514	0	360	0
2015_11_17___Hiseq_4_RDB2_ACAAGCTC	0	0	1446	1785	0	0	0	0	0	0	0	0	0	0	0	155	0	0	0	388	1893	16	0	0	0	1208	281	0	6067	0	0	0	0	0	0	0	0	0	0	1114	0	550	0	0	0	0	0	0	0	0	0	0	370	490	204	5622	0	0	0	0	499	24	0	0	777	0	0	145	0	1774	2033	392	489	0	0	0	0	1257	0	0	0	0	0	241	983	547	0	0	7540	0	0	0	0	187	0	0	234	0	0	0	0	0	0	0	269	781
2015_11_17___Hiseq_4_RDB80_CTTACAGC	0	218	0	688	312	2156	0	0	0	0	260	0	0	751	0	281	0	0	0	0	0	0	0	0	0	0	0	399	7659	0	0	0	0	0	0	0	646	0	16	0	0	0	0	0	0	0	0	0	0	0	0	0	301	438	0	403	70	16	0	11276	1286	0	0	0	359	486	0	364	128	2623	0	0	152	0	0	0	0	1240	36053	0	568	0	0	0	194	894	439	0	1748	0	0	0	0	0	0	0	432	180	0	0	411	0	0	0	276	122
2016_07_15___Hiseq_6_BC67_GTAACATC	420	147	1125	976	55	232	0	273	59	830	587	388	282	0	0	44	0	0	0	290	532	159	0	0	2041	0	0	36	5066	0	0	1475	1195	0	54	103	245	0	0	1225	0	1570	897	339	0	0	101	0	0	175	0	0	252	8160	252	673	3194	379	0	61	0	174	0	224	1251	45	0	891	434	1848	2440	164	1707	255	0	0	0	2318	0	0	226	0	193	0	497	694	0	324	8541	0	116	71	0	487	0	11152	413	0	0	0	0	521	0	0	1509	248
2016_07_15___Hiseq_6_BC68_TGTAATCA	0	202	294	0	52	119	0	55	64	0	85	115	417	395	0	0	0	187	0	0	0	0	0	118	318	135	207	108	1215	0	7	237	54	0	346	82	0	110	0	19	0	45	0	0	47	212	0	32	0	0	73	0	563	57	0	235	0	721	0	0	0	0	0	9	0	77	0	911	0	49	520	87	325	182	123	0	0	751	132	0	150	32	0	0	102	552	28	24	1351	83	0	0	0	122	22	0	170	0	0	0	0	50	26	52	137	111
2016_07_15___Hiseq_6_BC71_GTCCACAG	0	0	355	0	0	0	0	0	0	0	0	0	0	0	0	0	0	0	0	0	0	0	0	0	186	0	0	0	69	0	62	0	0	0	0	0	0	0	0	0	0	0	0	0	107	0	0	17	0	0	0	0	112	112	0	0	0	0	0	0	0	0	0	0	82	0	0	0	0	321	493	0	325	0	0	0	0	329	0	0	0	0	0	0	546	0	0	0	0	0	0	0	0	0	0	0	0	0	0	0	0	0	0	0	0	0
2016_07_15___Hiseq_6_BC74_ATTCCTCT	0	0	0	0	0	0	0	0	0	214	14	0	0	0	0	0	0	0	0	0	0	0	0	0	0	0	136	0	306	0	0	96	0	19	0	74	127	129	505	0	0	175	0	0	6	0	0	0	0	0	0	0	0	0	0	0	0	0	0	0	3	0	0	0	118	0	0	115	0	122	201	0	188	0	0	0	0	62	0	0	0	0	0	0	0	126	0	0	647	0	126	0	0	0	0	0	0	549	0	0	164	0	95	0	0	0
2016_07_15___Hiseq_6_BC78_CAATAGTC	0	56	1062	0	135	153	0	0	0	115	138	0	0	0	0	0	227	0	0	0	0	0	0	0	654	0	0	0	2018	0	0	95	0	0	0	0	154	0	0	415	0	162	0	112	0	0	407	55	0	0	0	0	0	2000	0	269	1201	0	0	0	0	0	0	0	259	275	0	362	0	0	759	304	61	0	0	0	0	341	0	0	0	0	0	118	352	240	0	0	1974	99	0	0	148	0	0	2390	0	0	0	0	0	0	0	0	646	0
2016_07_15___Hiseq_6_BC89_AGGTCGCA	0	81	1842	216	0	363	51	4407	137	0	98	0	0	53	0	266	0	169	330	316	630	200	0	0	0	0	0	0	4441	0	97	0	0	0	57	149	154	0	0	1061	0	37	811	184	0	56	0	0	0	172	0	0	0	3911	1507	1044	360	348	0	0	0	113	0	0	2859	0	0	299	0	133	1996	121	313	159	114	0	526	3066	0	0	120	0	0	0	0	759	303	0	4858	0	0	22	0	0	0	463	0	0	0	0	14	0	36	13	1405	0
2016_07_15___Hiseq_6_BC91_GCAGCCGT	0	0	126	59	0	0	0	63	0	0	0	0	0	0	0	0	444	0	92	78	0	0	0	0	355	0	38	0	2118	0	0	0	0	0	0	0	0	0	0	160	0	191	203	0	0	47	0	0	0	0	0	0	0	3100	194	0	58	166	0	0	69	0	180	78	1658	0	0	0	0	112	1469	0	556	0	0	0	80	752	0	0	0	0	89	0	250	263	0	0	1303	0	122	26	0	0	90	7050	0	0	0	0	128	0	0	0	881	26
2016_07_15___Hiseq_6_RDB100_TAAGTGGC	0	0	0	0	13	0	0	0	0	0	54	0	0	123	0	28	0	0	0	0	0	0	0	0	0	0	0	0	180	0	0	0	0	0	0	0	76	0	0	0	57	0	0	0	0	0	95	0	114	0	0	0	39	0	0	0	0	6	16	309	0	240	0	0	16	0	0	0	0	0	0	0	0	0	0	0	0	0	0	0	0	101	0	0	48	95	0	0	202	0	0	0	69	13	0	0	0	0	0	0	0	0	0	0	0	0
2016_07_15___Hiseq_6_RDB107_CCTCGTTA	0	0	0	0	0	0	3	0	0	2	0	0	0	0	0	0	0	0	0	0	0	0	0	0	0	0	0	0	6	0	0	9	0	0	0	0	0	0	0	0	0	0	0	0	0	0	0	0	0	0	0	0	0	0	0	0	0	0	0	0	0	0	4	0	0	0	0	2	0	0	0	0	10	0	0	0	0	0	0	0	0	0	0	0	1	2	0	0	10	0	0	0	0	3	0	0	0	0	0	0	0	0	0	0	2	0
2016_07_15___Hiseq_6_RDB11_TTCGAAGC	65	0	322	76	0	0	0	0	139	0	282	0	313	0	0	0	0	0	0	0	0	0	0	344	0	0	0	0	1598	0	0	133	85	24	329	0	0	0	0	115	0	514	0	0	10	0	0	0	0	0	0	0	0	1942	0	155	0	282	0	113	354	69	0	0	380	0	0	0	0	0	1252	262	117	0	0	0	0	403	0	0	45	0	0	0	185	53	75	0	573	0	0	0	0	0	179	0	0	0	0	0	0	0	350	0	108	0
2016_07_15___Hiseq_6_RDB112_CGAGAGAA	0	0	62	0	0	0	0	35	185	0	27	0	0	0	0	42	13	0	108	0	0	0	0	0	139	0	0	0	0	0	0	0	0	0	0	17	72	0	0	0	0	29	0	21	0	0	0	0	0	0	0	0	51	31	0	0	0	45	0	71	304	0	0	0	29	0	0	565	0	0	241	0	90	0	0	0	0	0	0	0	0	0	0	0	0	33	0	0	308	0	0	0	0	0	0	0	0	96	0	0	0	0	0	0	0	169
2016_07_15___Hiseq_6_RDB115_CTAGGTTG	0	0	157	0	0	32	0	0	0	44	0	0	0	0	0	0	117	0	0	6	0	0	0	0	0	0	0	0	93	0	0	313	0	0	0	0	0	0	0	0	0	0	140	0	0	0	0	0	0	0	0	0	38	217	31	0	0	0	0	55	0	0	0	0	0	0	0	15	0	0	0	0	142	81	0	0	0	0	0	0	48	0	0	0	0	22	0	0	204	0	0	0	0	31	0	0	0	0	0	0	0	250	0	0	132	0
2016_07_15___Hiseq_6_RDB117_CTGAACGT	0	0	115	201	0	0	0	0	0	0	50	0	0	0	81	0	0	0	0	0	0	0	0	0	0	0	0	0	0	0	0	0	0	0	239	0	64	0	0	153	0	0	0	0	671	0	0	0	0	0	24	0	202	0	0	819	0	0	0	0	0	0	0	0	81	0	0	0	235	0	0	0	0	0	0	0	0	0	104	0	0	0	0	0	370	298	0	0	1096	0	0	0	438	57	0	0	0	0	31	0	0	0	0	0	187	110
2016_07_15___Hiseq_6_RDB119_TGACAACC	0	63	30	0	0	0	0	0	0	0	4	0	0	0	0	0	0	0	0	0	0	0	0	0	0	0	0	0	3	0	7	0	0	0	0	0	0	0	0	0	0	0	14	0	0	0	0	0	0	0	0	0	0	0	0	0	0	0	0	15	0	0	2	0	0	0	0	128	0	0	10	0	0	0	0	0	0	9	38	0	0	0	0	0	47	37	0	0	56	39	0	0	0	0	0	0	0	22	0	0	0	0	0	0	0	52
2016_07_15___Hiseq_6_RDB122_AGAGCAGA	0	0	169	0	24	156	0	0	0	0	0	0	0	221	77	0	0	0	0	0	0	0	0	0	0	0	0	0	31	0	0	0	0	0	0	0	0	0	0	0	0	0	0	0	0	0	0	0	0	0	0	0	104	0	0	0	0	0	0	0	0	0	0	0	35	0	0	127	0	0	88	0	582	177	201	0	0	0	62	0	0	0	0	0	0	185	0	0	0	0	0	0	0	0	0	0	0	0	0	111	0	0	0	0	46	338
2016_07_15___Hiseq_6_RDB124_ATGCGTCA	0	0	0	37	0	0	0	0	27	70	0	0	184	209	1368	0	0	209	382	0	0	0	110	0	0	0	0	0	335	398	0	0	0	0	0	0	0	0	0	129	0	0	0	0	0	198	0	0	389	0	0	0	0	422	24	0	80	0	0	0	0	0	202	0	13	0	0	1629	0	119	0	104	554	0	0	118	319	0	0	0	0	0	0	0	65	262	0	0	0	0	0	0	0	0	0	0	273	0	0	0	0	0	405	0	0	97
2016_07_15___Hiseq_6_RDB125_CGAAGTCA	0	0	0	52	0	0	0	20	19	36	0	0	0	0	53	0	0	0	0	0	271	0	0	0	0	0	0	0	139	0	0	196	180	0	0	88	70	0	0	123	0	26	236	0	0	338	0	0	0	0	0	0	17	0	0	0	0	0	0	64	0	0	0	0	81	0	0	0	0	211	83	8	185	0	0	0	0	72	0	0	0	0	0	0	0	1059	0	0	1963	0	0	0	150	419	0	0	0	0	0	0	0	0	0	0	0	82
2016_07_15___Hiseq_6_RDB130_AGCCGTAA	0	0	0	44	0	0	0	0	0	0	0	0	315	0	0	0	0	0	236	0	0	0	0	0	0	0	0	0	102	206	0	0	0	0	0	0	0	0	0	0	0	0	0	0	0	0	0	0	0	0	0	0	0	0	0	0	0	0	0	219	0	0	0	0	0	0	217	0	0	0	58	0	0	279	0	0	0	52	0	0	0	0	0	0	47	654	0	0	54	0	0	0	212	0	0	0	0	0	0	7434	0	0	0	0	0	0
2016_07_15___Hiseq_6_RDB133_ATGGCGAT	0	0	8	0	0	0	0	0	0	0	0	0	0	95	0	29	0	0	0	0	165	0	0	0	33	0	0	0	399	0	0	0	0	0	0	0	0	33	0	30	0	22	0	0	0	57	0	0	0	0	0	0	178	16	0	0	0	0	0	0	0	0	0	0	9	0	135	101	0	0	0	0	0	0	0	0	0	0	0	0	0	0	0	0	35	167	0	0	351	0	0	0	0	0	0	0	0	0	0	0	0	0	0	0	0	0
2016_07_15___Hiseq_6_RDB14_ATTAGCCG	1516	187	1884	308	0	0	0	891	0	173	0	0	0	0	0	0	0	0	295	0	763	87	0	0	449	0	0	0	4229	0	711	0	26	0	1150	0	0	0	0	792	0	939	430	0	0	0	0	125	0	0	0	381	86	0	615	25	0	153	0	0	0	199	0	0	913	0	0	311	0	1256	1195	0	0	0	0	0	0	3977	0	0	0	0	0	0	131	480	111	0	15245	0	0	0	420	202	0	187	0	0	0	0	0	0	0	0	2217	0
2016_07_15___Hiseq_6_RDB140_TGCTGTGA	155	0	1626	104	67	0	0	111	0	0	21	21	0	40	169	0	71	0	0	228	212	0	0	95	182	0	0	0	4509	121	0	0	698	480	0	0	0	312	0	337	0	122	464	0	47	21	98	0	239	0	129	0	0	665	77	302	0	167	0	73	67	0	0	0	163	0	0	0	170	165	719	463	377	17	0	0	0	1031	98	1189	0	0	0	0	74	680	58	0	3283	0	85	0	33	22	228	0	0	0	206	0	24	106	418	0	338	197
2016_07_15___Hiseq_6_RDB143_CAGGTTCA	0	0	327	95	0	190	0	0	0	0	84	0	0	256	0	0	0	0	107	334	0	0	0	0	133	0	0	0	465	0	0	131	0	0	0	0	0	0	0	196	0	0	0	0	0	0	0	0	0	0	0	0	0	0	0	148	0	38	0	0	0	0	0	0	54	0	0	158	0	225	300	125	0	0	0	0	0	157	407	0	0	0	0	0	141	180	0	0	776	0	0	21	0	32	0	0	0	0	0	0	0	115	0	0	168	0
2016_07_15___Hiseq_6_RDB146_GTTATGGC	0	0	313	40	42	144	0	30	0	0	0	0	0	0	0	0	0	0	158	257	721	96	0	0	0	0	0	0	256	0	0	15	50	0	0	0	0	0	0	429	0	98	0	0	0	80	0	0	0	0	0	0	36	0	224	895	0	0	0	21	89	0	0	0	0	0	46	83	0	284	633	74	1642	14	0	0	0	0	0	0	0	0	0	0	238	0	0	0	525	0	0	0	115	13	0	0	0	0	0	0	0	127	0	0	0	39
2016_07_15___Hiseq_6_RDB149_TGAGACGA	0	0	153	0	11	0	0	0	0	0	0	0	0	0	0	0	0	0	0	0	0	0	0	0	0	0	0	0	178	0	0	238	0	21	0	0	0	0	0	61	0	0	0	0	13	14	0	0	0	0	0	0	0	0	0	101	0	89	54	0	0	0	0	0	4	0	0	173	0	0	0	20	0	0	0	0	0	139	0	0	6	0	0	0	73	165	47	0	413	0	0	0	0	0	0	0	0	18	0	0	0	0	39	0	0	103
2016_07_15___Hiseq_6_RDB16_GAGCAATC	1775	0	30	73	108	0	0	1266	0	0	36	0	0	0	0	0	0	0	0	223	906	73	0	0	0	0	0	0	4136	0	0	0	63	0	0	0	0	0	0	662	0	358	882	212	0	0	0	90	0	0	0	0	0	620	588	246	169	0	0	0	0	196	0	0	1738	0	0	339	123	609	5351	322	291	0	0	76	82	3617	0	0	0	100	0	0	0	336	49	0	8903	0	275	33	0	0	0	371	0	0	997	0	0	0	107	0	919	0
2016_07_15___Hiseq_6_RDB19_AACACCAC	205	0	473	988	0	92	0	959	0	310	0	0	0	0	64	0	0	0	84	621	2399	458	0	0	441	0	0	0	3882	0	99	137	18048	15842	86	0	67	0	0	611	0	788	711	98	0	30	0	0	0	269	530	48	76	383	199	2417	159	27	0	0	0	69	0	0	972	0	0	362	0	478	1455	141	1763	0	0	0	0	2148	0	6643	196	0	0	0	0	451	68	0	8194	0	0	40	0	0	0	185	0	110	0	0	0	250	62	0	1078	131
2016_07_15___Hiseq_6_RDB2_ACAAGCTC	0	0	101	0	0	0	0	322	0	0	194	0	0	446	0	0	0	0	359	125	0	0	0	0	0	0	0	633	596	0	0	0	0	0	28	0	95	0	0	182	0	208	0	0	0	0	0	0	0	0	0	0	0	218	178	215	397	0	0	0	0	0	0	0	251	0	0	364	0	0	238	360	0	0	0	0	0	341	0	0	0	0	283	0	801	0	0	0	1238	0	0	0	0	0	0	0	0	0	0	0	0	0	0	0	0	0
2016_07_15___Hiseq_6_RDB21_ATAGAGCG	461	0	79	178	0	0	0	266	0	0	10	0	59	0	222	0	0	0	5	80	932	64	0	0	123	0	0	0	1410	0	10	61	1325	529	30	21	43	0	0	119	11	160	164	72	0	16	0	0	22	169	0	5	52	43	190	370	33	32	0	12	0	23	0	5	257	0	0	56	25	405	657	25	494	3	0	0	0	662	53	0	4	0	0	0	40	98	0	0	3754	0	9	0	0	0	54	0	0	0	8	0	0	60	53	0	140	7
2016_07_15___Hiseq_6_RDB23_TATGCGGT	0	0	0	171	0	166	0	0	534	0	0	0	0	0	0	0	230	0	0	384	593	0	0	0	262	0	0	0	818	0	0	0	1328	197	0	0	0	0	0	206	0	0	0	0	0	0	151	0	0	5	0	0	225	296	139	0	0	88	245	83	0	0	0	0	0	0	0	414	0	467	266	91	0	0	0	0	0	853	533	0	0	0	0	0	722	539	0	0	2025	0	0	0	0	0	0	0	0	0	0	0	0	0	0	0	81	0
2016_07_15___Hiseq_6_RDB26_CTCTTGTC	0	0	92	0	0	0	0	0	0	425	0	0	0	0	0	0	0	105	0	0	0	0	0	0	0	0	0	0	1324	0	101	0	142	0	564	0	0	0	0	0	0	0	110	0	0	75	0	0	0	0	0	0	0	219	54	0	0	0	152	0	0	0	0	0	0	0	0	0	371	0	0	29	220	0	0	0	0	381	0	0	0	0	0	0	64	0	0	0	436	0	0	0	0	93	48	0	18	0	0	0	33	0	0	0	0	0
2016_07_15___Hiseq_6_RDB28_GCATCCTA	0	0	0	14	34	294	0	0	551	0	128	0	0	216	0	68	421	0	210	91	192	0	0	0	388	0	0	0	3778	0	0	0	26	0	0	285	0	0	0	186	0	326	0	0	0	0	98	0	0	181	17	0	0	0	0	781	42	73	0	0	135	0	0	0	449	12	0	0	0	0	400	59	483	0	0	0	0	604	0	0	0	0	0	126	0	304	0	0	609	411	0	0	0	0	0	0	0	0	0	0	0	117	0	0	23	0
2016_07_15___Hiseq_6_RDB311_ACTGCGAA	0	0	433	51	72	0	0	0	0	0	184	0	102	699	0	0	420	0	76	0	85	0	0	0	500	0	0	0	2634	0	0	100	496	0	47	49	0	0	0	0	19	0	0	0	0	0	0	90	0	0	0	0	0	0	54	0	125	107	0	0	11	0	0	0	125	0	0	148	200	0	409	0	450	0	0	0	0	255	45	0	119	0	0	0	251	63	39	0	696	95	0	0	0	71	0	0	14	0	0	0	0	78	0	0	108	0
2016_07_15___Hiseq_6_RDB313_AGAGACTC	0	0	92	96	45	26	0	187	0	0	166	0	0	265	0	0	0	134	0	0	411	0	16	0	248	0	178	0	1810	50	0	0	0	0	0	0	50	0	0	0	0	0	0	0	0	0	0	0	0	0	0	0	58	413	0	0	52	35	0	13	0	0	0	34	12	0	11	129	16	0	480	26	0	0	82	0	0	247	0	0	0	0	0	86	0	275	0	50	296	0	0	0	110	43	0	0	0	44	0	0	0	51	0	0	483	127
2016_07_15___Hiseq_6_RDB4_TCAGACAC	0	30	328	13	22	307	0	73	642	0	123	0	0	0	0	0	0	0	0	0	0	0	0	0	217	0	258	0	562	0	0	0	0	0	331	0	0	0	0	291	0	85	589	0	0	250	0	0	0	0	0	0	510	3499	419	269	183	81	0	7	0	0	0	0	0	131	180	0	0	0	463	0	53	488	0	0	0	502	0	0	0	0	0	0	120	353	0	0	1956	0	0	0	0	0	246	381	0	0	0	0	0	0	0	0	293	0
2016_07_15___Hiseq_6_RDB50_GTCGTTAC	0	0	0	0	0	0	0	0	0	0	0	0	45	0	0	0	0	0	0	0	0	0	0	0	0	0	0	31	523	0	13	33	55	0	0	0	0	0	0	0	0	13	0	0	63	0	0	0	0	0	0	0	49	68	0	0	16	0	0	434	0	34	0	0	63	0	0	100	0	53	504	0	360	105	0	78	0	438	0	0	0	0	0	0	0	425	0	0	346	0	0	0	0	4406	0	0	0	0	0	0	0	30	0	0	0	0
2016_07_15___Hiseq_6_RDB53_CATTGACG	0	0	0	0	0	238	0	0	0	172	0	0	0	0	0	277	0	97	107	0	249	0	0	0	0	0	0	0	528	0	241	0	0	0	0	0	0	0	0	0	0	162	86	0	0	0	0	0	0	0	0	0	166	0	0	0	0	0	0	0	107	196	81	0	0	0	0	67	165	334	380	164	255	0	0	0	0	519	109	0	0	0	0	0	0	827	0	0	307	50	0	0	1279	4956	0	0	0	0	0	0	0	0	111	0	0	0
2016_07_15___Hiseq_6_RDB55_GTATTCCG	0	0	0	0	0	0	0	0	0	0	17	0	0	181	0	276	0	0	0	0	0	0	0	345	0	0	0	0	506	0	83	0	0	0	152	0	0	0	0	49	43	0	0	0	0	0	0	0	0	0	0	0	228	275	0	0	12	0	41	1353	84	21	8870	0	58	0	0	75	0	0	371	107	12	261	0	0	0	292	0	0	0	0	0	0	33	460	0	0	1359	0	0	0	1746	167	0	0	0	55	0	0	0	90	0	0	57	0
2016_07_15___Hiseq_6_RDB59_GCCTTCTT	0	0	369	33	0	0	0	0	0	415	0	42	0	0	0	0	16	170	0	0	88	178	0	0	0	0	0	0	1162	0	24	0	0	0	12	0	0	0	0	0	0	0	0	0	0	0	0	29	0	0	43	0	150	758	0	97	221	0	0	782	101	643	0	0	0	0	0	205	0	0	187	14	530	787	0	14	0	615	0	0	164	0	0	0	175	371	0	0	380	0	0	0	544	1531	0	0	0	114	0	701	258	0	0	31	197	126
2016_07_15___Hiseq_6_RDB61_GTATCGAG	0	0	0	0	0	0	0	0	0	292	71	0	0	0	0	0	0	0	0	0	238	0	0	0	0	0	0	0	227	0	370	0	761	0	277	0	0	0	0	215	0	185	0	0	0	0	0	0	0	0	0	0	81	0	0	0	0	0	0	40	0	864	101	0	0	0	0	0	0	490	81	192	203	182	0	0	0	132	0	0	0	0	0	0	0	719	0	0	349	0	0	0	55	0	0	0	0	0	0	0	0	0	0	0	0	0
2016_07_15___Hiseq_6_RDB62_GTTCTTCG	0	0	0	56	0	0	0	0	0	0	73	0	0	12	0	126	26	0	0	0	0	0	0	106	0	0	0	0	281	0	0	0	0	0	251	0	0	0	0	0	0	0	0	0	0	0	189	0	0	0	27	0	508	575	0	0	0	163	0	0	0	0	538	0	0	0	0	340	0	0	254	0	0	217	0	0	0	332	0	0	0	0	0	0	73	192	0	0	365	0	0	0	53	2527	0	0	0	0	0	213	0	0	0	0	75	0
2016_07_15___Hiseq_6_RDB65_GAATGGCA	0	0	0	89	0	0	0	0	0	352	82	0	0	0	0	31	0	0	0	0	77	0	202	0	0	0	0	0	862	0	0	124	0	0	305	0	230	171	0	134	0	0	333	0	0	0	0	0	0	132	0	0	100	20	0	0	0	0	0	107	0	788	0	0	305	0	0	0	0	309	0	0	0	400	0	0	0	1016	0	0	0	0	0	0	33	352	0	0	1777	0	0	0	1173	44	0	0	0	0	0	0	0	99	0	0	36	0
2016_07_15___Hiseq_6_RDB7_GGCATTCT	0	0	0	269	0	61	0	327	0	0	0	0	0	0	0	62	0	0	116	0	0	0	0	0	175	0	0	0	868	0	0	0	40	0	0	0	0	0	0	148	0	0	0	78	0	0	0	0	0	0	0	0	0	1673	0	385	322	135	0	0	0	0	0	0	0	0	0	0	0	159	446	0	305	0	0	0	0	603	0	0	0	0	0	0	108	0	0	0	2226	0	0	0	0	0	165	325	186	0	76	0	0	0	281	0	280	0
2016_07_15___Hiseq_6_RDB72_CACTGTAG	0	90	0	0	0	0	159	0	0	253	0	0	0	0	0	0	0	0	0	0	0	0	0	0	0	0	0	0	441	0	137	0	0	0	0	0	212	0	0	164	0	0	922	0	0	0	0	0	0	0	0	0	36	255	0	52	0	0	0	843	0	767	0	0	2579	0	0	60	81	175	508	0	0	2897	0	0	0	137	0	0	0	0	0	0	325	456	0	0	5274	0	0	0	1154	2973	0	0	0	0	0	285	0	0	0	0	173	0
2016_07_15___Hiseq_6_RDB74_GGAATGTC	0	0	194	397	0	199	0	0	79	125	56	0	0	0	0	124	63	0	0	0	0	0	0	205	0	0	0	0	694	0	285	97	0	0	52	0	0	0	0	171	0	0	248	0	0	0	0	0	0	0	0	0	81	0	0	0	0	0	0	0	0	284	172	0	96	0	0	0	0	0	368	0	266	0	0	123	0	236	407	0	47	0	0	0	56	678	73	0	1157	0	0	0	0	1527	0	0	0	0	0	0	0	18	0	0	69	0
2016_07_15___Hiseq_6_RDB80_CTTACAGC	0	0	0	170	0	277	0	0	0	0	86	0	0	0	0	0	0	0	0	0	0	0	0	0	0	0	273	0	1131	0	45	0	0	0	0	78	0	162	0	0	0	178	13	0	0	0	0	0	0	0	0	0	49	0	68	11	0	89	0	234	0	529	291	0	0	0	0	222	98	0	414	148	0	0	0	0	0	572	0	0	0	0	0	0	337	232	0	0	805	0	0	0	273	1802	0	0	11	0	0	0	0	0	0	0	0	0
2016_07_15___Hiseq_6_RDB83_TAGTGCCA	0	0	12	0	0	12	0	0	0	9	18	0	0	0	0	0	0	0	0	0	0	0	0	0	0	0	108	0	38	0	38	0	0	0	0	0	38	0	4	68	0	0	0	0	92	0	0	0	0	0	0	0	34	0	0	0	0	0	0	137	0	56	6	0	0	0	0	41	40	0	27	0	0	0	0	0	0	168	85	0	0	0	0	0	0	268	0	0	270	0	0	0	0	85	0	0	0	0	0	0	0	0	0	0	0	0
2016_07_15___Hiseq_6_RDB85_AAGCCTGA	0	0	102	0	0	59	0	0	0	352	0	0	0	21	0	0	210	0	0	15	164	0	0	0	0	0	0	0	805	0	348	0	61	0	128	0	26	0	0	0	0	0	0	0	110	0	51	0	0	0	0	0	9	328	0	66	0	0	0	33	0	1021	0	0	0	0	0	13	0	0	320	50	55	0	0	53	0	83	0	65	0	0	0	0	86	140	0	0	604	0	0	0	88	0	0	0	0	0	95	0	0	0	0	0	292	0
2016_07_15___Hiseq_6_RDB86_AAGTCCTC	0	0	0	0	23	0	0	29	27	289	0	0	103	0	0	0	0	0	74	0	111	0	0	0	152	101	0	0	519	0	295	0	52	58	0	0	58	0	0	42	0	31	0	0	0	0	179	0	0	0	40	0	218	0	0	0	0	0	0	608	94	316	0	0	66	0	0	40	0	0	125	13	1005	0	0	0	404	506	245	0	0	0	0	0	398	319	0	0	317	123	0	0	0	51	0	0	0	0	0	1132	0	0	0	0	0	0
2016_07_15___Hiseq_6_RDB89_CACGATTC	0	0	114	15	0	0	0	0	0	715	0	0	0	188	0	0	0	14	0	0	0	0	0	0	0	157	0	0	559	0	117	0	0	0	0	0	0	0	0	0	0	0	0	0	0	0	0	0	0	0	0	0	108	23	0	0	0	47	0	0	0	465	80	0	271	0	104	391	353	122	294	0	0	189	0	0	0	117	0	0	0	0	0	0	52	218	0	0	724	0	0	297	638	0	0	0	23	0	0	0	0	0	0	0	122	0
2016_07_15___Hiseq_6_RDB9_GGTACGAA	0	0	0	0	0	413	0	0	0	0	55	0	0	0	0	0	0	0	168	514	0	0	0	143	271	0	0	0	2713	0	16	0	75	0	475	0	0	0	0	693	0	450	667	0	0	279	0	0	118	0	0	0	0	2411	0	280	0	0	0	0	0	0	0	163	658	0	0	0	0	0	986	317	954	0	0	0	0	1493	0	0	0	0	0	0	0	738	0	71	5466	0	0	0	0	0	0	349	0	0	0	0	0	0	0	0	356	0
2016_07_15___Hiseq_6_RDB95_CTGCCATA	0	0	82	0	0	0	0	0	34	4	0	0	0	61	0	0	0	0	0	0	51	0	0	0	0	0	291	0	87	0	0	0	0	0	0	0	0	0	0	90	0	0	0	0	0	0	0	0	6	0	0	39	0	0	0	0	0	0	0	42	0	0	0	0	0	65	0	0	12	0	0	0	20	7	0	0	30	68	54	0	0	0	0	0	0	0	0	0	334	0	0	56	0	25	0	0	0	0	0	0	0	0	0	0	0	0
2016_07_15___Hiseq_6_RDB98_GTGTGTTC	0	0	0	332	0	18	0	0	0	689	302	0	73	163	39	45	0	0	0	0	0	0	0	0	124	0	0	31	1118	0	0	0	133	0	0	83	0	0	0	59	69	105	40	61	0	2524	0	0	0	94	0	0	55	228	0	0	0	0	98	241	0	699	79	0	0	0	29	0	0	0	245	0	659	964	0	0	0	973	0	0	0	0	0	0	275	1392	0	0	1180	210	0	0	0	214	11	0	0	0	0	0	31	0	0	0	218	120
2016_10_13___Hiseq_7_BC96_TTATATCT	0	0	729	0	0	0	0	0	0	0	122	0	0	214	0	0	0	0	0	0	0	0	0	0	92	0	0	0	158	0	0	0	0	0	0	0	0	0	0	0	0	0	0	0	0	0	0	61	0	0	0	0	0	0	0	0	0	0	0	99	0	0	0	0	0	0	0	0	0	0	157	11	249	108	0	0	0	44	0	0	0	0	0	0	0	119	67	0	176	0	0	0	0	149	0	0	0	53	0	0	0	0	0	0	0	0
2016_10_13___Hiseq_7_RDB101_TCAGTAGG	0	0	23	0	0	0	0	0	0	0	0	0	0	78	0	0	0	0	0	0	0	0	0	0	0	0	0	0	1658	0	0	341	0	0	0	0	0	0	0	0	0	0	0	0	0	0	0	0	0	0	0	0	54	0	0	0	0	0	0	0	181	0	0	0	0	0	0	0	0	0	175	0	0	499	0	0	0	0	160	0	0	0	0	112	273	534	0	0	734	125	0	0	0	0	0	0	0	0	0	0	0	0	465	0	142	0
2016_10_13___Hiseq_7_RDB103_AACTCGGA	0	0	277	0	0	0	0	0	0	0	26	0	0	0	0	0	0	0	0	0	0	0	0	73	886	93	0	0	1079	0	0	0	0	0	0	86	0	0	0	0	0	0	0	0	0	0	0	0	0	0	0	0	102	0	0	40	0	0	0	0	259	0	0	0	32	0	0	0	0	0	0	0	90	0	0	0	129	445	0	0	0	0	0	0	34	173	0	32	356	0	0	0	0	0	62	0	0	0	0	0	0	0	0	0	0	0
2016_10_13___Hiseq_7_RDB107_CCTCGTTA	0	0	1	1	0	0	0	0	0	0	0	0	0	0	0	5	0	0	0	0	0	0	0	0	0	4	0	0	11	0	0	1	0	0	0	0	0	0	2	0	0	0	0	0	0	0	0	0	0	0	0	0	0	0	0	0	0	0	0	0	0	0	0	0	0	0	0	1	0	4	0	0	9	0	0	0	0	1	0	0	0	0	0	0	0	0	0	0	5	0	0	0	0	0	0	0	0	0	0	2	0	0	0	0	0	0
2016_10_13___Hiseq_7_RDB11_TTCGAAGC	0	0	431	119	180	71	65	0	0	0	60	0	0	379	302	11	273	405	0	0	125	0	0	0	350	0	0	39	1960	0	0	72	0	0	0	226	0	279	79	0	16	0	84	0	0	0	0	0	25	0	0	0	647	0	0	153	13	50	0	0	542	0	56	0	137	0	0	0	0	67	0	251	33	0	0	0	0	770	0	0	154	0	0	116	361	382	70	23	567	0	0	0	481	221	0	0	0	0	0	0	0	217	0	0	0	13
2016_10_13___Hiseq_7_RDB110_GTAAGGTG	0	0	47	0	0	0	61	0	27	0	0	0	0	0	0	0	0	0	0	0	0	0	0	0	0	0	0	0	228	0	0	64	0	0	0	0	0	0	0	0	0	0	0	0	0	0	0	0	0	72	0	0	18	0	0	0	0	31	0	43	0	0	77	0	0	0	0	75	0	0	0	0	87	0	0	0	0	0	0	0	0	0	0	0	0	24	0	0	0	0	0	0	0	0	0	0	0	0	0	0	0	0	0	0	0	0
2016_10_13___Hiseq_7_RDB114_CGTGTGAT	0	0	211	0	0	0	0	0	36	0	48	0	32	0	0	0	0	0	0	0	0	0	0	0	0	0	0	0	637	0	0	0	0	0	0	0	0	0	0	0	0	0	0	0	0	0	0	0	0	0	0	0	0	0	0	0	0	0	0	0	0	0	0	0	33	0	0	0	0	0	0	0	32	0	0	84	0	93	0	0	0	0	0	0	75	29	0	0	90	0	0	0	0	0	0	0	0	0	0	0	0	0	51	0	0	0
2016_10_13___Hiseq_7_RDB116_CTCTATCG	0	0	193	0	0	0	0	0	0	0	21	0	0	34	216	16	0	66	18	0	0	0	0	0	0	0	0	0	495	0	0	24	0	0	0	0	0	0	0	9	0	0	0	0	0	0	0	18	0	0	0	0	0	0	0	0	0	6	0	8	0	6	0	0	0	0	0	0	0	0	0	0	0	0	0	0	0	0	30	0	0	0	0	0	19	90	0	0	68	0	0	0	0	0	0	0	0	0	0	0	0	0	0	0	0	0
2016_10_13___Hiseq_7_RDB118_TCATCTCC	0	0	806	0	54	0	0	0	0	0	9	0	35	0	0	0	0	0	0	0	0	0	31	0	0	0	0	0	957	0	0	0	0	0	0	108	121	0	0	0	0	0	0	0	0	0	0	0	80	0	0	0	22	0	0	0	0	96	0	0	0	0	0	0	0	0	0	119	0	0	0	41	0	0	0	0	0	72	0	0	0	66	0	0	0	373	0	0	388	0	0	0	0	58	69	0	0	0	0	0	0	0	0	0	0	0
2016_10_13___Hiseq_7_RDB16_GAGCAATC	0	0	27	0	0	0	0	0	0	0	53	0	0	0	0	0	0	0	246	0	0	0	0	0	0	0	0	0	563	0	0	0	0	37	0	0	0	0	0	0	0	0	0	0	0	0	0	0	0	0	85	0	0	0	0	0	0	0	0	0	0	263	0	0	0	0	0	0	0	0	0	0	0	176	0	0	0	0	0	0	0	0	0	0	112	174	0	0	552	0	0	0	0	62	0	0	0	0	0	0	0	0	0	0	0	0
2016_10_13___Hiseq_7_RDB18_ACTCCTAC	0	0	265	218	0	77	0	0	0	0	27	0	0	0	0	19	54	132	0	0	0	0	184	0	0	0	0	0	355	0	0	0	0	0	0	0	0	0	33	0	0	0	0	0	0	0	0	0	0	28	0	0	61	0	0	0	0	0	0	0	0	0	0	0	41	0	0	0	25	268	0	0	143	0	0	0	0	13	0	105	60	0	0	0	0	405	0	0	93	0	0	0	0	127	0	0	0	0	0	0	0	0	0	0	27	0
2016_10_13___Hiseq_7_RDB19_AACACCAC	0	0	998	0	235	0	344	0	0	0	0	0	145	412	264	113	0	78	41	0	206	0	0	0	315	0	165	0	777	0	0	0	0	0	0	242	0	0	0	0	0	0	0	0	0	0	165	0	0	0	0	0	298	0	0	115	0	156	0	0	0	0	0	0	0	0	0	135	0	0	114	84	277	0	66	0	0	195	136	0	192	0	102	0	42	1764	0	0	679	403	0	0	341	0	0	0	0	88	0	0	0	0	0	0	183	0
2016_10_13___Hiseq_7_RDB22_GGCTCAAT	0	69	486	12	0	0	0	0	49	0	57	0	0	0	0	0	0	47	0	76	0	0	0	0	95	0	0	0	548	0	0	0	0	61	0	0	0	0	0	0	0	0	0	249	0	0	0	0	0	0	0	515	0	0	0	88	0	63	0	0	0	0	0	0	90	0	0	0	0	0	0	59	217	0	62	0	0	790	0	0	0	0	0	108	89	764	0	0	184	0	0	0	0	323	0	0	0	0	144	0	0	0	119	0	0	0
2016_10_13___Hiseq_7_RDB24_TGCGATAG	0	0	0	0	0	0	0	0	0	0	0	0	0	0	0	0	0	0	0	0	0	0	0	0	0	0	0	0	235	0	33	0	0	0	0	106	0	0	0	0	0	0	0	0	0	0	0	0	0	0	0	81	0	0	0	0	0	0	0	0	0	0	0	0	0	0	0	0	0	0	151	0	16	0	0	0	0	0	0	355	0	0	0	0	161	29	0	38	0	0	0	0	0	0	0	0	0	0	0	0	0	0	0	101	17	0
2016_10_13___Hiseq_7_RDB29_GGATTCAC	0	18	0	69	0	0	0	0	96	0	0	0	0	0	0	0	0	0	0	0	0	0	0	0	129	0	0	0	288	0	0	0	0	0	0	0	0	0	0	0	0	0	0	0	0	0	0	0	0	0	0	0	0	0	91	0	0	0	0	0	0	0	0	0	0	0	0	0	0	194	85	61	0	0	0	38	0	0	0	0	0	0	0	0	0	59	0	0	113	0	0	0	0	40	0	0	0	0	0	0	0	0	0	0	0	15
2016_10_13___Hiseq_7_RDB35_GTGGTATG	0	93	384	0	194	256	0	0	81	0	164	0	62	0	0	0	0	73	0	0	0	0	20	0	0	0	0	0	1168	0	0	0	194	0	0	41	98	0	0	21	0	0	163	0	0	0	0	0	350	0	0	0	0	242	0	0	0	0	0	0	0	0	0	0	13	0	0	13	0	0	0	54	32	0	0	0	0	0	0	0	0	0	0	0	175	93	86	0	609	0	0	0	216	0	0	0	0	0	0	178	0	0	0	0	0	12
2016_10_13___Hiseq_7_RDB37_TAGAACGC	0	0	15	6	0	0	0	0	11	0	2	0	4	0	0	0	0	26	0	0	0	0	0	0	0	0	0	0	68	4	0	0	0	0	0	0	0	0	297	0	0	0	0	0	0	0	0	0	27	0	0	0	16	0	0	0	0	0	0	0	0	7	0	0	5	0	0	0	0	70	10	0	48	0	0	0	31	12	26	0	0	0	0	0	51	8	0	0	90	0	0	26	6	12	0	0	134	0	0	2	0	0	0	0	34	0
2016_10_13___Hiseq_7_RDB39_ACGCAGTA	0	266	0	0	0	84	0	0	0	0	0	0	0	0	0	0	0	0	0	0	0	0	0	0	133	0	0	0	349	0	0	83	222	0	0	0	0	0	0	0	0	262	0	0	0	0	0	0	42	0	0	0	0	195	0	0	0	0	0	0	0	0	0	0	0	0	0	0	0	0	0	0	284	0	0	22	0	74	0	0	0	0	0	0	164	150	0	0	473	0	0	0	0	0	0	0	0	0	14	384	0	0	0	0	0	0
2016_10_13___Hiseq_7_RDB4_TCAGACAC	0	0	47	0	0	0	0	0	0	0	25	0	121	43	0	0	0	91	0	0	0	0	0	0	0	49	0	0	270	0	0	0	0	0	0	0	0	0	0	13	0	0	0	0	0	0	0	0	0	0	0	0	0	0	0	0	0	0	0	6	0	0	33	0	12	0	0	0	84	41	55	0	57	0	0	0	39	0	0	0	32	0	0	0	0	283	0	0	121	0	0	0	0	0	0	0	0	0	0	0	0	0	0	0	0	0
2016_10_13___Hiseq_7_RDB43_TGTCAGTG	0	31	74	28	0	28	0	0	0	0	39	0	69	93	0	0	0	0	0	0	0	0	0	0	3	0	0	0	267	0	0	0	69	0	0	0	0	0	7	0	0	0	0	0	0	0	0	0	0	15	0	0	0	0	0	5	0	0	0	0	0	0	39	0	67	0	0	903	0	0	0	0	0	0	0	0	0	54	0	0	0	93	0	0	35	54	0	0	32	0	90	0	0	0	0	0	0	0	0	0	0	0	0	0	44	0
2016_10_13___Hiseq_7_RDB44_ACGGACTT	200	0	58	80	0	0	0	171	0	0	47	0	0	132	0	141	0	0	114	0	375	0	0	0	103	0	0	0	724	0	0	109	0	0	0	0	64	0	0	112	0	0	0	0	0	22	0	0	0	88	0	0	0	840	0	115	0	0	0	0	0	0	0	0	57	0	0	80	0	134	164	0	298	0	0	0	0	131	0	0	0	0	0	0	107	212	0	0	696	0	0	0	0	0	211	0	121	0	0	0	0	0	63	0	149	0
2016_10_13___Hiseq_7_RDB50_GTCGTTAC	0	0	114	0	20	0	0	0	128	97	0	0	0	0	0	0	0	0	0	0	312	78	0	0	0	0	0	0	122	0	0	0	0	0	0	0	0	0	0	0	0	0	0	0	0	0	0	0	0	0	0	0	70	0	0	0	0	0	0	395	0	0	0	0	0	0	0	0	0	0	76	0	0	0	0	0	0	0	0	0	0	0	0	0	0	38	0	0	241	0	0	0	0	0	0	0	0	0	0	0	0	0	0	0	103	0
2016_10_13___Hiseq_7_RDB51_CAAGCCAA	0	0	2143	40	0	45	0	0	0	0	0	0	0	0	0	0	0	0	0	0	0	0	280	0	0	0	0	0	367	45	0	0	0	0	159	0	110	0	0	89	0	0	0	0	0	0	0	0	29	0	0	0	0	0	0	0	0	593	0	102	0	48	57	0	157	0	0	0	0	0	226	43	13	0	0	0	0	133	0	0	12	0	0	0	43	35	0	0	183	0	0	0	0	82	0	0	0	0	71	0	0	0	0	0	0	0
2016_10_13___Hiseq_7_RDB55_GTATTCCG	0	67	0	0	0	0	0	0	0	0	79	0	0	100	0	0	89	0	0	14	279	0	0	0	0	0	0	0	831	0	0	0	48	177	156	84	0	0	0	0	0	149	0	0	0	0	0	0	0	30	0	0	0	439	0	95	167	0	0	26	0	0	0	0	71	0	0	184	0	0	202	37	0	0	0	94	0	365	0	0	0	0	118	0	139	17	0	47	421	0	0	0	0	29	0	80	14	0	0	0	0	0	0	0	134	0
2016_10_13___Hiseq_7_RDB57_CCGTAACT	0	0	181	0	0	0	0	0	0	0	30	0	0	19	0	50	0	0	0	0	0	0	0	0	0	0	0	0	219	0	0	0	0	0	0	0	15	0	0	18	0	0	0	0	0	0	0	0	0	0	0	0	0	0	0	0	0	0	0	0	0	0	0	0	0	0	0	0	21	0	0	15	0	0	0	0	0	0	0	0	0	0	0	0	242	30	0	0	0	0	0	0	0	0	0	0	0	0	0	0	0	0	0	0	0	0
2016_10_13___Hiseq_7_RDB58_GATACCTG	0	829	18	51	44	0	0	0	114	0	0	0	0	0	545	0	0	0	0	0	129	0	0	0	0	0	0	0	857	0	0	0	138	0	0	0	74	0	0	0	0	0	0	0	0	0	0	0	0	0	0	0	16	62	0	42	0	59	0	0	0	0	0	0	57	0	0	0	232	201	0	0	201	0	0	0	57	0	87	0	0	0	0	0	0	119	0	0	0	0	0	0	0	131	0	0	0	0	0	0	0	0	0	76	0	92
2016_10_13___Hiseq_7_RDB6_AACCTACG	0	0	50	0	0	0	0	0	0	0	0	10	0	27	0	0	0	116	0	0	55	0	0	0	0	0	0	0	267	0	0	0	81	0	0	0	0	338	0	0	0	0	0	0	0	0	0	4350	0	0	14	0	0	39	0	0	0	17913	0	353	95	0	0	0	26	0	960	88	0	0	0	0	3637	0	61	61	0	0	0	87	0	0	41	22	11249	20	0	0	279	0	0	0	0	0	0	0	0	23	0	0	0	0	14	0	0	0
2016_10_13___Hiseq_7_RDB62_GTTCTTCG	0	61	0	59	41	31	0	30	0	0	152	0	0	711	0	0	0	0	0	0	0	0	0	0	0	0	0	0	556	0	0	0	0	0	10	0	71	99	0	0	0	0	0	0	24	0	10	73	0	0	0	0	153	35	0	40	0	75	0	0	0	0	0	0	40	0	0	31	153	0	35	106	0	0	0	0	0	0	0	0	0	0	0	0	0	83	42	0	103	0	0	0	0	0	0	35	0	20	0	0	0	0	0	0	0	0
2016_10_13___Hiseq_7_RDB65_GAATGGCA	0	13	22	27	0	0	0	0	0	0	599	0	0	379	0	118	0	0	0	0	0	0	0	0	0	0	0	0	946	0	0	0	0	0	0	0	304	0	0	0	0	0	0	0	0	0	0	0	0	0	0	0	0	0	72	123	0	74	0	0	0	0	0	0	92	72	0	72	317	0	0	295	0	123	0	0	0	0	0	179	0	0	0	0	79	325	0	0	166	0	46	0	0	41	47	0	0	0	0	0	0	64	37	0	0	0
2016_10_13___Hiseq_7_RDB67_TACATCGG	0	0	126	0	81	0	0	0	31	0	180	0	0	251	0	0	0	0	0	0	0	0	0	0	0	0	0	0	459	0	0	0	0	0	0	0	0	0	0	0	0	34	0	0	0	0	0	0	0	0	0	0	0	12	62	98	0	104	0	0	0	0	0	0	0	0	0	142	32	160	0	17	23	128	0	0	0	232	0	0	0	0	0	0	0	0	0	0	580	0	0	0	0	0	0	0	0	0	0	0	0	0	0	0	95	0
2016_10_13___Hiseq_7_RDB69_TTGCTTGG	0	0	0	0	0	0	0	0	0	0	252	0	0	329	0	0	0	0	0	0	0	0	0	0	0	0	0	0	406	0	0	85	0	0	0	0	0	0	0	0	0	0	0	0	0	0	0	0	0	0	0	0	0	136	0	0	0	44	0	0	0	0	0	0	52	28	0	47	0	0	44	31	232	0	0	0	0	44	0	0	0	0	0	0	57	337	0	0	141	0	0	0	0	46	0	0	0	0	0	0	0	0	63	0	0	0
2016_10_13___Hiseq_7_RDB71_ATGACAGG	0	0	0	0	0	0	0	0	0	0	248	0	0	279	0	91	0	0	0	64	114	0	0	0	0	0	0	0	1297	0	0	0	0	0	0	0	68	0	0	0	0	0	0	0	0	0	0	0	0	0	0	185	100	0	24	0	0	0	0	49	50	0	0	0	72	0	29	0	0	115	43	122	61	0	0	0	0	126	68	0	0	0	0	0	0	12695	0	0	106	0	9	0	0	62	17	0	0	0	0	0	0	89	0	36	0	0
2016_10_13___Hiseq_7_RDB74_GGAATGTC	0	0	332	227	30	0	0	0	0	0	655	0	0	149	54	0	0	32	0	0	89	0	0	0	133	214	0	0	2921	0	0	362	0	136	0	0	89	0	0	132	0	58	0	0	49	0	0	0	0	73	0	0	147	0	0	352	0	0	0	0	127	0	0	0	48	0	0	144	195	0	521	257	86	0	0	0	0	59	0	0	9	0	0	0	101	1041	0	13	680	0	0	0	0	0	0	0	0	18	0	0	0	0	17	0	142	0
2016_10_13___Hiseq_7_RDB76_TCACGATG	0	0	0	34	37	0	0	28	52	21	471	0	0	0	0	10	0	161	0	30	534	0	0	0	0	0	0	0	2887	0	0	74	31	0	0	0	14	0	15	37	0	0	0	0	0	0	0	0	26	0	0	0	21	25	4	0	8	0	39	78	0	0	0	0	7	0	0	63	279	141	339	94	111	0	49	15	0	9	17	0	19	0	0	0	115	273	31	0	114	178	42	0	0	30	0	0	0	0	0	0	0	0	0	24	33	0
2016_10_13___Hiseq_7_RDB80_CTTACAGC	46	0	0	0	0	0	0	0	0	0	67	0	0	0	0	0	0	0	112	0	0	0	109	0	0	0	0	0	368	0	0	0	0	0	0	0	0	0	0	0	0	0	0	0	0	0	0	0	0	0	0	0	436	0	0	0	0	0	0	0	0	0	0	0	0	0	0	92	0	0	0	0	0	133	0	0	0	0	0	0	0	0	0	0	0	0	0	0	46	0	0	0	0	33	0	0	0	159	0	0	0	0	0	0	0	0
2016_10_13___Hiseq_7_RDB83_TAGTGCCA	0	0	0	45	0	0	0	0	0	0	0	82	0	0	0	0	0	0	0	77	0	0	0	0	0	0	0	0	373	0	0	0	0	0	145	0	0	0	0	217	0	0	0	0	0	0	0	0	0	0	0	0	0	0	0	152	0	0	0	0	0	0	0	0	18	26	0	0	30	0	119	30	198	0	0	0	0	0	38	0	0	0	0	0	0	0	0	0	0	0	0	0	81	0	0	0	0	0	0	0	0	0	0	0	112	0
2016_10_13___Hiseq_7_RDB88_AGATTGCG	0	0	0	0	0	0	0	0	0	0	114	0	0	0	424	0	0	0	0	0	0	0	0	0	0	0	0	0	508	0	0	0	0	0	0	0	0	0	0	0	0	0	0	0	0	0	0	0	0	0	0	0	0	0	0	0	0	0	0	0	0	0	0	0	0	0	0	0	0	0	0	0	126	0	0	0	73	69	0	0	0	0	0	0	0	40	31	0	116	0	0	0	0	50	0	0	0	0	0	0	0	0	0	0	0	0
2016_10_13___Hiseq_7_RDB9_GGTACGAA	0	0	485	0	100	0	0	0	0	120	326	0	74	726	89	0	0	30	0	0	0	0	0	0	167	0	23	0	1254	0	0	0	270	0	0	38	35	0	63	0	0	376	142	0	0	0	0	73	58	0	0	0	307	0	0	0	0	14	33	0	0	0	0	0	319	0	55	203	559	0	0	83	197	106	0	43	0	313	253	0	0	0	0	134	71	564	0	151	1250	0	0	58	699	0	0	0	0	0	0	0	0	0	0	0	0	0
2016_10_13___Hiseq_7_RDB90_CCGATGTA	0	147	103	0	0	0	0	0	0	357	0	0	0	0	0	33	0	0	16	0	0	0	0	0	266	0	0	0	523	0	0	82	0	0	0	0	0	0	0	0	0	0	0	0	0	0	0	44	0	0	0	0	8	0	213	0	0	0	56	0	0	0	0	0	0	0	0	0	10	0	316	0	8	0	0	52	0	135	0	0	0	0	0	0	0	96	0	0	80	0	0	0	0	0	45	0	0	0	0	0	0	0	497	0	0	0
2016_10_13___Hiseq_7_RDB95_CTGCCATA	0	0	219	42	0	0	0	0	0	0	21	0	0	20	0	0	0	0	0	7	88	0	57	41	21	0	99	0	1036	0	0	158	0	0	7	0	0	0	0	0	0	10	0	23	0	0	0	0	0	18	0	0	4	41	0	0	0	10	0	0	0	0	0	0	48	0	0	63	6	0	96	0	51	19	0	19	0	0	6	0	37	0	0	5	38	127	0	14	223	0	0	0	0	0	0	0	0	15	46	0	0	0	0	18	52	0
2016_10_13___Hiseq_7_RDB97_GTAACCGA	0	0	290	0	0	0	0	0	0	0	0	0	0	0	0	0	144	0	88	0	0	0	0	0	0	0	0	0	142	0	0	178	0	0	0	0	25	0	0	0	0	0	0	0	0	0	0	0	0	0	0	0	0	0	0	0	0	0	0	0	79	0	0	0	129	0	0	0	0	0	77	0	0	0	0	0	0	48	0	0	0	0	0	0	72	126	0	0	236	0	0	0	0	0	29	55	0	0	0	0	0	0	0	0	0	0
2016_10_13___Hiseq_7_RDB99_GTTAAGCG	0	30	91	0	13	0	0	0	0	45	21	0	0	0	0	0	0	0	0	0	0	0	62	0	94	0	100	0	1386	0	0	0	0	0	0	0	59	0	0	0	0	0	0	0	0	0	0	0	0	0	0	0	0	46	0	0	0	0	0	0	0	0	0	0	0	0	12	82	137	0	52	56	0	0	0	0	0	31	0	0	0	0	53	0	466	290	0	0	264	0	0	0	245	0	0	0	0	0	0	0	23	0	0	0	0	0
2016_11_30___Hiseq_8_RDB12_ATCCACGA	0	0	0	0	0	0	0	0	0	0	0	0	0	0	0	0	0	32	0	0	0	0	0	0	0	0	0	0	0	0	0	0	0	0	0	0	0	0	0	0	0	0	0	0	0	0	0	0	0	0	0	0	0	0	0	0	0	0	0	0	51	0	0	0	0	0	0	45	0	0	0	0	6	0	0	0	0	0	0	0	0	0	0	0	59	5	0	0	0	0	0	0	0	0	0	0	0	0	0	0	0	0	51	0	0	0
2016_11_30___Hiseq_8_RDB16_GAGCAATC	0	0	100	0	0	0	0	0	0	0	0	0	0	0	0	0	0	0	0	0	0	0	0	0	0	0	0	0	0	0	0	0	0	0	0	0	0	0	0	0	0	0	0	0	0	445	0	0	0	0	0	0	0	0	0	0	0	0	0	0	0	0	0	0	36	0	0	43	0	0	0	0	14	0	0	0	0	0	0	0	0	0	0	0	0	81	0	0	0	0	0	0	0	0	0	0	0	0	0	0	0	0	0	0	0	0
2016_11_30___Hiseq_8_RDB18_ACTCCTAC	0	0	0	0	0	0	0	0	0	0	0	0	0	0	0	0	0	0	0	0	0	0	72	0	0	0	0	0	0	0	0	0	0	0	0	0	0	0	0	0	0	0	0	0	0	0	0	0	0	0	0	0	0	0	0	0	0	0	0	0	0	0	0	0	0	0	0	0	0	0	33	0	5398	0	0	0	0	0	0	0	0	0	0	0	0	0	0	0	240	0	0	0	0	0	0	0	0	0	0	0	0	0	0	0	0	0
2016_11_30___Hiseq_8_RDB22_GGCTCAAT	0	0	42	0	0	0	0	0	0	0	0	0	0	0	0	15	0	0	0	0	0	0	0	0	0	0	0	0	0	51	0	0	0	0	0	0	0	0	0	0	0	0	0	0	13	0	0	0	0	0	0	0	0	0	0	0	0	0	0	0	0	0	0	0	0	0	0	0	0	0	0	148	9	0	0	0	0	0	0	0	0	0	0	0	0	0	0	0	0	0	0	0	0	0	0	0	0	0	0	0	0	0	0	0	0	0
2016_11_30___Hiseq_8_RDB23_TATGCGGT	0	0	31	0	0	0	0	0	0	0	0	0	0	0	0	0	0	0	0	0	0	0	0	0	0	0	0	0	0	26	0	0	0	0	0	0	0	0	0	0	0	0	117	0	0	0	0	0	0	0	0	0	0	0	0	0	0	0	0	2	0	0	0	0	0	0	0	17	0	0	0	0	3	0	0	0	0	7	0	0	0	0	0	0	0	3	0	0	100	0	0	0	0	0	0	0	0	0	0	0	9	0	0	0	0	0
2016_11_30___Hiseq_8_RDB25_CCTATTGG	0	0	134	0	0	0	0	160	0	0	0	0	0	0	0	62	0	0	0	0	0	0	0	0	0	0	0	0	0	183	0	0	0	0	0	0	0	0	0	109	0	0	0	0	0	172	0	0	0	0	0	0	110	0	0	0	0	0	0	0	0	0	0	0	0	0	0	0	0	0	0	51	0	133	0	0	0	0	0	0	0	0	0	0	86	70	0	0	164	0	0	0	0	0	0	0	0	0	0	0	0	0	0	0	0	0
2016_11_30___Hiseq_8_RDB3_CGGAGTAT	0	0	0	0	0	0	131	0	0	0	0	0	0	0	0	0	0	0	75	0	0	0	0	0	0	0	0	0	0	196	0	0	0	0	0	0	0	47	0	0	0	0	0	0	0	0	4	0	0	0	0	0	0	0	0	0	0	0	0	0	0	0	0	0	33	0	0	27	0	0	0	0	0	0	0	0	0	0	0	0	0	0	0	0	284	34	0	0	1883	0	0	0	0	0	0	0	0	0	0	0	0	0	0	0	0	0
2016_11_30___Hiseq_8_RDB46_GATCTTGC	0	0	0	0	0	0	54	0	0	0	0	0	0	0	0	0	31	0	0	0	0	0	0	0	0	0	0	0	0	157	0	0	0	0	310	0	0	0	0	0	0	0	0	0	21	0	0	96	0	0	0	0	0	0	0	0	0	0	0	0	0	0	0	0	0	0	0	0	0	0	0	0	98	0	0	0	0	0	0	0	0	0	0	0	0	43	0	0	0	0	0	0	0	0	0	0	0	0	0	0	0	0	0	0	0	0
2016_11_30___Hiseq_8_RDB47_TACTAGCG	0	0	0	0	0	0	0	0	0	0	0	0	0	0	0	0	0	0	0	0	0	0	0	0	0	0	0	0	0	0	0	0	0	0	0	0	0	0	0	0	0	0	0	0	0	0	0	0	0	0	0	0	0	0	0	0	0	0	0	0	0	0	0	0	0	0	0	0	0	0	0	0	46083	0	0	0	0	0	0	0	0	0	0	0	0	0	0	0	0	0	0	0	0	0	0	0	0	0	0	0	0	0	0	0	0	0
2016_11_30___Hiseq_8_RDB49_AGAGGATG	0	0	0	0	0	0	0	0	0	0	0	0	0	0	0	0	0	489	0	0	0	0	0	0	0	0	0	0	0	0	0	0	0	0	0	0	0	0	0	0	0	0	0	0	0	0	0	0	0	0	0	0	0	0	0	0	0	0	0	0	0	0	0	0	0	0	0	0	0	0	0	0	26589	0	0	0	0	0	0	0	0	0	0	0	0	0	0	0	0	0	0	0	0	0	0	0	0	0	0	0	0	0	0	0	0	0
2016_11_30___Hiseq_8_RDB52_CATGTGTG	0	0	0	0	0	0	0	0	0	0	0	0	0	0	0	0	0	0	85	0	0	0	0	0	0	0	0	0	90	155	0	0	0	0	0	0	0	0	0	0	0	0	0	0	0	0	0	0	0	0	0	0	0	0	0	0	0	0	4	0	0	0	0	0	0	0	0	0	0	0	0	0	1228	0	0	174	0	0	0	0	0	0	0	0	120	24	0	0	142	0	0	0	0	27	0	0	0	0	0	0	0	0	0	0	0	0
2016_11_30___Hiseq_8_RDB54_GGTTGGTA	0	0	0	0	0	0	117	0	0	0	0	0	0	0	0	0	0	0	108	0	0	0	0	0	0	0	0	0	0	0	0	0	0	0	12	0	0	0	0	0	0	0	0	0	0	0	0	0	0	0	0	0	0	0	0	0	0	0	0	0	0	0	0	0	0	0	0	30	71	0	0	0	201	0	0	0	0	0	0	0	0	0	0	0	0	0	100	0	0	0	0	0	0	0	0	0	0	0	0	0	0	0	0	0	0	0
2016_11_30___Hiseq_8_RDB58_GATACCTG	0	0	0	0	0	0	78	0	0	0	0	0	0	0	0	0	0	70	0	0	0	0	0	0	0	0	0	0	6	107	0	0	0	0	11	0	0	0	0	0	0	0	0	0	0	18	0	0	0	0	0	0	28	0	0	0	0	69	0	0	0	0	0	0	70	0	0	106	0	0	0	0	85	0	0	0	0	0	0	0	0	0	0	0	0	95	0	0	0	0	0	0	0	0	0	0	0	10	0	0	0	0	0	0	0	0
2016_11_30___Hiseq_8_RDB62_GTTCTTCG	0	0	0	0	0	0	0	0	0	0	0	0	0	0	0	0	10	253	0	0	0	0	0	0	0	0	0	0	93	0	0	0	0	0	0	0	0	0	0	0	0	0	0	0	0	0	0	0	0	0	0	0	0	0	0	63	0	0	0	0	0	0	0	0	0	0	0	0	0	0	0	0	20256	0	0	0	0	0	0	0	0	0	0	0	21	0	0	0	47	25	0	0	0	0	0	0	0	0	0	0	0	0	0	0	0	0
2016_11_30___Hiseq_8_RDB65_GAATGGCA	45	5	0	30	0	0	0	0	0	0	0	0	0	0	0	24	287	4078	0	0	0	0	0	0	0	0	0	0	523	0	0	0	5	0	0	0	0	0	0	0	0	6	0	0	0	12	17	0	0	0	0	0	0	0	0	4	0	0	0	0	0	0	0	0	0	0	0	47	0	0	0	0	327	0	0	0	0	0	0	0	0	0	0	0	0	21	0	0	484	0	0	0	0	0	0	0	0	0	0	0	0	0	0	0	0	0
2016_11_30___Hiseq_8_RDB80_CTTACAGC	0	0	0	0	0	53	0	0	0	0	0	0	0	1348	0	0	15	0	11	0	0	0	0	0	0	0	0	0	45	0	0	0	147	12	0	0	50	0	0	0	0	0	0	0	0	0	0	0	0	0	18	0	8	0	0	0	32	0	0	0	0	0	0	0	0	0	0	28	0	0	0	0	32165	0	0	0	0	0	0	0	0	0	0	0	0	36	0	0	112	0	0	0	0	6	0	0	0	0	0	0	0	0	0	0	0	0
2016_11_30___Hiseq_8_RDB81_GAACGGTT	0	0	49	0	62	0	0	0	0	0	0	0	0	0	0	0	45	0	0	0	0	0	0	0	0	0	0	0	370	18	0	0	0	0	0	0	151	0	0	0	4	0	0	0	0	0	0	0	0	0	0	0	0	0	0	243	0	0	0	0	0	0	0	0	0	0	0	0	0	41	0	95	298	0	0	0	0	33	0	0	0	0	0	21	24	0	0	39	202	0	0	0	0	0	0	0	0	0	0	0	0	0	0	0	0	40
2016_11_30___Hiseq_8_RDB9_GGTACGAA	0	0	0	0	0	0	217	0	0	0	0	0	0	0	0	0	0	0	0	0	0	0	0	0	0	0	0	0	65	0	0	0	0	0	31	0	0	0	0	37	0	0	0	0	0	0	0	0	0	0	0	0	0	0	0	0	0	0	0	0	0	0	0	0	0	0	0	0	0	0	0	0	7715	0	0	0	0	0	0	0	0	0	0	32	0	0	0	0	0	0	0	0	0	0	0	0	0	0	0	0	0	0	0	0	0	0
2016_1_14___Hiseq_5_BC1_CTACCAGG	0	0	882	188	441	0	0	0	247	0	75	0	169	0	0	0	0	0	0	0	439	310	0	0	0	0	0	0	1115	0	0	0	0	0	0	118	0	0	0	13	0	0	645	0	0	0	0	0	119	0	0	0	0	0	0	0	0	0	0	0	0	0	0	0	339	0	10	463	0	454	0	117	20	0	165	0	0	700	0	0	0	0	0	0	370	296	0	547	528	217	157	0	327	0	0	0	0	0	0	1046	0	9	5	0	330	0
2016_1_14___Hiseq_5_BC12_TTCGCTGA	187	0	1163	656	87	122	0	0	119	0	0	0	0	0	0	0	0	0	709	0	291	0	0	192	0	0	284	517	1092	0	21	0	83	0	248	0	0	0	0	322	0	0	0	0	0	0	0	0	0	0	0	0	710	858	0	447	329	458	0	0	124	0	0	0	75	0	0	1554	0	0	558	219	448	0	76	0	0	1269	0	0	0	0	0	0	320	844	0	0	2293	0	252	0	193	0	339	0	0	0	0	975	163	0	0	0	0	0
2016_1_14___Hiseq_5_BC3_GCACATCT	147	0	57	28	22	168	0	0	0	0	218	46	0	0	0	2	0	0	39	98	182	32	0	0	0	89	0	0	837	0	163	0	128	0	0	0	146	0	65	166	2	45	0	0	31	52	0	0	0	15	0	0	102	110	501	443	0	33	0	3	0	0	0	0	377	0	0	154	85	127	316	0	224	0	0	0	0	749	0	0	0	0	3	0	86	115	0	0	1663	0	0	0	100	0	0	0	0	0	161	0	0	0	0	0	78	0
2016_1_14___Hiseq_5_BC6_AGTTGCTT	0	0	128	414	11	0	0	0	0	0	52	10	0	0	0	0	0	0	0	0	435	0	0	0	802	16	0	0	991	0	0	462	0	0	0	0	0	0	0	190	110	699	0	27	0	0	82	0	0	0	0	0	14	0	438	0	0	150	0	0	356	0	0	0	56	0	0	7	0	748	522	55	206	0	0	0	0	331	0	0	0	0	0	0	390	455	386	0	2047	123	9	0	0	235	0	0	0	114	696	320	0	0	0	148	10	0
2016_1_14___Hiseq_5_BC8_TTGAGCCT	361	0	434	490	0	693	0	0	0	0	0	88	0	0	0	0	0	0	0	0	674	0	0	171	426	1586	0	0	610	0	0	698	0	0	0	0	0	0	0	709	0	389	0	0	51	243	0	0	0	0	0	0	469	0	0	668	0	262	0	0	0	0	0	223	76	0	216	720	0	0	683	0	165	0	0	0	0	0	0	0	0	0	0	0	0	909	0	309	2124	0	0	0	158	0	0	0	0	14	0	0	0	401	164	0	550	52
2016_1_14___Hiseq_5_RDB201_TACTCCAG	0	0	815	123	593	1651	0	0	815	0	943	0	0	0	1273	0	0	0	130	0	0	0	0	0	459	0	0	61	2823	0	0	682	0	0	0	566	0	0	0	607	540	0	0	0	0	797	0	0	0	0	0	0	0	0	0	0	0	1557	0	0	217	0	152	0	348	0	0	0	778	0	875	153	497	101	0	34	543	4087	318	0	415	736	0	567	352	2047	59	1657	2498	0	0	0	357	0	0	0	0	1560	0	0	35	304	0	30	0	0
2016_1_14___Hiseq_5_RDB205_AAGAGGCA	0	0	5780	0	189	1453	0	0	387	0	302	0	6428	0	11355	257	0	522	0	0	0	0	1397	0	3926	481	0	0	1418	639	0	0	548	0	1617	0	0	0	0	0	35	0	0	0	0	0	236	245	459	0	0	0	0	823	0	0	0	40813	329	0	0	0	260	269	934	3767	0	31	794	0	1429	0	3932	0	0	0	0	0	6149	7330	0	573	479	0	4155	6356	28	973	1908	2360	0	0	1355	2813	0	0	989	220	292	0	0	2697	164	0	276	0
2016_1_14___Hiseq_5_RDB209_AGAAGGAC	1098	0	2547	177	0	568	0	0	563	0	170	0	0	0	0	42	825	0	0	0	133	0	0	848	0	0	0	0	1739	0	0	1577	0	0	940	0	397	0	0	271	494	1315	88	0	142	0	0	0	0	0	0	0	0	347	596	710	0	65	347	0	473	0	0	0	347	0	0	1008	0	15	485	263	843	674	0	0	0	1296	0	0	0	0	0	0	0	4109	0	2481	7552	0	57	0	0	0	0	0	0	66	0	0	352	0	0	0	726	0
2016_1_14___Hiseq_5_RDB211_AGCTTCAG	0	158	1035	972	0	787	0	0	0	0	1949	0	767	0	376	57	425	640	0	0	617	0	0	490	1200	682	0	420	7360	0	0	533	562	0	0	380	0	0	0	638	0	546	0	0	205	0	187	0	0	641	0	0	115	0	79	0	332	1027	481	0	1190	0	0	0	0	0	0	848	293	154	1217	458	1932	0	123	0	0	1659	0	0	0	0	0	296	773	1681	0	2047	8891	0	0	0	0	32921	0	236	0	0	1706	0	16	0	595	0	0	482
2016_1_14___Hiseq_5_RDB213_AGGTTCCT	0	0	1453	0	0	0	0	0	0	0	0	0	0	0	0	0	0	0	481	0	0	0	0	0	0	807	0	0	2317	0	0	0	0	0	1495	0	0	0	0	1094	217	0	0	0	0	0	0	0	0	0	307	0	419	0	0	0	0	34	0	0	389	90	0	0	21	102	0	673	0	0	0	0	408	0	0	0	1524	2013	0	0	0	0	0	0	1547	178	43	0	1379	0	0	0	0	778	0	1142	0	0	0	0	0	0	412	0	1477	0
2016_1_14___Hiseq_5_RDB224_GAAGATCC	695	0	854	1124	195	0	0	0	0	335	0	0	0	178	1244	0	0	0	0	296	1635	0	0	0	264	0	0	0	3390	17	0	952	446	0	0	747	0	0	109	619	164	784	2188	299	0	1854	108	0	0	0	219	0	795	506	0	297	0	810	0	735	819	0	0	297	1081	0	0	1150	0	1037	1690	0	716	0	163	0	0	4918	0	0	243	0	0	0	1272	1825	490	423	10925	0	320	0	29	1531	0	0	0	170	0	0	0	0	495	0	1591	0
2016_1_14___Hiseq_5_RDB226_GAGAAGGT	0	0	0	0	451	278	0	0	362	0	69	486	383	783	0	0	0	0	0	0	0	0	0	0	0	0	0	0	878	0	0	0	81	0	1307	0	0	0	0	0	701	0	0	0	188	679	0	0	0	0	0	0	1221	0	0	736	0	0	0	0	36	0	0	237	757	0	0	1044	0	270	15	0	0	0	0	0	0	1636	0	0	0	0	0	0	864	970	0	0	2512	0	0	0	984	0	0	0	0	259	0	0	0	1333	0	0	181	0
2016_1_14___Hiseq_5_RDB228_GATGCTAC	0	0	373	0	0	0	0	0	900	0	1134	0	3852	2084	0	0	0	0	0	860	1003	691	0	259	166	0	0	0	317	0	0	0	0	0	648	0	264	1108	0	479	0	0	199	0	0	0	0	0	0	0	0	0	0	419	0	2023	0	20240	0	160	299	0	0	0	0	0	1571	4500	0	736	905	38	227	0	0	0	0	1979	0	0	0	0	2832	0	40378	1419	0	0	3239	0	0	0	149	0	0	0	0	0	0	2361	205	0	0	0	549	384
2016_1_14___Hiseq_5_RDB231_GGACAGAT	506	0	892	0	86	813	0	0	573	14	13	0	298	735	0	488	0	0	0	195	0	0	0	0	0	0	0	0	2408	162	0	0	0	0	0	82	0	326	8	0	162	690	398	147	0	426	0	0	0	0	0	0	775	1386	0	0	0	363	0	0	562	0	226	560	279	0	0	218	0	0	0	281	1191	0	0	9	0	2944	0	0	0	0	0	0	480	580	0	0	1197	190	0	0	0	0	10	0	0	172	0	0	0	0	0	0	672	0
2016_1_14___Hiseq_5_RDB236_TAGTCTCG	0	0	827	0	569	1202	0	0	0	0	1608	0	0	0	0	839	0	0	0	0	0	0	0	0	0	0	0	0	1411	0	0	47	0	0	516	0	0	0	0	0	0	0	352	0	30	0	0	0	0	0	314	0	0	0	0	0	0	0	0	164	0	0	0	363	0	0	0	0	0	0	301	0	322	0	0	0	0	128	0	0	0	0	0	261	253	680	0	0	96	0	0	0	0	0	0	0	0	0	0	0	0	0	126	0	0	0
2016_1_14___Hiseq_5_RDB238_TCGATGAC	0	0	533	188	72	1098	0	0	15	0	0	0	0	61	0	0	0	0	939	103	358	0	0	0	746	0	0	0	1092	0	0	0	0	0	0	0	0	0	0	636	0	440	0	0	0	0	0	0	0	210	0	0	67	0	308	523	0	275	0	242	540	0	0	0	320	0	0	0	218	269	1391	0	1157	0	0	0	0	4643	0	0	781	0	0	0	77	192	0	0	9302	0	132	0	327	143	0	0	0	0	0	0	297	237	0	82	1364	0
2016_1_14___Hiseq_5_RDB243_ACATGCCA	0	0	790	0	96	1068	0	0	0	0	0	0	0	0	2958	0	0	0	347	0	0	0	76	6592	328	0	0	0	782	0	0	0	0	0	748	650	0	0	0	237	0	0	0	0	0	0	0	0	118	0	0	0	607	0	0	0	0	142	0	0	0	0	0	0	13	0	0	302	0	0	1118	0	1151	0	0	0	0	319	0	0	224	0	0	0	179	345	0	0	2297	0	27	756	0	0	645	0	362	92	525	0	0	382	0	754	0	0
2016_1_14___Hiseq_5_RDB245_AGAAGTGG	0	0	514	272	39	241	0	0	0	268	274	0	0	0	100	0	421	0	0	0	0	0	153	0	0	0	0	0	660	0	0	19	176	0	1070	0	0	0	0	0	333	0	0	0	0	350	0	0	0	0	0	0	635	0	0	659	0	855	0	0	150	0	0	0	0	0	0	0	0	69	0	12	1540	16	0	0	0	745	0	0	0	0	0	394	140	754	0	165	2478	0	0	0	0	0	0	0	0	0	0	0	0	0	0	0	373	0
2016_1_14___Hiseq_5_RDB249_ATCATGCG	315	0	122	0	108	406	0	13	42	48	124	0	4	135	0	0	69	0	0	20	11	4	52	0	97	35	34	0	2089	0	0	302	68	0	13	0	0	0	0	63	0	412	0	0	27	1059	202	0	0	25	29	0	257	170	69	21	3	161	0	0	142	0	0	35	311	0	0	147	190	272	164	166	694	0	119	0	0	811	525	0	0	0	0	25	0	1418	0	57	1543	0	0	0	83	6	0	0	0	0	0	0	0	188	0	0	128	0
2016_1_14___Hiseq_5_RDB252_CAGCATAC	0	0	196	185	40	605	0	0	0	0	0	302	0	452	0	263	0	0	0	0	0	0	0	0	2347	0	0	0	2407	0	0	147	67	0	774	0	0	0	0	0	1076	1078	0	0	0	0	0	0	0	230	0	0	1077	0	0	0	139	2172	0	0	0	0	0	452	561	0	0	371	270	489	1396	137	1230	0	0	0	0	1256	255	72	0	0	0	0	437	1660	171	1360	4572	0	0	278	0	2819	0	0	0	0	0	331	0	0	204	99	729	0
2016_1_14___Hiseq_5_RDB254_CATCACGT	0	0	542	0	28	1235	0	0	0	382	1470	293	0	759	0	0	559	0	0	317	0	0	0	0	0	827	0	0	7965	79	0	0	0	0	380	6035	589	719	0	0	0	63	656	0	0	0	310	0	0	0	0	0	0	0	855	0	0	624	0	0	0	0	0	0	945	860	0	2732	583	0	540	137	920	0	0	0	0	1496	0	0	86	0	0	543	19	2456	0	235	7729	0	499	0	0	252	266	0	0	0	986	0	0	0	0	0	142	0
2016_1_14___Hiseq_5_RDB256_CCACATTG	0	325	2641	277	470	138	0	324	192	0	369	0	410	0	0	0	25	0	0	0	0	163	0	758	0	0	0	304	1834	105	0	801	839	0	407	0	0	0	0	240	581	0	557	0	205	0	0	0	0	0	0	53	1461	0	396	1032	0	859	459	0	0	0	0	702	843	0	833	7786	0	360	2800	1350	1970	0	0	0	0	2664	225	40	420	0	0	0	0	2023	0	1256	2076	0	0	0	0	161	275	544	0	0	0	0	224	49	0	0	368	262
2016_1_14___Hiseq_5_RDB261_GCAATTCC	0	288	76	0	95	65	0	0	315	0	219	0	406	0	0	0	130	101	0	0	23	0	0	275	0	0	0	0	1805	0	0	0	0	0	270	0	0	0	0	118	56	135	85	99	0	0	0	47	7	0	0	0	103	163	65	0	0	67	74	0	0	0	0	69	273	260	0	400	101	0	12	60	49	0	120	0	0	698	0	70	0	0	0	0	308	355	0	46	135	0	14	80	0	118	33	0	0	0	0	0	0	0	50	0	272	134
2016_1_14___Hiseq_5_RDB269_AAGGCGTA	1283	244	701	2040	164	1731	0	574	0	0	233	0	0	0	0	37	0	0	131	153	6297	0	0	0	0	0	0	0	6583	0	0	223	440	0	0	0	0	0	0	2439	302	1734	1419	472	0	0	0	0	0	904	0	538	697	918	0	7434	0	0	0	0	706	0	0	0	2169	0	0	412	207	4296	4101	234	2042	0	0	0	0	4586	0	2515	0	0	0	348	1137	1085	0	0	12161	0	0	180	1901	0	0	0	0	163	0	0	0	2143	0	0	2407	426
2016_1_14___Hiseq_5_RDB271_ACACGAGA	2806	0	972	1891	0	777	0	342	0	0	411	24	0	0	0	0	157	0	103	493	6726	599	0	0	244	0	0	0	5724	0	0	147	1013	0	0	143	278	0	0	3084	143	2107	1860	2352	0	0	0	36	48	580	0	223	113	596	1064	11003	123	489	0	0	356	0	52	89	3782	0	66	77	577	4600	4987	0	6105	0	179	0	0	7754	29	1527	240	0	90	0	267	3283	71	66	24518	0	201	228	3486	0	21	0	0	25	262	0	0	591	246	0	3162	134
2016_1_14___Hiseq_5_RDB276_AGAAGCCT	425	0	1162	2522	103	1874	91	0	0	0	414	0	583	0	483	0	0	473	0	0	2769	0	0	0	798	241	0	0	5171	0	0	619	0	0	288	100	372	445	0	2001	0	722	711	758	0	0	0	0	0	559	0	1402	0	0	0	6169	406	793	0	0	176	0	0	0	815	0	0	4140	751	2992	2857	148	278	0	82	0	0	7365	0	0	0	213	0	0	762	18871	124	171	14323	0	322	0	0	0	0	8859	3468	0	0	0	0	0	0	0	3105	0
2016_1_14___Hiseq_5_RDB278_ATGCCTAG	0	0	837	1910	72	611	435	192	843	0	391	447	637	140	2421	270	0	0	48	339	1798	0	0	0	198	0	0	0	5862	144	0	1276	0	510	1350	771	0	1168	0	1516	363	211	0	250	0	0	452	0	0	0	0	0	0	712	169	5770	45	1226	0	0	255	0	292	0	1456	0	83	773	324	379	3674	56	1034	0	15	0	0	6714	0	0	0	0	489	217	267	4133	707	210	5631	0	0	0	3171	32	207	788	0	0	0	0	0	0	68	160	1299	687
2016_1_14___Hiseq_5_RDB281_CAAGTCGT	0	0	1984	1797	0	1775	0	1931	849	0	136	0	0	0	0	0	547	0	0	559	3071	1286	0	0	700	0	0	0	7003	93	0	0	189	177	170	0	331	0	0	2185	380	1420	1169	240	0	0	0	0	0	369	0	951	270	788	565	5015	117	452	0	339	0	0	0	0	2256	0	0	2583	375	1560	3438	348	1039	0	259	0	578	4228	0	310	0	0	0	291	952	2532	0	134	5458	0	1000	681	1836	406	0	466	0	121	0	0	0	0	0	184	1373	0
2016_1_14___Hiseq_5_RDB283_CCAACGAA	802	44	1593	3061	2669	1612	0	0	0	0	132	0	572	0	472	0	0	612	0	726	2931	291	0	1985	0	0	0	108	4626	0	0	0	83	0	1873	0	0	274	129	2520	114	1145	0	184	0	0	925	0	0	161	0	812	1565	419	299	5786	0	725	0	0	148	0	0	177	3894	204	0	1067	0	1310	2903	653	2302	0	123	0	30	3595	527	518	0	0	0	0	0	5636	0	0	10549	0	0	0	1488	497	0	0	0	0	0	0	0	1001	0	0	1316	965
2016_1_14___Hiseq_5_RDB285_CGACACTT	0	0	1454	1156	275	0	0	0	506	231	0	0	257	0	0	26	0	0	764	934	1831	291	0	0	0	776	0	0	3415	0	0	0	180	0	1179	0	0	0	0	597	548	344	0	0	0	357	0	0	0	0	177	0	1526	0	314	1144	15	234	0	0	0	0	0	0	761	0	286	1821	0	1966	3210	562	739	0	0	358	0	1520	0	561	0	0	0	0	612	2131	443	0	7493	0	0	0	0	0	189	0	0	603	0	0	0	0	335	12	852	0
Batch184_RDB173_GCCACTTA	0	0	246	0	0	0	0	0	403	0	1480	0	0	5092	0	0	0	2317	2452	179	617	0	0	0	5150	0	1707	0	844	0	0	0	0	0	0	2256	398	0	0	0	0	0	134	0	0	0	1144	300	0	0	0	0	50	2268	0	99	0	3410	0	25864	0	0	0	1583	0	0	0	3409	2290	80	0	2405	1768	0	0	0	0	0	0	0	0	0	0	1342	2690	2130	0	0	3430	0	0	0	0	0	0	0	0	398	0	0	0	0	0	0	284	0
Batch380_RDB134_CTCCTGAA	0	0	3045	0	0	0	0	0	617	0	914	1014	0	0	688	0	747	6687	0	0	0	0	0	0	38835	1405	0	0	2986	0	0	1790	0	0	1736	0	355	0	252	0	0	0	0	2007	228	0	4482	90	726	0	0	0	0	324	0	1003	0	1389	0	15040	1606	0	0	0	589	0	1757	1017	0	3487	547	19394	1843	379	0	757	1754	1034	0	0	0	584	1216	0	12314	4566	0	0	137	0	0	0	0	232	0	0	0	540	0	0	0	0	0	855	287	0
Batch380_RDB136_CAGGTAAG	0	0	1486	1862	0	0	0	0	0	0	976	0	0	0	0	0	0	0	0	581	1079	0	0	0	465	0	0	0	7294	0	0	393	0	0	0	0	0	3607	0	492	0	618	695	0	527	0	992	0	0	0	0	0	852	1869	591	5253	0	0	0	9917	768	0	0	0	4083	535	0	248	0	207	509	61	897	0	0	136	0	2433	0	0	0	675	0	412	2787	1450	47	0	11465	0	0	0	0	454	0	0	0	0	0	0	0	0	0	0	0	0
Batch380_RDB139_TGAGCTGT	0	244	1215	0	0	0	0	0	1116	0	554	654	0	0	0	412	238	0	1091	100	548	0	125	1325	942	0	0	0	5339	0	0	478	0	341	17	0	452	0	0	0	0	846	0	652	0	0	1134	0	0	0	0	699	353	691	0	0	0	0	134	14854	33	0	0	0	381	0	989	592	0	1308	1900	0	434	0	0	74	0	40	778	0	0	0	0	400	795	515	0	0	6369	291	0	0	0	164	0	0	0	0	0	0	0	0	0	0	0	0
Batch380_RDB141_AGTTGTGC	0	302	6867	587	0	0	0	0	0	910	707	4031	0	1229	4823	782	0	420	283	488	0	0	0	0	3195	0	0	0	5686	0	314	115	0	0	0	0	529	0	0	1728	0	0	0	950	131	0	4328	1181	0	0	0	0	1075	583	0	1295	0	0	658	22631	0	0	230	0	0	386	0	1037	0	1845	630	315	1896	0	0	0	0	281	424	978	0	0	0	517	1934	6439	40	0	4392	232	0	267	0	0	0	0	0	0	151	0	0	0	894	0	0	0
Batch380_RDB147_TCCTGACT	0	0	1177	0	0	0	0	0	406	633	3961	0	0	0	0	0	638	0	1292	0	2162	0	0	0	5020	0	0	0	4986	0	0	0	2724	0	1786	48	832	621	0	375	0	0	0	1151	152	0	0	575	0	0	0	781	0	16481	0	1287	1086	495	703	21774	0	0	0	0	421	0	0	228	861	1855	2067	160	16598	0	0	409	0	824	0	0	0	0	202	389	1590	2197	0	575	8305	673	0	0	0	1860	0	0	0	0	0	0	0	0	0	0	1624	0
