taxon,lfc_(Intercept),lfc_GroupTumor,se_(Intercept),se_GroupTumor,W_(Intercept),W_GroupTumor,p_(Intercept),p_GroupTumor,q_(Intercept),q_GroupTumor,diff_(Intercept),diff_GroupTumor,passed_ss_(Intercept),passed_ss_GroupTumor,diff_robust_(Intercept),diff_robust_GroupTumor,lfc,qval,diff,diff_robust,significant,significant_robust,direction,direction_robust
Acidovorax,-0.06393337933952062,0.07898745318775582,0.19119223604568442,0.21999128653158265,-0.33439317757779696,0.3590480988273876,0.7391993677525683,0.7230264765711616,1,1,FALSE,FALSE,TRUE,TRUE,FALSE,FALSE,0.07898745318775582,1,FALSE,FALSE,FALSE,FALSE,ns,ns
Acinetobacter,-0.010893325075012856,0.09752122433839398,0.17936656849082558,0.2095701510745829,-0.060732193109721215,0.46533928538176045,0.9516289114224139,0.6424605859499204,1,1,FALSE,FALSE,TRUE,TRUE,FALSE,FALSE,0.09752122433839398,1,FALSE,FALSE,FALSE,FALSE,ns,ns
Actinomyces,-0.07575691606412083,0.23091597991874135,0.20439574945147468,0.209388470306779,-0.3706384123320831,1.1028113419063714,0.7117215038307834,0.2775478026450525,1,1,FALSE,FALSE,TRUE,TRUE,FALSE,FALSE,0.23091597991874135,1,FALSE,FALSE,FALSE,FALSE,ns,ns
Aerococcus,-0.1712531946188928,0.4419335934279654,0.24623532547052712,0.3267347365126681,-0.6954858905465648,1.3525760932089657,0.4900362751907408,0.18240012679120643,1,1,FALSE,FALSE,TRUE,TRUE,FALSE,FALSE,0.4419335934279654,1,FALSE,FALSE,FALSE,FALSE,ns,ns
Aeromonas,-0.057450145002718195,-0.11669168821983673,0.20544275531577827,0.27734741691916015,-0.2796406469257763,-0.420741932685277,0.7807835110904829,0.6755538512069164,1,1,FALSE,FALSE,TRUE,TRUE,FALSE,FALSE,-0.11669168821983673,1,FALSE,FALSE,FALSE,FALSE,ns,ns
Afipia,0.10094368004997484,0.41578486031505113,0.2385846267447263,0.28732345661869396,0.4230938155037942,1.447096819758917,0.6734410678179588,0.15407359200278495,1,1,FALSE,FALSE,TRUE,TRUE,FALSE,FALSE,0.41578486031505113,1,FALSE,FALSE,FALSE,FALSE,ns,ns
Agrobacterium,0.1621131531899592,-0.20495965372661573,0.23728325652983082,0.2890006397502673,0.6832051934923551,-0.7092013841343968,0.4966698449741863,0.48048977372001156,1,1,FALSE,FALSE,TRUE,TRUE,FALSE,FALSE,-0.20495965372661573,1,FALSE,FALSE,FALSE,FALSE,ns,ns
Alkanindiges,-0.8446728168460615,0.011964666532291664,0.3546625594793645,0.3651356066165041,-2.381623868293342,0.03276773427593424,0.022514417926000937,0.9744084133891667,0.7486043960395312,1,FALSE,FALSE,TRUE,TRUE,FALSE,FALSE,0.011964666532291664,1,FALSE,FALSE,FALSE,FALSE,ns,ns
Alloiococcus,0.134386920248849,-0.09984658203239842,0.39467133444859254,0.5049323671012375,0.34050337209466985,-0.19774248699010313,0.7367074995897052,0.8450622489123449,1,1,FALSE,FALSE,TRUE,TRUE,FALSE,FALSE,-0.09984658203239842,1,FALSE,FALSE,FALSE,FALSE,ns,ns
Altererythrobacter,NA,NA,NA,NA,NA,NA,1,1,1,1,FALSE,FALSE,TRUE,TRUE,FALSE,FALSE,NA,1,FALSE,FALSE,FALSE,FALSE,ns,ns
Anaerococcus,-0.007339354417095658,0.21272010205461264,0.2603661225081379,0.33545629200115584,-0.02818859207332652,0.6341216639152492,0.9776037567250527,0.5283723358274519,1,1,FALSE,FALSE,TRUE,TRUE,FALSE,FALSE,0.21272010205461264,1,FALSE,FALSE,FALSE,FALSE,ns,ns
Anoxybacillus,-0.49369462929054053,-0.05612949965088449,0.2650716998668255,0.3433145519884305,-1.8624946742280573,-0.1634929231102794,0.06787807942574982,0.8707296380265712,1,1,FALSE,FALSE,TRUE,TRUE,FALSE,FALSE,-0.05612949965088449,1,FALSE,FALSE,FALSE,FALSE,ns,ns
Aquabacterium,0.01253966683074806,-0.1450081823519121,0.31574657521376503,0.38774204598569034,0.03971433996475979,-0.37398106254709257,0.9685465478773407,0.7106744841577698,1,1,FALSE,FALSE,TRUE,TRUE,FALSE,FALSE,-0.1450081823519121,1,FALSE,FALSE,FALSE,FALSE,ns,ns
Arthrobacter,0.15634396477555357,-0.10319904029274724,0.24395562545005964,0.32316349851712256,0.6408705045728035,-0.31934002684798674,0.5242208986068477,0.7506569209679431,1,1,FALSE,FALSE,TRUE,TRUE,FALSE,FALSE,-0.10319904029274724,1,FALSE,FALSE,FALSE,FALSE,ns,ns
Bacillus,0.025393028217234874,0.21123026730286149,0.199525567187948,0.26176049238795357,0.12726703938305453,0.8069600778019567,0.8989532701905192,0.42213688421647566,1,1,FALSE,FALSE,TRUE,TRUE,FALSE,FALSE,0.21123026730286149,1,FALSE,FALSE,FALSE,FALSE,ns,ns
Bacteroides,-0.2767817151291412,0.7441427141500656,0.27550790186665336,0.21202490379421007,-1.00462350899505,3.5096948558096055,0.3211843282721068,0.11446813387302025,1,1,FALSE,FALSE,TRUE,TRUE,FALSE,FALSE,0.7441427141500656,1,FALSE,FALSE,FALSE,FALSE,ns,ns
Bifidobacterium,-0.004695958264596991,0.014968111644471479,0.25193589364978697,0.352032233056744,-0.0186394967250073,0.042519150915532135,0.9852565543176759,0.9665620166899853,1,1,FALSE,FALSE,TRUE,TRUE,FALSE,FALSE,0.014968111644471479,1,FALSE,FALSE,FALSE,FALSE,ns,ns
Blastococcus,-0.29771568346995525,0.5954370363725352,0.2776255099330044,0.3600587878884421,-1.0723642922503733,1.6537217154578128,0.28916396649746806,0.1074533114100046,1,1,FALSE,FALSE,TRUE,TRUE,FALSE,FALSE,0.5954370363725352,1,FALSE,FALSE,FALSE,FALSE,ns,ns
Blautia,0.0366308634021128,0.057916353165572226,0.3308032660504413,0.41285928170227326,0.11073307660912658,0.14028109753709658,0.9128338356834369,0.889769702404227,1,1,FALSE,FALSE,TRUE,TRUE,FALSE,FALSE,0.057916353165572226,1,FALSE,FALSE,FALSE,FALSE,ns,ns
Bosea,-0.2533949219435305,0.2929180240704706,0.1837957673066091,0.22256080055498692,-1.3786765911796854,1.3161258556764621,0.17141168908770985,0.19147410072269141,1,1,FALSE,FALSE,TRUE,TRUE,FALSE,FALSE,0.2929180240704706,1,FALSE,FALSE,FALSE,FALSE,ns,ns
Brachybacterium,-0.11146147016571425,0.31771641723786564,0.2376032797621093,0.33507996934767964,-0.46910745624938577,0.9481808711406514,0.6405869904381275,0.34660402289911707,1,1,FALSE,FALSE,TRUE,TRUE,FALSE,FALSE,0.31771641723786564,1,FALSE,FALSE,FALSE,FALSE,ns,ns
Bradyrhizobium,0.29018650947064606,-0.4758090565923468,0.33059055511255675,0.45466522273627824,0.8777822142312739,-1.0465041810957525,0.38842004704631417,0.3053415125762259,1,1,FALSE,FALSE,TRUE,TRUE,FALSE,FALSE,-0.4758090565923468,1,FALSE,FALSE,FALSE,FALSE,ns,ns
Brevibacterium,0.1689998366012304,0.39631626937543923,0.31599489639639317,0.43204130311005373,0.5348182471568532,0.9173110684616321,0.5955304871106513,0.3640962269277357,1,1,FALSE,FALSE,TRUE,TRUE,FALSE,FALSE,0.39631626937543923,1,FALSE,FALSE,FALSE,FALSE,ns,ns
Brevundimonas,0.18075136843499892,0.07741254591169701,0.1809093123796166,0.20115274003312075,0.9991269440885041,0.38484460066987236,0.3208135282892644,0.7027841718451826,1,1,FALSE,FALSE,TRUE,TRUE,FALSE,FALSE,0.07741254591169701,1,FALSE,FALSE,FALSE,FALSE,ns,ns
Burkholderia,0.5111594187511628,-0.3616041406390583,0.26922017709235746,0.33876440357351983,1.8986668245738756,-1.0674207113398257,0.06433201861093756,0.2917382608934816,1,1,FALSE,FALSE,TRUE,TRUE,FALSE,FALSE,-0.3616041406390583,1,FALSE,FALSE,FALSE,FALSE,ns,ns
Campylobacter,0.08723129993723885,-0.20582515255635164,0.2827093788329708,0.30160585771422366,0.3085546729907977,-0.6824308855147444,0.7598522928937469,0.5223313229229061,1,1,FALSE,FALSE,TRUE,TRUE,FALSE,FALSE,-0.20582515255635164,1,FALSE,FALSE,FALSE,FALSE,ns,ns
Capnocytophaga,0.08818386394054555,-0.23592236137301797,0.2373739284370537,0.30323961073085487,0.3714976809844976,-0.7780064115120323,0.7121525571162851,0.443768018391005,1,1,FALSE,FALSE,TRUE,TRUE,FALSE,FALSE,-0.23592236137301797,1,FALSE,FALSE,FALSE,FALSE,ns,ns
Caulobacter,0.08334944395951835,-0.0560180155611707,0.23209614758026167,0.2647099562659013,0.3591160164806057,-0.21162035743340368,0.7213447658483962,0.8340138655045314,1,1,FALSE,FALSE,TRUE,TRUE,FALSE,FALSE,-0.0560180155611707,1,FALSE,FALSE,FALSE,FALSE,ns,ns
Cellulomonas,-0.06148427401947104,0.5265968758891241,0.30452108168686515,0.38768705396540815,-0.20190481945908256,1.3583039993285675,0.8415046915482309,0.1856093393809039,1,1,FALSE,FALSE,TRUE,TRUE,FALSE,FALSE,0.5265968758891241,1,FALSE,FALSE,FALSE,FALSE,ns,ns
Chryseobacterium,-0.175521421592834,0.09816260331808216,0.22176509966744917,0.2491377766097072,-0.7914745009744071,0.39400930944270707,0.4313969273853353,0.6962655841084319,1,1,FALSE,FALSE,TRUE,TRUE,FALSE,FALSE,0.09816260331808216,1,FALSE,FALSE,FALSE,FALSE,ns,ns
Cloacibacterium,-0.09834365958647717,0.05953119761833377,0.22401695207305247,0.28015634566876363,-0.4390009714729404,0.2124927689081121,0.6626315205761794,0.8327699441079754,1,1,FALSE,FALSE,TRUE,TRUE,FALSE,FALSE,0.05953119761833377,1,FALSE,FALSE,FALSE,FALSE,ns,ns
Corynebacterium,0.25744186614802234,-0.22760787962524204,0.17274861156334018,0.2003681108208127,1.4902688005317395,-1.1359486232257268,0.13714475361361134,0.2568334333987025,1,1,FALSE,FALSE,TRUE,TRUE,FALSE,FALSE,-0.22760787962524204,1,FALSE,FALSE,FALSE,FALSE,ns,ns
Cupriavidus,-0.2141371582260583,-0.0123177821898919,0.37744260754624204,0.4746424901445199,-0.5673370042088411,-0.025951705643001664,0.5763459474250172,0.9796848193838219,1,1,FALSE,FALSE,TRUE,TRUE,FALSE,FALSE,-0.0123177821898919,1,FALSE,FALSE,FALSE,FALSE,ns,ns
Delftia,0.24445115212173685,-0.20034875834410057,0.2674883868569276,0.328099738042785,0.9138757573519901,-0.610633704065849,0.3674113172882695,0.5456251163642094,1,1,FALSE,FALSE,TRUE,TRUE,FALSE,FALSE,-0.20034875834410057,1,FALSE,FALSE,FALSE,FALSE,ns,ns
Devosia,0.5178702815152115,-0.43356627036850515,0.20750870110723557,0.26427000590690347,2.495655742395055,-1.6406185366387778,0.015004308289947855,0.11217101662105539,0.6651910008543549,1,FALSE,FALSE,TRUE,TRUE,FALSE,FALSE,-0.43356627036850515,1,FALSE,FALSE,FALSE,FALSE,ns,ns
Diaphorobacter,-0.4966335223910884,0.11741223867244188,0.28347289227969447,0.32703888408525117,-1.7519612489122047,0.35901614268545307,0.08788738553647013,0.7241033923861453,1,1,FALSE,FALSE,TRUE,TRUE,FALSE,FALSE,0.11741223867244188,1,FALSE,FALSE,FALSE,FALSE,ns,ns
Dietzia,-0.35274724295152143,0.213083626730298,0.2685044096950467,0.344902483154721,-1.3137484160954875,0.6178083288391695,0.1979912960201734,0.5409421307581469,1,1,FALSE,FALSE,TRUE,TRUE,FALSE,FALSE,0.213083626730298,1,FALSE,FALSE,FALSE,FALSE,ns,ns
Enhydrobacter,0.3414211750239207,-0.2110796821158578,0.23857344401678784,0.29699248926849237,1.4310946318061104,-0.7107239736457909,0.16181768288812814,0.48309744850632974,1,1,FALSE,FALSE,TRUE,TRUE,FALSE,FALSE,-0.2110796821158578,1,FALSE,FALSE,FALSE,FALSE,ns,ns
Enterobacter,0.06876892085066239,-0.003057718058950224,0.2482703390939237,0.3027935063751718,0.27699209298073363,-0.010098360746090784,0.7825693201546314,0.9919819003770349,1,1,FALSE,FALSE,TRUE,TRUE,FALSE,FALSE,-0.003057718058950224,1,FALSE,FALSE,FALSE,FALSE,ns,ns
Enterococcus,-0.09897059307568598,-0.11043077614950053,0.2935936453958475,0.36451587905985666,-0.33710059678657406,-0.30295189453562005,0.7381757932572237,0.7735977670464453,1,1,FALSE,FALSE,TRUE,TRUE,FALSE,FALSE,-0.11043077614950053,1,FALSE,FALSE,FALSE,FALSE,ns,ns
Escherichia/Shigella,-0.034954158097530434,0.03960572869618281,0.18932090165431076,0.22018462145717516,-0.18462915500663918,0.1798750904312631,0.8537852075272956,0.8576376231905928,1,1,FALSE,FALSE,TRUE,TRUE,FALSE,FALSE,0.03960572869618281,1,FALSE,FALSE,FALSE,FALSE,ns,ns
Faecalibacterium,-0.20034861770803258,0.4059409780307801,0.3347709092097526,0.48372854524205605,-0.5984648372851986,0.8391916954738503,0.55361573760565,0.40740009438272096,1,1,FALSE,FALSE,TRUE,TRUE,FALSE,FALSE,0.4059409780307801,1,FALSE,FALSE,FALSE,FALSE,ns,ns
Ferruginibacter,NA,NA,NA,NA,NA,NA,1,1,1,1,FALSE,FALSE,TRUE,TRUE,FALSE,FALSE,NA,1,FALSE,FALSE,FALSE,FALSE,ns,ns
Finegoldia,-0.16378243013734678,0.23808762594242405,0.26239766783222,0.3259042610683378,-0.6241763941365176,0.7305446856139761,0.5358876332388386,0.4691130894207032,1,1,FALSE,FALSE,TRUE,TRUE,FALSE,FALSE,0.23808762594242405,1,FALSE,FALSE,FALSE,FALSE,ns,ns
Flavobacterium,-0.38736829872571354,0.7477418621171608,0.326789356863623,0.37301329913551756,-1.1853761164179273,2.0045983986364586,0.259729029057037,0.14949841641811568,1,1,FALSE,FALSE,TRUE,TRUE,FALSE,FALSE,0.7477418621171608,1,FALSE,FALSE,FALSE,FALSE,ns,ns
Friedmanniella,-0.3225140425542166,0.9164342218923343,0.389508698554327,0.4353287290001238,-0.8280021569511463,2.1051544748659894,0.4238018241839142,0.09801320796589795,1,1,FALSE,FALSE,TRUE,TRUE,FALSE,FALSE,0.9164342218923343,1,FALSE,FALSE,FALSE,FALSE,ns,ns
Fusobacterium,0.1467682469716365,-0.173135049795519,0.20134454495521975,0.2309047701637123,0.7289407667055428,-0.749811490134074,0.46798253029870107,0.4564776087920229,1,1,FALSE,FALSE,TRUE,TRUE,FALSE,FALSE,-0.173135049795519,1,FALSE,FALSE,FALSE,FALSE,ns,ns
Gardnerella,-0.869674165699544,0.679025580938005,0.28310055868277645,0.3621661578963334,-3.071962025599684,1.8749006944275828,0.004167774894994993,0.06941766797372043,0.27715703051716706,1,FALSE,FALSE,TRUE,TRUE,FALSE,FALSE,0.679025580938005,1,FALSE,FALSE,FALSE,FALSE,ns,ns
Gemella,0.029144487778755886,-0.039849775159849735,0.22629733146181882,0.2803609923211563,0.12878847306987878,-0.14213737378344496,0.8979783832257127,0.887472714684731,1,1,FALSE,FALSE,TRUE,TRUE,FALSE,FALSE,-0.039849775159849735,1,FALSE,FALSE,FALSE,FALSE,ns,ns
Geobacillus,-0.05973976927565187,-0.5163191558489449,0.27166398104114403,0.3200629375660299,-0.21990316510382055,-1.6131800819406865,0.8275669596905805,0.13869248642951026,1,1,FALSE,FALSE,TRUE,TRUE,FALSE,FALSE,-0.5163191558489449,1,FALSE,FALSE,FALSE,FALSE,ns,ns
Gordonia,0.08692757337207566,-0.19886622496248804,0.24569991838047348,0.3138914117287798,0.3537956949479559,-0.633551022843275,0.7255557244708135,0.5303787100689101,1,1,FALSE,FALSE,TRUE,TRUE,FALSE,FALSE,-0.19886622496248804,1,FALSE,FALSE,FALSE,FALSE,ns,ns
Granulicatella,-0.40498906208122787,0.693879510551478,0.2887910445736824,0.3005666021717137,-1.4023601828757493,2.308571562967813,0.1711529064123024,0.08200114641323034,1,1,FALSE,FALSE,TRUE,TRUE,FALSE,FALSE,0.693879510551478,1,FALSE,FALSE,FALSE,FALSE,ns,ns
Haemophilus,-0.4112183673388142,0.4207206561552254,0.36529134101996497,0.4914207233075241,-1.1257271146658225,0.8561312866977822,0.27264155153113095,0.40865955604152016,1,1,FALSE,FALSE,TRUE,TRUE,FALSE,FALSE,0.4207206561552254,1,FALSE,FALSE,FALSE,FALSE,ns,ns
Halomonas,0.19258893385836887,-0.2550042699831809,0.2562351170857525,0.3278627152425021,0.7516102244249231,-0.7777775822864401,0.45599200335615053,0.4414677270601115,1,1,FALSE,FALSE,TRUE,TRUE,FALSE,FALSE,-0.2550042699831809,1,FALSE,FALSE,FALSE,FALSE,ns,ns
Hydrogenophaga,-0.23952824455909835,1.148746146798742,0.3772772155497905,0.5756045481355008,-0.634886589188917,1.9957211083890192,0.530656587768241,0.05582497772779696,1,1,FALSE,FALSE,TRUE,TRUE,FALSE,FALSE,1.148746146798742,1,FALSE,FALSE,FALSE,FALSE,ns,ns
Janibacter,0.05541479171923989,-0.3720653930298564,0.21378557964155923,0.28599752667771977,0.2592073413564674,-1.3009391981530085,0.7965395076900718,0.19924288407476837,1,1,FALSE,FALSE,TRUE,TRUE,FALSE,FALSE,-0.3720653930298564,1,FALSE,FALSE,FALSE,FALSE,ns,ns
Janthinobacterium,NA,NA,NA,NA,NA,NA,1,1,1,1,FALSE,FALSE,TRUE,TRUE,FALSE,FALSE,NA,1,FALSE,FALSE,FALSE,FALSE,ns,ns
Jeotgalicoccus,-0.09241747098781505,0.25767089325953124,0.2979873793273071,0.42660929709945594,-0.31013887633913645,0.6039973695169145,0.7589277175520717,0.5510796412550026,1,1,FALSE,FALSE,TRUE,TRUE,FALSE,FALSE,0.25767089325953124,1,FALSE,FALSE,FALSE,FALSE,ns,ns
Kaistobacter,-0.42694348295415285,0.5133188946014619,0.23384112831081896,0.25439536963435283,-1.8257843948933759,2.0177996766972,0.07621130276106411,0.075978094809994845,1,1,FALSE,FALSE,TRUE,TRUE,FALSE,FALSE,0.5133188946014619,1,FALSE,FALSE,FALSE,FALSE,ns,ns
Klebsiella,-0.22858929728255295,0.3542383794146059,0.28883113290419465,0.3441786181126915,-0.7914288705102163,1.029228315684098,0.43585673208753783,0.32508701091437653,1,1,FALSE,FALSE,TRUE,TRUE,FALSE,FALSE,0.3542383794146059,1,FALSE,FALSE,FALSE,FALSE,ns,ns
Kocuria,-0.44376079027621296,0.6197466261626905,0.3020875427236634,0.3950043594870614,-1.4689807672147082,1.5689614842921515,0.15484873535250293,0.13371014313922883,1,1,FALSE,FALSE,TRUE,TRUE,FALSE,FALSE,0.6197466261626905,1,FALSE,FALSE,FALSE,FALSE,ns,ns
Lachnoanaerobaculum,-0.14213285405082263,-0.06269533623879577,0.2314790994777353,0.2045618302789228,-0.6140202479252068,-0.30648599571733315,0.5445942784481538,0.7638946990404654,1,1,FALSE,FALSE,TRUE,TRUE,FALSE,FALSE,-0.06269533623879577,1,FALSE,FALSE,FALSE,FALSE,ns,ns
Lactobacillus,-0.03628393372014594,0.18196627904982224,0.2207928947281847,0.26352006946406753,-0.16433469820129232,0.6905215205046626,0.8697418704552283,0.4914293336263835,1,1,FALSE,FALSE,TRUE,TRUE,FALSE,FALSE,0.18196627904982224,1,FALSE,FALSE,FALSE,FALSE,ns,ns
Lactococcus,0.2818519203234358,-0.5341232921540414,0.2687046336750685,0.33319858335868124,1.0489283957204314,-1.603017896324814,0.29903394537593264,0.12696939233652066,1,1,FALSE,FALSE,TRUE,TRUE,FALSE,FALSE,-0.5341232921540414,1,FALSE,FALSE,FALSE,FALSE,ns,ns
Lautropia,0.10668149949699751,-0.04959870649855944,0.3052206740055808,0.14201855969791152,0.34952252118756183,-0.3492410189489397,0.7297454342389729,0.7299540553277866,1,1,FALSE,FALSE,TRUE,TRUE,FALSE,FALSE,-0.04959870649855944,1,FALSE,FALSE,FALSE,FALSE,ns,ns
Leptotrichia,-0.298978975930884,0.041605897699063595,0.2915690996087754,0.2059171186616481,-1.0254137915576482,0.20205166996061244,0.3088987955030954,0.8417384358864193,1,1,FALSE,FALSE,TRUE,TRUE,FALSE,FALSE,0.041605897699063595,1,FALSE,FALSE,FALSE,FALSE,ns,ns
Leuconostoc,-0.07584302092078282,0.07526160247828997,0.26198632713824227,0.3354692831324643,-0.28949228667480326,0.22434722420941286,0.7737684511385979,0.8260351476808147,1,1,FALSE,FALSE,TRUE,TRUE,FALSE,FALSE,0.07526160247828997,1,FALSE,FALSE,FALSE,FALSE,ns,ns
Limnohabitans,0.3967929613077927,-0.26454417562072585,0.2781332777938371,0.3302629781749077,1.4266288610092555,-0.8010106887627682,0.16479581682278815,0.4321963952652864,1,1,FALSE,FALSE,TRUE,TRUE,FALSE,FALSE,-0.26454417562072585,1,FALSE,FALSE,FALSE,FALSE,ns,ns
Lysobacter,0.5027923652433134,-1.1804659372354795,0.3015246006841608,0.43661865624582263,1.6675003104306416,-2.7036543682889724,0.10841279250977946,0.01240230962589696,1,1,FALSE,FALSE,TRUE,TRUE,FALSE,FALSE,-1.1804659372354795,1,FALSE,FALSE,FALSE,FALSE,ns,ns
Marmoricola,-0.15469364349849196,0.31261872771556853,0.22526472508899187,0.3283050526720415,-0.6867193407107106,0.9522202755370239,0.4977144753165522,0.34885495693878177,1,1,FALSE,FALSE,TRUE,TRUE,FALSE,FALSE,0.31261872771556853,1,FALSE,FALSE,FALSE,FALSE,ns,ns
Massilia,-0.06112339263900184,0.040497620835918194,0.19888992052361415,0.22322039075319128,-0.3073227264513119,0.18142437928394864,0.759242309724727,0.8565533565183507,1,1,FALSE,FALSE,TRUE,TRUE,FALSE,FALSE,0.040497620835918194,1,FALSE,FALSE,FALSE,FALSE,ns,ns
Mesorhizobium,0.06270166514802962,0.3187861658551647,0.18698252657460918,0.14661140239246992,0.3353343560849286,2.1743613433407676,0.7386597986918757,0.16484814887375407,1,1,FALSE,FALSE,TRUE,TRUE,FALSE,FALSE,0.3187861658551647,1,FALSE,FALSE,FALSE,FALSE,ns,ns
Methylibium,-0.01945403932988925,0.0022807426725339267,0.2460469377858749,0.3137659052290823,-0.0790663745094822,0.007268930863819455,0.9374735878651445,0.9942525868964184,1,1,FALSE,FALSE,TRUE,TRUE,FALSE,FALSE,0.0022807426725339267,1,FALSE,FALSE,FALSE,FALSE,ns,ns
Methylobacterium,-0.2401580574719669,0.13551642473221545,0.2220105979338514,0.2643847321001045,-1.0817414110272456,0.5125728087842252,0.2811050506158717,0.6093105033831316,1,1,FALSE,FALSE,TRUE,TRUE,FALSE,FALSE,0.13551642473221545,1,FALSE,FALSE,FALSE,FALSE,ns,ns
Methyloversatilis,NA,NA,NA,NA,NA,NA,1,1,1,1,FALSE,FALSE,TRUE,TRUE,FALSE,FALSE,NA,1,FALSE,FALSE,FALSE,FALSE,ns,ns
Microbacterium,-0.0643800723205569,-0.11984535174495958,0.19293030541699324,0.23831750506560495,-0.333696005826601,-0.5028810271908818,0.7393219244057192,0.6161762200477676,1,1,FALSE,FALSE,TRUE,TRUE,FALSE,FALSE,-0.11984535174495958,1,FALSE,FALSE,FALSE,FALSE,ns,ns
Microbispora,NA,NA,NA,NA,NA,NA,1,1,1,1,FALSE,FALSE,TRUE,TRUE,FALSE,FALSE,NA,1,FALSE,FALSE,FALSE,FALSE,ns,ns
Modestobacter,NA,NA,NA,NA,NA,NA,1,1,1,1,FALSE,FALSE,TRUE,TRUE,FALSE,FALSE,NA,1,FALSE,FALSE,FALSE,FALSE,ns,ns
Moryella,-0.2850155871161177,0.4625205472012392,0.2128925018920363,0.21802030005698206,-1.3387770099139378,2.1214563372326074,0.19123477505236625,0.05622451526262815,1,1,FALSE,FALSE,TRUE,TRUE,FALSE,FALSE,0.4625205472012392,1,FALSE,FALSE,FALSE,FALSE,ns,ns
Mycobacterium,-0.08360431072589651,0.08135884186926343,0.25637113538269224,0.29424713614362263,-0.32610656656451614,0.27649833040193805,0.7457096312023268,0.7850246800433385,1,1,FALSE,FALSE,TRUE,TRUE,FALSE,FALSE,0.08135884186926343,1,FALSE,FALSE,FALSE,FALSE,ns,ns
Mycoplana,NA,NA,NA,NA,NA,NA,1,1,1,1,FALSE,FALSE,TRUE,TRUE,FALSE,FALSE,NA,1,FALSE,FALSE,FALSE,FALSE,ns,ns
Neisseria,0.09023903030962242,-0.11812968401518549,0.20519013833721583,0.2514947806629295,0.43978249169714384,-0.46971028068177273,0.6610532178932272,0.6395949796312298,1,1,FALSE,FALSE,TRUE,TRUE,FALSE,FALSE,-0.11812968401518549,1,FALSE,FALSE,FALSE,FALSE,ns,ns
Nocardioides,0.10945601074424592,-0.16052290512601441,0.25507278618901286,0.31674863041723195,0.4291167724303499,-0.5067832650596413,0.669484648128374,0.6142966320545882,1,1,FALSE,FALSE,TRUE,TRUE,FALSE,FALSE,-0.16052290512601441,1,FALSE,FALSE,FALSE,FALSE,ns,ns
Novosphingobium,-0.1628308533962663,0.2946490638860797,0.26529695028471767,0.313339455631505,-0.6137682820006624,0.9403509790755312,0.5424362333610062,0.35539225188272783,1,1,FALSE,FALSE,TRUE,TRUE,FALSE,FALSE,0.2946490638860797,1,FALSE,FALSE,FALSE,FALSE,ns,ns
Ochrobactrum,0.22126971871182638,-0.49665684466898624,0.3590804589877206,0.5271743559498421,0.6162120861035022,-0.9421111612573214,0.5422533598987356,0.3534201850070047,1,1,FALSE,FALSE,TRUE,TRUE,FALSE,FALSE,-0.49665684466898624,1,FALSE,FALSE,FALSE,FALSE,ns,ns
Paracoccus,0.12490647518213971,-0.20308502395325065,0.18417426872357479,0.21420516163531708,0.6781972098915213,-0.948086509227082,0.498532323364708,0.3443780360854364,1,1,FALSE,FALSE,TRUE,TRUE,FALSE,FALSE,-0.20308502395325065,1,FALSE,FALSE,FALSE,FALSE,ns,ns
Peptoniphilus,0.26479131507625125,-0.33782970120758116,0.26650735663348124,0.33469862355919794,0.9935609974189568,-1.0093549164173046,0.3262644960947265,0.31872443973655046,1,1,FALSE,FALSE,TRUE,TRUE,FALSE,FALSE,-0.33782970120758116,1,FALSE,FALSE,FALSE,FALSE,ns,ns
Porphyromonas,0.06111307328335402,-0.008082837115951045,0.24451532528737638,0.2917857872416533,0.24993555398430933,-0.02770127082734479,0.8036812818625816,0.9782204318183871,1,1,FALSE,FALSE,TRUE,TRUE,FALSE,FALSE,-0.008082837115951045,1,FALSE,FALSE,FALSE,FALSE,ns,ns
Prevotella,-0.0687010694530403,-0.1590761805042409,0.22110114323274047,0.21120486628622284,-0.31072236194058317,-0.7531842580211309,0.7564441768266568,0.454128468730555,1,1,FALSE,FALSE,TRUE,TRUE,FALSE,FALSE,-0.1590761805042409,1,FALSE,FALSE,FALSE,FALSE,ns,ns
Propionibacterium,0.14510852195010213,-0.16229048809211172,0.19427233861365673,0.23475026995976486,0.7469335211878767,-0.6913324875831989,0.456614982793237,0.49073788094368764,1,1,FALSE,FALSE,TRUE,TRUE,FALSE,FALSE,-0.16229048809211172,1,FALSE,FALSE,FALSE,FALSE,ns,ns
Pseudomonas,0.040134321133609846,0.15055200315309064,0.19824172428017137,0.2092419289752456,0.20245143286228054,0.7195116384675545,0.8397091400478861,0.4728951825018619,1,1,FALSE,FALSE,TRUE,TRUE,FALSE,FALSE,0.15055200315309064,1,FALSE,FALSE,FALSE,FALSE,ns,ns
Pseudoxanthomonas,-0.3691707889038196,-0.22161495532467776,0.26210295306144865,0.32385138763072074,-1.4084953434968337,-0.6843106554089541,0.16634484891463291,0.5015711354227361,1,1,FALSE,FALSE,TRUE,TRUE,FALSE,FALSE,-0.22161495532467776,1,FALSE,FALSE,FALSE,FALSE,ns,ns
Ralstonia,-0.08645111518927176,0.3613319344748598,0.2229204627391911,0.2701365262921675,-0.3878114827458278,1.3375900676388333,0.6993183340823779,0.18670861903869035,1,1,FALSE,FALSE,TRUE,TRUE,FALSE,FALSE,0.3613319344748598,1,FALSE,FALSE,FALSE,FALSE,ns,ns
Rhizobium,NA,NA,NA,NA,NA,NA,1,1,1,1,FALSE,FALSE,TRUE,TRUE,FALSE,FALSE,NA,1,FALSE,FALSE,FALSE,FALSE,ns,ns
Rhodobacter,-0.17380036585298692,0.4876024991569141,0.26338107285070245,0.24792954121903102,-0.6598817598085556,1.9666978640764163,0.5405535497709282,0.7943781055771243,1,1,FALSE,FALSE,TRUE,TRUE,FALSE,FALSE,0.4876024991569141,1,FALSE,FALSE,FALSE,FALSE,ns,ns
Rhodoplanes,0.3422670626721394,-0.3173426565708024,0.3153626322890391,0.38780969165271273,1.0853126769897126,-0.8182948064510616,0.2945309040107215,0.451078588320027,1,1,FALSE,FALSE,TRUE,TRUE,FALSE,FALSE,-0.3173426565708024,1,FALSE,FALSE,FALSE,FALSE,ns,ns
Roseomonas,-0.3894255091726047,0.08508405592151222,0.3180055696907944,0.39674541470614827,-1.2245870710731699,0.2144550453961269,0.2267131824104525,0.8314857842658218,1,1,FALSE,FALSE,TRUE,TRUE,FALSE,FALSE,0.08508405592151222,1,FALSE,FALSE,FALSE,FALSE,ns,ns
Rothia,-0.22338589710342782,0.39217826342360795,0.2085555343005256,0.24929110453308512,-1.0711098981508296,1.5731739171285164,0.28616760180799006,0.11937624958900327,1,1,FALSE,FALSE,TRUE,TRUE,FALSE,FALSE,0.39217826342360795,1,FALSE,FALSE,FALSE,FALSE,ns,ns
Rubellimicrobium,-0.09632660619369693,0.26428784908098024,0.28795787830051195,0.3588798846588719,-0.3345163076009707,0.7364242477178549,0.7396952664726439,0.46566550889699576,1,1,FALSE,FALSE,TRUE,TRUE,FALSE,FALSE,0.26428784908098024,1,FALSE,FALSE,FALSE,FALSE,ns,ns
Rubrivivax,0.01597656885440672,-0.23074173624983152,0.3553828695871876,0.41645473456154913,0.044955934068980546,-0.5540619834536411,0.9646410869832659,0.5921307539266474,1,1,FALSE,FALSE,TRUE,TRUE,FALSE,FALSE,-0.23074173624983152,1,FALSE,FALSE,FALSE,FALSE,ns,ns
Ruminococcus,NA,NA,NA,NA,NA,NA,1,1,1,1,FALSE,FALSE,TRUE,TRUE,FALSE,FALSE,NA,1,FALSE,FALSE,FALSE,FALSE,ns,ns
Shewanella,NA,NA,NA,NA,NA,NA,1,1,1,1,FALSE,FALSE,TRUE,TRUE,FALSE,FALSE,NA,1,FALSE,FALSE,FALSE,FALSE,ns,ns
Skermanella,0.32366760914591597,-0.2606356187106477,0.3948562581896953,0.45957343327670563,0.8197099638988649,-0.5671250769487387,0.4176307377032549,0.5740541091081033,1,1,FALSE,FALSE,TRUE,TRUE,FALSE,FALSE,-0.2606356187106477,1,FALSE,FALSE,FALSE,FALSE,ns,ns
Sphaerobacter,NA,NA,NA,NA,NA,NA,1,1,1,1,FALSE,FALSE,TRUE,TRUE,FALSE,FALSE,NA,1,FALSE,FALSE,FALSE,FALSE,ns,ns
Sphingobacterium,-0.5869701451741679,0.49182474047115105,0.27131740471686855,0.16270095457984435,-2.1634076361105423,3.02287556788606,0.04176411954206086,0.1895837948781029,1,1,FALSE,FALSE,TRUE,TRUE,FALSE,FALSE,0.49182474047115105,1,FALSE,FALSE,FALSE,FALSE,ns,ns
Sphingobium,-0.23024267157726558,0.19089357780704241,0.20788961748507753,0.2793086207563821,-1.1075236674279443,0.6834503614320704,0.2724878652343033,0.49695320570376633,1,1,FALSE,FALSE,TRUE,TRUE,FALSE,FALSE,0.19089357780704241,1,FALSE,FALSE,FALSE,FALSE,ns,ns
Sphingomonas,0.0610706821416733,0.04429235678775072,0.17496762034341154,0.2025179494992254,0.34903990819449315,0.21870830164572708,0.7273462634003719,0.8270515387030768,1,1,FALSE,FALSE,TRUE,TRUE,FALSE,FALSE,0.04429235678775072,1,FALSE,FALSE,FALSE,FALSE,ns,ns
Staphylococcus,0.06676650144450427,0.09976723091395402,0.16390682065208623,0.18174238764103706,0.407344253148714,0.5489486091214243,0.6841078091165718,0.5839017279259939,1,1,FALSE,FALSE,TRUE,TRUE,FALSE,FALSE,0.09976723091395402,1,FALSE,FALSE,FALSE,FALSE,ns,ns
Stenotrophomonas,0.10436447443580751,-0.24624804209957107,0.260333633709034,0.31514108309896016,0.4008874034019443,-0.7813898450753392,0.6899765070896365,0.43829765462594805,1,1,FALSE,FALSE,TRUE,TRUE,FALSE,FALSE,-0.24624804209957107,1,FALSE,FALSE,FALSE,FALSE,ns,ns
Streptococcus,0.12255311070500398,-1.1565683883435398e-4,0.17142673531668118,0.1970036563804717,0.7149008028333991,-5.87079656080021e-4,0.47524347067603534,0.9995319804840462,1,1,FALSE,FALSE,TRUE,TRUE,FALSE,FALSE,-1.1565683883435398e-4,1,FALSE,FALSE,FALSE,FALSE,ns,ns
Streptomyces,NA,NA,NA,NA,NA,NA,1,1,1,1,FALSE,FALSE,TRUE,TRUE,FALSE,FALSE,NA,1,FALSE,FALSE,FALSE,FALSE,ns,ns
Tepidimonas,-0.8005919736099698,-0.23594666240677023,0.23856196707777566,0.284861726317704,-3.3559078314816286,-0.8282848856417475,0.0016912950803184906,0.4219810106579942,0.22494224568235924,1,FALSE,FALSE,TRUE,TRUE,FALSE,FALSE,-0.23594666240677023,1,FALSE,FALSE,FALSE,FALSE,ns,ns
Unknown genus1,0.06692620927372354,-0.19653237539392102,0.30626479943939083,0.39017788631580685,0.21852400078699905,-0.5036994209222029,0.8286642068479941,0.6185578257944974,1,1,FALSE,FALSE,TRUE,TRUE,FALSE,FALSE,-0.19653237539392102,1,FALSE,FALSE,FALSE,FALSE,ns,ns
Unknown genus116,NA,NA,NA,NA,NA,NA,1,1,1,1,FALSE,FALSE,TRUE,TRUE,FALSE,FALSE,NA,1,FALSE,FALSE,FALSE,FALSE,ns,ns
Unknown genus123,0.003507031028015301,0.1894498984185428,0.21095819089310724,0.25383870788050805,0.016624294193878054,0.7463396737259015,0.9867620276098971,0.45682022957450796,1,1,FALSE,FALSE,TRUE,TRUE,FALSE,FALSE,0.1894498984185428,1,FALSE,FALSE,FALSE,FALSE,ns,ns
Unknown genus125,NA,NA,NA,NA,NA,NA,1,1,1,1,FALSE,FALSE,TRUE,TRUE,FALSE,FALSE,NA,1,FALSE,FALSE,FALSE,FALSE,ns,ns
Unknown genus20,0.048084631369483814,0.487785126420778,0.20632314368634877,0.24977499884734147,0.23305495694938513,1.9528981229979088,0.8166873865683784,0.06233091078370932,1,1,FALSE,FALSE,TRUE,TRUE,FALSE,FALSE,0.487785126420778,1,FALSE,FALSE,FALSE,FALSE,ns,ns
Unknown genus24,0.016111188060893945,0.07932434621224314,0.23488043969967035,0.26300342324785597,0.06859314501239226,0.30160955790102933,0.9455918031394861,0.7646994461411293,1,1,FALSE,FALSE,TRUE,TRUE,FALSE,FALSE,0.07932434621224314,1,FALSE,FALSE,FALSE,FALSE,ns,ns
Unknown genus3,NA,NA,NA,NA,NA,NA,1,1,1,1,FALSE,FALSE,TRUE,TRUE,FALSE,FALSE,NA,1,FALSE,FALSE,FALSE,FALSE,ns,ns
Unknown genus3160,-0.08260784054226683,0.35223342128777185,0.2762649005087876,0.35216602594068197,-0.29901677842581814,1.0001913737899897,0.7666466665513477,0.32389369283175906,1,1,FALSE,FALSE,TRUE,TRUE,FALSE,FALSE,0.35223342128777185,1,FALSE,FALSE,FALSE,FALSE,ns,ns
Unknown genus340,NA,NA,NA,NA,NA,NA,1,1,1,1,FALSE,FALSE,TRUE,TRUE,FALSE,FALSE,NA,1,FALSE,FALSE,FALSE,FALSE,ns,ns
Unknown genus35,NA,NA,NA,NA,NA,NA,1,1,1,1,FALSE,FALSE,TRUE,TRUE,FALSE,FALSE,NA,1,FALSE,FALSE,FALSE,FALSE,ns,ns
Unknown genus36,NA,NA,NA,NA,NA,NA,1,1,1,1,FALSE,FALSE,TRUE,TRUE,FALSE,FALSE,NA,1,FALSE,FALSE,FALSE,FALSE,ns,ns
Unknown genus39,NA,NA,NA,NA,NA,NA,1,1,1,1,FALSE,FALSE,TRUE,TRUE,FALSE,FALSE,NA,1,FALSE,FALSE,FALSE,FALSE,ns,ns
Unknown genus41,0.32914601904042773,-0.30034299370193235,0.22041771572162394,0.25871274917748116,1.4932829603230349,-1.1609129996755287,0.14298772759948866,0.26269544166792064,1,1,FALSE,FALSE,TRUE,TRUE,FALSE,FALSE,-0.30034299370193235,1,FALSE,FALSE,FALSE,FALSE,ns,ns
Unknown genus44,-0.13838545304487984,0.2600067089351124,0.24010312559051333,0.3236399669681522,-0.5763583989360094,0.8033825715990707,0.5682867582223555,0.43022107495739637,1,1,FALSE,FALSE,TRUE,TRUE,FALSE,FALSE,0.2600067089351124,1,FALSE,FALSE,FALSE,FALSE,ns,ns
Unknown genus476,NA,NA,NA,NA,NA,NA,1,1,1,1,FALSE,FALSE,TRUE,TRUE,FALSE,FALSE,NA,1,FALSE,FALSE,FALSE,FALSE,ns,ns
Unknown genus5,0.24025351729921612,-0.3426394888485913,0.25416914048111916,0.20471321298230707,0.9452505400318779,-1.6737536569181048,0.352465101183999,0.20041269072346826,1,1,FALSE,FALSE,TRUE,TRUE,FALSE,FALSE,-0.3426394888485913,1,FALSE,FALSE,FALSE,FALSE,ns,ns
Unknown genus6,-0.1146853409226428,-0.08541159171415663,0.3045027909953906,0.42221033782195244,-0.37663149341832747,-0.2022963060420728,0.7082176149647234,0.8405969124765946,1,1,FALSE,FALSE,TRUE,TRUE,FALSE,FALSE,-0.08541159171415663,1,FALSE,FALSE,FALSE,FALSE,ns,ns
Veillonella,-0.04592799811967247,0.2962027897189523,0.19531609263756686,0.242965364264689,-0.2351470250067799,1.2191152867215505,0.8146229832668702,0.22663063789787607,1,1,FALSE,FALSE,TRUE,TRUE,FALSE,FALSE,0.2962027897189523,1,FALSE,FALSE,FALSE,FALSE,ns,ns
Wautersiella,0.33658382973626405,-0.12861216145175222,0.25147291964725965,0.27415659169823514,1.3384496040702483,-0.4691193476511991,0.20336331520479042,0.6589739817711846,1,1,FALSE,FALSE,TRUE,TRUE,FALSE,FALSE,-0.12861216145175222,1,FALSE,FALSE,FALSE,FALSE,ns,ns
Weissella,-0.1906206830588315,0.36651190458925276,0.2888605586713789,0.3974419059872078,-0.6599055403603591,0.9221773020609695,0.5132946017152858,0.3622543897965732,1,1,FALSE,FALSE,TRUE,TRUE,FALSE,FALSE,0.36651190458925276,1,FALSE,FALSE,FALSE,FALSE,ns,ns
Xanthomonas,0.020063304775479435,0.4965869278402239,0.39898054046841575,0.6107334855609745,0.0502864243752953,0.8130992316298098,0.9603731807756188,0.4289226209325526,1,1,FALSE,FALSE,TRUE,TRUE,FALSE,FALSE,0.4965869278402239,1,FALSE,FALSE,FALSE,FALSE,ns,ns
