taxon,we.ep,we.eBH,wi.ep,wi.eBH,rab.all,rab.win.NAT,rab.win.Tumor,diff.btw,diff.win,effect,overlap,p_min,significant,direction
Staphylococcus,9.831526181256107e-5,0.01759748160457232,5.481003958023468e-4,0.0969091770261733,10.793370236939829,10.373219655453436,11.014973284552218,0.7971336267213252,6.917839762525885,0.13159086611813448,0.40911817667789196,0.01759748160457232,TRUE,Tumor_enriched
Prevotella,3.41990673778542e-4,0.03060816530317951,0.0034354288336249806,0.1457804166769653,8.6761953654028,2.594254690656822,10.215150184404314,0.890206992814849,8.974046618942703,0.1255820181581556,0.3951209761703793,0.03060816530317951,TRUE,Tumor_enriched
Streptococcus,0.0011100400965084918,0.06623239242500667,0.0030711632882030916,0.1404505227346843,11.964078560865659,11.607239114372206,12.224382482020747,0.7188460902646385,4.895694547276768,0.1338374889846421,0.4054000003270402,0.06623239242500667,FALSE,ns
Klebsiella,0.017034640073314046,0.6328856774997506,0.006314131344417512,0.09438309129219655,-1.1907068848472395,-0.9050639810851839,-1.4772687988146416,-0.6388071694226287,4.855020776866296,-0.10650558831575874,0.3866000003984978,0.09438309129219655,FALSE,ns
Afipia,0.012801865153548617,0.5698295713591265,0.01435232190994615,0.13026979671095018,-2.1402167326800594,-1.8061968320572683,-2.426820601526006,-0.6599119410147294,5.47761789383938,-0.09370018983893966,0.4044000003307582,0.13026979671095018,FALSE,ns
Corynebacterium,0.004088293467470125,0.1629470517730437,0.0023308444138971773,0.1381928336572799,12.292273948637124,11.74933841949008,12.515360530142175,0.7164864100159223,3.689761693179948,0.14843982750008256,0.39912017631520214,0.1381928336572799,FALSE,ns
Sphaerobacter,0.036236585255197004,0.7420881765240909,0.019680684029912836,0.14490493888377673,-1.973614082663281,-1.697307701066869,-2.2766207429863377,-0.5683849860581116,4.06150667740949,-0.09876026333045497,0.40060000034496707,0.14490493888377673,FALSE,ns
Limnohabitans,0.01969910072268469,0.5954697780738095,0.02080177607976946,0.14606831433994988,-2.230190938768251,-1.9846406296932715,-2.454188994430311,-0.4920031550845625,3.9683358753834304,-0.08694084559701484,0.4210000002700752,0.14606831433994988,FALSE,ns
Comamonas,0.0655274751935364,0.8291350386101493,0.021129987221234,0.14716489458475823,-1.4725868377408178,-1.2192477887649051,-1.756663835446524,-0.523997366773501,3.611387396137096,-0.10097302947705677,0.39940000034948075,0.14716489458475823,FALSE,ns
Haemophilus,0.06101402091736219,0.874546048624661,0.017529337968195797,0.14741203113398724,-0.8998094316577214,-0.6911501213098141,-1.144376138093044,-0.5255781091032228,7.1370902511753656,-0.08174129150203421,0.40351929647467827,0.14741203113398724,FALSE,ns
Rothia,0.02031237908696411,0.40129883027795077,0.004667335188379118,0.17260118900333243,9.88608750005756,9.406490759740318,10.481780292495191,0.7160979412385569,9.920565551857049,0.09027373781727777,0.42711457733270997,0.17260118900333243,FALSE,ns
Anaerococcus,0.004751841845564578,0.17414319369575576,0.010771074336289772,0.30546719254027027,1.3816263351407514,1.0038917835424268,7.388538894256091,0.7024809037332265,8.900553990528032,0.0930537601006058,0.42760000024650197,0.17414319369575576,FALSE,ns
Erwinia,0.07700933871371306,0.8624944781719741,0.035323270507883794,0.18875252979058468,-2.0469132868840436,-1.8266727225131838,-2.310883501734433,-0.5143658711214281,3.8147728844561115,-0.0912439503159504,0.41000000031004574,0.18875252979058468,FALSE,ns
Sphingobacterium,0.2535375208455539,0.9890836734433542,0.03797455887697362,0.19364827995722433,-1.657895856261729,-1.445184353904974,-1.8907773258924516,-0.4753961347948348,3.828993734991297,-0.08464081468929133,0.4153169369031741,0.19364827995722433,FALSE,ns
Leuconostoc,0.10071492684036697,0.9594031435590399,0.0350505614264956,0.20746384968594017,-0.43002565223971967,-0.22451007648063914,-0.6716314383892881,-0.5136942961744024,7.619362764818096,-0.07599392135295008,0.4075184966198039,0.20746384968594017,FALSE,ns
Unknown genus81,0.29911557040019476,0.9940441639594757,0.04311898274671879,0.21092003987013047,-1.2615322540730158,-1.0496385916920223,-1.5112444553244693,-0.4580632233583124,4.024583420887115,-0.08323148622893975,0.41740000028305824,0.21092003987013047,FALSE,ns
Kaistobacter,0.14453041095020538,0.9876390747753674,0.039880909860606786,0.21385883737740807,-0.7326720615712397,-0.5345278238893814,-0.9833791461909271,-0.513257455205534,5.5627059515284625,-0.08158508871963377,0.41031793672147115,0.21385883737740807,FALSE,ns
Treponema,0.11381851303343925,0.8992990499307836,0.05197090405633044,0.22249481430822549,-1.8017148270729288,-1.5831936046668966,-2.048806904157531,-0.461406461182178,3.668755984355043,-0.08621340897871832,0.41860000027872046,0.22249481430822549,FALSE,ns
Unknown genus5,0.06919814253775583,0.8568237778364898,0.05902399812883916,0.22919848918816252,-1.5817670030474096,-1.3448246572002498,-1.8484550027922175,-0.5469580581136491,3.585743124288409,-0.09975002918643158,0.39960000034872756,0.22919848918816252,FALSE,ns
Shewanella,0.11023026461074047,0.9608860134764375,0.04770442201133868,0.23201858655238072,-0.4607174068553359,-0.21822027800597255,-0.7114308008231687,-0.5045279968778527,7.04590291115152,-0.07399531150508562,0.41411717685954835,0.23201858655238072,FALSE,ns
Phenylobacterium,0.05265045089031447,0.7505027256300446,0.06945269082865034,0.2396575027171035,-2.382620036651171,-2.14672386183394,-2.6459364433370096,-0.45521586362273414,3.282402960846614,-0.09221901620106632,0.4218000002672034,0.2396575027171035,FALSE,ns
Unknown genus10,0.1466562439320613,0.9331351667788083,0.06396924579051841,0.24043143457061567,-2.3886817646652876,-2.1628552326580355,-2.627318155112045,-0.4384161792401855,3.1262700235492034,-0.09086800934487005,0.41480000029249264,0.24043143457061567,FALSE,ns
Mycobacterium,0.13814890411814,0.9836368859266529,0.058295143916743355,0.25366416538689146,-0.268619481296116,-0.054247342228253004,-0.5667429143231191,-0.5157311882671181,6.580075693353857,-0.07941755323129429,0.4088000003144622,0.25366416538689146,FALSE,ns
Janibacter,0.1695057744200201,0.978223661573057,0.06265907590855116,0.25665966662341044,-2.3853195002155863,-2.1925893170548854,-2.595524186579265,-0.48087007607577714,9.878054904372231,-0.05460839213606667,0.43560000021828754,0.25665966662341044,FALSE,ns
Unknown genus1,0.5697039015926434,1,0.07307793826737834,0.26340086806265095,-1.356548111592434,-1.1781930204712259,-1.5647867704718603,-0.33193461790498,3.8210458186483054,-0.059281955343001964,0.4399120177996281,0.26340086806265095,FALSE,ns
Dialister,0.2687845067517988,0.983869884355698,0.08337432296039006,0.27345428163643093,-2.0777878868642787,-1.8686987313363286,-2.313526572658408,-0.401038204749649,3.4396825041594754,-0.08125344744844422,0.4282000002443729,0.27345428163643093,FALSE,ns
Clostridium XlVa,0.20363680975511508,0.9598012411714935,0.08697030535267608,0.27731075585554427,-1.9635385256515008,-1.7614828902178283,-2.17622459345697,-0.3388633834319057,3.199226825969035,-0.07054993542384247,0.43760000021129064,0.27731075585554427,FALSE,ns
Geobacillus,0.27237948046042654,0.9784304813758127,0.08367327414855205,0.2797198617246535,-2.127604385686846,-1.9117789060633221,-2.3516466783369507,-0.3800525144753424,3.5410826034571876,-0.0703149334465905,0.430800000235171,0.2797198617246535,FALSE,ns
Cloacibacterium,0.37578699715663394,0.9996526578822047,0.09482093843968425,0.2931230962206063,-1.9797948073411735,-1.7755999675432683,-2.1960389974468786,-0.4440974000868261,5.740575366365006,-0.06212757785824046,0.4288000002422453,0.2931230962206063,FALSE,ns
Gluconacetobacter,0.12593246835076424,0.857269359820011,0.1112298664742831,0.29905421173838154,-2.637259733706041,-2.4394400652571235,-2.863260261163786,-0.3920595581965802,3.272068431123788,-0.07703980071301231,0.43111377747852103,0.29905421173838154,FALSE,ns
Cardiobacterium,0.6687916790036932,1,0.09546402571501472,0.30276719213002323,-1.34221914654837,-1.1678271284077288,-1.5489186141314448,-0.3291845204863906,3.6074936510785793,-0.059243277956839965,0.43520000021969,0.30276719213002323,FALSE,ns
Nocardioides,0.15705519543398513,0.9660335866490103,0.09845333970061321,0.3041656976600753,-1.7260816703901654,-1.515758345022733,-1.975365154348741,-0.4550068869695165,5.264621417611279,-0.06674877963011522,0.4215156971287441,0.3041656976600753,FALSE,ns
Enterococcus,0.4541012321089989,0.9974919784970183,0.1006773608325865,0.3068441277710485,-1.2288592090087596,-1.0421127330772038,-1.4454730116812744,-0.4170149234337517,3.688274175341462,-0.07328320610663241,0.423715257208849,0.3068441277710485,FALSE,ns
Pantoea,0.05864728705122227,0.8038011987533351,0.10953216327568012,0.3072041188837412,-3.0377751643341915,-2.8253340183681193,-3.272709476918658,-0.46842247095669975,3.764585486306392,-0.0795943259393953,0.4263147373035598,0.3072041188837412,FALSE,ns
Kingella,0.2080814636870554,0.992209968567664,0.09708357326443473,0.3094355227796464,-0.7047968498023378,-0.5217978731003994,-0.930881502510446,-0.4197318290060057,5.846341196100252,-0.06569448144163766,0.42011597707778464,0.3094355227796464,FALSE,ns
Achromobacter,0.28969560033665576,0.9766797735824833,0.11436896447024858,0.3106834472202284,-2.37359216927942,-2.160278926513115,-2.624099569670726,-0.39717841454756453,3.1766223244536036,-0.08147377623176782,0.42991401743476754,0.3106834472202284,FALSE,ns
Ferruginibacter,0.33383448553389417,0.9815644291844321,0.11172271886549279,0.31744484506527554,-2.5415170272559156,-2.3192751163072858,-2.77117442459733,-0.4060561117204555,3.3620832542701997,-0.08287250677772678,0.4317136575004012,0.31744484506527554,FALSE,ns
Rhodoplanes,0.4864105502434697,0.9978187448845673,0.11561626533038326,0.3175979506637953,-2.0701286404440022,-1.8547882102214386,-2.3028304312803414,-0.3465074219249855,3.114286834158383,-0.07408393444561558,0.43491301761712914,0.3175979506637953,FALSE,ns
Streptobacillus,0.46519352140904335,0.9950657202641473,0.11328429711562864,0.31764113532327126,-1.9741579064183972,-1.7723921884260232,-2.1913144939496148,-0.37154348063520537,2.785192218491849,-0.08593927348093286,0.4248000002564684,0.31764113532327126,FALSE,ns
Gardnerella,0.5034500964649067,1,0.09772174606250615,0.32068447088172136,-0.6105569095074515,-0.4466164569171456,-0.8056819187675295,-0.3620746556509813,5.98456018181325,-0.057813739237094805,0.4334000002260096,0.32068447088172136,FALSE,ns
Pseudoxanthomonas,0.5327987115751064,0.9994877207019512,0.11466869560071818,0.3216160840266302,-1.813479129167666,-1.6246564227103084,-2.024425153584671,-0.3751912103543349,3.446569335825255,-0.07419704435874422,0.42920000024082833,0.3216160840266302,FALSE,ns
Jeotgalicoccus,0.26666382381406317,0.9618073013388396,0.12203321729695848,0.3252259844712078,-2.4339737302849507,-2.211488770861493,-2.6681738357110385,-0.4220022517735842,3.2676169458185855,-0.08511949843616258,0.4249150172525564,0.3252259844712078,FALSE,ns
Carnobacterium,0.46566460675825216,0.993350027397572,0.11590276832019862,0.3274931927519387,-1.9021410291531096,-1.7301928369107653,-2.104358899834777,-0.28212776450848054,3.1749181525548655,-0.05427758010296396,0.4463107380334085,0.3274931927519387,FALSE,ns
Friedmanniella,0.20323759200198457,0.9839267544510548,0.11672905664836876,0.33365359364148467,-1.6592965427691961,-1.4500838653798178,-1.8857877925928674,-0.45509831311801907,4.194045507134367,-0.07835128470218061,0.4241151772234164,0.33365359364148467,FALSE,ns
Tannerella,0.45556659217677253,0.9915053307511932,0.13566019339182356,0.34160919538388773,-2.303272633036144,-2.110458294711126,-2.5079427851708873,-0.333352673319939,2.9683330724476518,-0.06904843102057602,0.44100000019944413,0.34160919538388773,FALSE,ns
Arcobacter,0.3992285940883807,0.9883376820169198,0.13490764882688847,0.3521245940663822,-2.3229249321562992,-2.131229334176952,-2.537078145062549,-0.3421171430568908,3.0546753391655734,-0.07168343465951807,0.43931213777772127,0.3521245940663822,FALSE,ns
Neisseria,0.016370077425900856,0.3627391430667585,0.020276917019281082,0.5057965527813764,7.716663434043053,0.7363788007282377,8.573431742016888,0.4881826187962579,9.919388406400328,0.05914835729802009,0.44551089800417537,0.3627391430667585,FALSE,ns
Unknown genus2,0.576364528774879,0.9997840982153008,0.14029640228322265,0.36280362869498506,-1.726020570288366,-1.5357532931574083,-1.9454126799417697,-0.3584594845750422,3.864521470536144,-0.06335367337090411,0.4348000002210929,0.36280362869498506,FALSE,ns
Chryseobacterium,0.01675079443385734,0.37133862390152045,0.07665451292337427,0.9656822282016709,2.1331319630699523,2.0823539235331205,2.1946519657041064,0.2768358647910114,8.265910775860792,0.03783033323102286,0.4643071386918238,0.37133862390152045,FALSE,ns
Mesorhizobium,0.46307271835322994,1,0.14136412003078488,0.3720508226550294,-1.1627929491952944,-0.9730213224587532,-1.3609087153184714,-0.33212207551727335,4.594419399552671,-0.05125971315592884,0.440111977806931,0.3720508226550294,FALSE,ns
Methylibium,0.2765720761110987,0.9716445613604701,0.15609363779031918,0.3726462265891096,-2.490021444323581,-2.292358346851291,-2.722700455011127,-0.36954327183021807,3.454241107020482,-0.06827705601538131,0.43811237773391293,0.3726462265891096,FALSE,ns
Citrobacter,0.26300556469130426,0.970853295975578,0.15565191794304173,0.37445385109684715,-2.272614856145058,-2.065131964666124,-2.487940684638759,-0.38168087181950305,3.246287813658059,-0.08067205127808469,0.43151369749310736,0.37445385109684715,FALSE,ns
Ruminococcus,0.5485075525697853,1,0.1528806227201192,0.380407891346491,-1.862554691480736,-1.6629009557226526,-2.0969375825605017,-0.409767602912666,3.667957064565659,-0.07060981972639419,0.4329134175441675,0.380407891346491,FALSE,ns
Oribacterium,0.5565562385213467,0.9995103250772769,0.1571227909913532,0.38479835839847176,-2.073432424374837,-1.8938002681244024,-2.2773498080944767,-0.35233419966628166,3.3034090003527954,-0.0646425677979832,0.43631273766821493,0.38479835839847176,FALSE,ns
Halomonas,0.7025693950080951,1,0.14621619526610202,0.38696618179711867,-1.0503764191921077,-0.8774306971542156,-1.2612193426213425,-0.3216218407532301,5.702199190273823,-0.046685518036040034,0.443600000190423,0.38696618179711867,FALSE,ns
Serratia,0.48617031778614483,1,0.1539387068640283,0.38797762369236005,-2.0624814905186364,-1.8666058531733052,-2.2820077458618275,-0.39216049833490096,4.236474025132232,-0.058905243298286857,0.43091381747122814,0.38797762369236005,FALSE,ns
Lautropia,0.6799051465102266,1,0.14132297687137108,0.38975792874229004,0.9940196667008774,1.1497974455669757,0.7835126758844346,-0.37656959960493275,7.362228352689751,-0.05834287762321183,0.4373125377047119,0.38975792874229004,FALSE,ns
Modestobacter,0.3106448566937858,0.9816753706070281,0.16591523870995373,0.3916733883118631,-2.4784321796100004,-2.2879823235666903,-2.676252665764684,-0.32509614290339695,3.396051579562542,-0.05998610466521481,0.4425114978945781,0.3916733883118631,FALSE,ns
Clostridium,0.32381289481958264,0.9909962774641905,0.17412084999304864,0.3922511741436113,-2.527532530377515,-2.312288247931133,-2.7499451012072047,-0.3643293178030591,3.5402181426593353,-0.06591481837102522,0.43811237773391293,0.3922511741436113,FALSE,ns
Diaphorobacter,0.6820693981002465,1,0.15548590715370905,0.3950807246226432,-1.0792980499983909,-0.903194236425036,-1.2877601287721863,-0.3335677186246784,5.819382395405577,-0.04963699714069653,0.4464000001807437,0.3950807246226432,FALSE,ns
Tessaracoccus,0.7087677683422581,1,0.1533216024525587,0.3995640727646048,-0.66360335229331735,-0.5098247899054726,-0.8521384134236278,-0.30749562740720116,4.614666453072321,-0.052834916975248294,0.4387122577558162,0.3995640727646048,FALSE,ns
Kluyvera,0.5523919188895929,0.9973863010641122,0.17815177800573137,0.40218387329043387,-2.25367638726327,-2.076626628107772,-2.4224761251745344,-0.2824376353074687,2.9800907230916973,-0.054347578541904265,0.4491101781357465,0.40218387329043387,FALSE,ns
Sphingobium,0.7044165893721047,1,0.16064599498642684,0.4104197960037788,-0.6271452648637776,-0.4579857947033492,-0.8229122982498662,-0.28607328628460316,6.341805516580375,-0.041894365821940935,0.4500000001683503,0.4104197960037788,FALSE,ns
Kocuria,0.35149311232528574,0.9989571831062812,0.1741778156398074,0.41538969162390976,-2.067810086782851,-1.889267192090763,-2.2605932406337095,-0.3620938668373279,4.420463601311703,-0.053664580898241845,0.43860000020780027,0.41538969162390976,FALSE,ns
Lysobacter,0.2605288872912217,0.9622284758147105,0.18352292700385275,0.41617670729540723,-2.439187927963717,-2.2272169538558853,-2.667896863237697,-0.3830338928440913,3.2474054887250468,-0.07470519122199534,0.4304000002365844,0.41617670729540723,FALSE,ns
Gordonia,0.36756320566360184,0.9955035450789439,0.18366576145728494,0.41981796916418146,-2.050466585677844,-1.8438832888139816,-2.2751783764926508,-0.39119903243569976,3.965601279355596,-0.06349706193001263,0.42991401743476754,0.41981796916418146,FALSE,ns
Unknown genus18,0.7607602608821497,1,0.19250804894202406,0.42072815819725645,-1.9830483031235113,-1.7995597780145598,-2.1795237425152365,-0.2915040024118909,3.3688212391478842,-0.052504414836964455,0.44591081801879184,0.42072815819725645,FALSE,ns
Lactococcus,0.023377900682028892,0.42113520275994126,0.055582915687495855,0.8025908499387499,-0.6177139431647731,-0.6996862539834927,-0.511531603473486,0.30491532637285257,11.570083118337733,0.02993719028498786,0.4620000001274028,0.42113520275994126,FALSE,ns
Noviherbaspirillum,0.5778960160518699,1,0.20168268342079043,0.431463351251058,-2.4337357616705733,-2.2526494311605196,-2.6255906286220867,-0.2742954390334491,3.1844673910759234,-0.0563543388906936,0.4490000001717868,0.431463351251058,FALSE,ns
Blautia,0.5037616343357804,0.9986160857219212,0.19040083439828312,0.4318833987602956,-1.9493291087260216,-1.74176142246265,-2.182510810055134,-0.3828549081217947,3.6015726248177513,-0.07501528527911577,0.4325134975295777,0.4318833987602956,FALSE,ns
Alishewanella,0.43657310005418715,0.9951378764425751,0.2070889441035679,0.4396631077712108,-2.2295426680842034,-2.039221620790716,-2.436989968931594,-0.3648850472724643,3.216538297896534,-0.07667830278279208,0.4374000002119894,0.4396631077712108,FALSE,ns
Enhydrobacter,0.5362998952470968,0.9995093717375049,0.19984703406341858,0.4410830222955692,-1.9164059733582572,-1.6945665929281741,-2.169818909170682,-0.35067275828282973,3.687980913718963,-0.0641749549824151,0.4397120577923254,0.4410830222955692,FALSE,ns
Deinococcus,0.33693760476583806,0.9888034321287411,0.20220495050232104,0.4418454570538075,-2.4086684612071956,-2.2139633081921337,-2.616759977932742,-0.33846943763638837,3.25444099187135,-0.06837801336113955,0.43631273766821493,0.4418454570538075,FALSE,ns
Moraxella,0.5626111213114738,1,0.1882454971489383,0.4419144438502512,-0.2709309994027791,-0.07523419091103101,-0.5155758185316879,-0.38294647506653323,6.835973063608494,-0.051940543441204745,0.43931213777772127,0.4419144438502512,FALSE,ns
Unknown genus476,0.3964066230136425,0.9919557226339996,0.2222219441110269,0.45099993244413766,-2.719551250750259,-2.541239486434736,-2.8985300189757597,-0.26246700809877765,3.513760334324642,-0.04679104838570777,0.452309538252745,0.45099993244413766,FALSE,ns
Flavobacterium,0.6340247565420709,1,0.19640050041246906,0.4532543648966108,-2.2143300983857745,-2.0146039708699988,-2.43006001694137,-0.33229317245446044,4.917337642403429,-0.04326874966616244,0.4490000001717868,0.4532543648966108,FALSE,ns
Skermanella,0.33294758498419236,0.9866967169497073,0.22820686853927252,0.46653801586915433,-2.4123976919806287,-2.2201324818578287,-2.6143025755656284,-0.33521929876831535,4.111259977019111,-0.058952929460245454,0.44340000019111564,0.46653801586915433,FALSE,ns
Catonella,0.7773489483691493,1,0.23060217792028126,0.4712908692138005,-2.428795797581654,-2.2473650197892,-2.6237442178957773,-0.3393878025316246,3.052686691638886,-0.07804056977360227,0.43831233774121386,0.4712908692138005,FALSE,ns
Wautersiella,0.8634440444114501,1,0.20930409753167575,0.471633072524722,-0.5724619989257427,-0.41241070296566384,-0.7695027239713044,-0.29611104506829555,7.56733454751988,-0.04269654389557027,0.44811037809919396,0.471633072524722,FALSE,ns
Unknown genus73,0.6664979822085839,1,0.22954474804167888,0.4759207571070042,-2.1746674945514455,-2.004378937910781,-2.35834510441515,-0.30422274636907165,3.256249894935957,-0.05641649271333825,0.4448000001862706,0.4759207571070042,FALSE,ns
Porphyromonas,0.030096801948539163,0.4841753247512721,0.449313030817661,1,0.32663317104764644,0.2923008611225839,0.3909483150352244,0.13935398897606532,10.26944576028451,0.01687680180146152,0.479904019263229,0.4841753247512721,FALSE,ns
Unknown genus41,0.7302063955602256,1,0.2309502114334671,0.4854205936424482,-1.485013013390036,-1.2982843862733535,-1.6967006767584962,-0.325168025387752,4.03191283809896,-0.05491658293495755,0.4443111379603317,0.4854205936424482,FALSE,ns
Novosphingobium,0.4045594227585886,0.9998063371834255,0.2233933000999224,0.48928315733013583,-1.2627727829736841,-1.0665837580884316,-1.4647774969750245,-0.3326434764428967,4.6322902663557715,-0.053092281718565185,0.43851229774851497,0.48928315733013583,FALSE,ns
Aurantimonas,0.719308679433466,1,0.24801306002747261,0.500236874515665,-2.362130637984886,-2.160736277275018,-2.5836777827376523,-0.2986821171275711,3.222109407885595,-0.06244409676674944,0.4380000002098939,0.500236874515665,FALSE,ns
Bifidobacterium,0.7260622078666513,1,0.26617026494303,0.5109831185090411,-2.1254430981283416,-1.9571231268860663,-2.2957220153035074,-0.2963824967537487,3.369332268134327,-0.05266658881806885,0.4503099381796166,0.5109831185090411,FALSE,ns
Microbispora,0.743254976939228,1,0.26427515659607165,0.5138786234517815,-2.255460142796374,-2.0641863960856606,-2.453644371868072,-0.3014754674926525,3.55466569692227,-0.051324236592481545,0.44671065804802607,0.5138786234517815,FALSE,ns
Bacteroides,0.7981898860412091,1,0.28812562260055474,0.5214358894616657,-2.301635947118249,-2.1140319498970666,-2.5142881332133067,-0.3063392839649852,3.924972108355318,-0.05048268995226581,0.452309538252745,0.5214358894616657,FALSE,ns
Unknown genus116,0.03494633740181799,0.5229988302794754,0.22115453808020344,0.9760113543471761,-1.4917268666826367,-1.4676121302682272,-1.529780394024435,0.17220391491844023,10.171746153214816,0.02122423224988267,0.476104779123992,0.5229988302794754,FALSE,ns
Unknown genus3,0.823766446689242,1,0.26300349166955583,0.5272078380330192,-1.1893791249031702,-1.055460274044437,-1.3565213921211736,-0.25493627715995526,4.0553428238980285,-0.04108226480858917,0.45380000015532623,0.5272078380330192,FALSE,ns
Marmoricola,0.5822461436345046,0.9998642289400129,0.2873238520430922,0.5291503244342208,-2.159752229693991,-1.9809665362506461,-2.34260047499788,-0.31178531814478117,3.213255072266688,-0.06197623274300827,0.44531093799686816,0.5291503244342208,FALSE,ns
Hymenobacter,0.7073685359121143,1,0.2852617755095992,0.5322590909237064,-2.062589908340847,-1.870160951338617,-2.2658430506227454,-0.317290647397777,3.211607688619715,-0.06147190042367197,0.44220000019527617,0.5322590909237064,FALSE,ns
Aggregatibacter,0.8525981751395362,1,0.26410546976589067,0.53693743368631075,-0.5367356760573117,-0.3890980293722617,-0.6944436206843756,-0.31957938297570276,6.369485897294286,-0.04759880651840277,0.44100000019944413,0.53693743368631075,FALSE,ns
Exiguobacterium,0.7863678714342173,1,0.25348970900243606,0.5403753774919872,-0.4682993491105174,-0.2929881738003699,-0.6676268366916354,-0.3365445496622721,7.11072839170847,-0.05402283385301623,0.4426000001938888,0.5403753774919872,FALSE,ns
Caulobacter,0.35463591193165545,0.997080731012846,0.2931920137040201,0.5520180804631478,-2.104214448165447,-1.9050866132735251,-2.3212912544389193,-0.35793659159780233,4.871996493728454,-0.05038585606038774,0.4403119378142334,0.5520180804631478,FALSE,ns
Mycoplana,0.6659858607688434,0.9993267263821897,0.305386417031929,0.5598462755428961,-2.4472203520825735,-2.2773654327425312,-2.628285270578508,-0.2749721595092174,3.2690886688810723,-0.05432623957606808,0.4500000001683503,0.5598462755428961,FALSE,ns
Abiotrophia,0.5352565848092954,1,0.3094146829689195,0.5631957502674978,-1.813916579112024,-1.6415023695046331,-2.01741743122712,-0.29276409193042063,4.569706743762805,-0.044476420373960095,0.4473105380699546,0.5631957502674978,FALSE,ns
Aquabacterium,0.6907456042895803,1,0.3338486107863308,0.5651692521737071,-2.1780914667952835,-2.007868482958906,-2.348655610229949,-0.21747023392044973,3.42452189068796,-0.03894974510885026,0.4609078185673688,0.5651692521737071,FALSE,ns
Pseudoalteromonas,0.8174269945968293,1,0.3308497646782846,0.5705541615389659,-2.2638356647503466,-2.121135628898984,-2.4273923155449904,-0.25618937293428523,3.6899260393045514,-0.041347317765237805,0.45450909833320446,0.5705541615389659,FALSE,ns
Alloiococcus,0.04319657497341242,0.5716305596182266,0.5232698915188613,0.9987139326800745,-1.3612118653426197,-1.3151114953075753,-1.423759437469112,0.047121841431615685,7.753837715981065,0.0053172360474544106,0.4931013797470463,0.5716305596182266,FALSE,ns
Roseomonas,0.8618346977429527,1,0.3096982947450776,0.5728668896695384,-1.8689818679047132,-1.6951771175634507,-2.071411849009743,-0.29224971781327813,4.039555726917915,-0.05010566330490977,0.4508000001656039,0.5728668896695384,FALSE,ns
Unknown genus14,0.8009222783851682,1,0.30960699756348037,0.5747293454105278,-2.3726331929077507,-2.234682094951208,-2.532132016939821,-0.22983250223911877,4.569917347243988,-0.029696267174779876,0.46190761860396934,0.5747293454105278,FALSE,ns
Unknown genus19,0.6888435850469319,0.9998426330448386,0.3506469950734557,0.592282535282382,-2.1870896029838143,-2.00557350647827,-2.3961356922522388,-0.3491401121769284,3.1916903580082376,-0.06965755384901755,0.43711257769741185,0.592282535282382,FALSE,ns
Anoxybacillus,0.8228056988414129,1,0.336165841159552,0.5974062578523911,-1.7549862883990466,-1.6190481403363073,-1.909644808581005,-0.2542892679983044,4.004815776564502,-0.04085298635235003,0.4583083384722226,0.5974062578523911,FALSE,ns
Unknown genus340,0.8187347013321474,1,0.3609423921227786,0.6023558015943314,-2.2825631335763132,-2.1343969293866705,-2.4323076925217624,-0.23163123674528485,3.3689846024537253,-0.04751509233271545,0.45650869840636593,0.6023558015943314,FALSE,ns
Bosea,0.559394979434301,1,0.30984849909537066,0.6051844374572661,0.24916803781744967,0.4160149727122491,0.039514042671363825,-0.40384746374811975,8.741842909492616,-0.05155998038878696,0.4471105780626446,0.6051844374572661,FALSE,ns
Psychrobacter,0.819925180201854,1,0.3573024451862637,0.6054029239229937,-2.124044262802255,-1.9594146044811467,-2.3011090361164603,-0.22070515754728426,3.2244781929603406,-0.048641970458426435,0.453109378282001,0.6054029239229937,FALSE,ns
Agrobacterium,0.8618017583954167,1,0.31612866238947795,0.6088922639572892,-0.17611750189474407,-0.03568046515884937,-0.37617220456790257,-0.34169026894459353,8.982831654498618,-0.044058815048527294,0.4526000001594329,0.6088922639572892,FALSE,ns
Delftia,0.5236370896730664,0.9994877207019512,0.36102353707669643,0.6122481388573072,-2.1409295019099925,-1.9502467779565187,-2.3403057423686464,-0.3482691014899135,4.0825936852894715,-0.052998141733658556,0.44611077802610044,0.6122481388573072,FALSE,ns
Naxibacter,0.7655198656848652,1,0.35696804447229863,0.6151187206011557,-1.3838074713097006,-1.2584679857635415,-1.5279163001992044,-0.2481303268042323,3.5801684359843566,-0.04444411255908862,0.45350929829662995,0.6151187206011557,FALSE,ns
Clostridium XI,0.6917384552866985,1,0.34881964585445996,0.6174844623155776,-1.1724255243118424,-1.0061532848394625,-1.3755430932587513,-0.31180373415484386,3.8072699355868282,-0.05146533723793119,0.4421115778799682,0.6174844623155776,FALSE,ns
Thermus,0.8452786544151064,1,0.3854798004773309,0.6234484293499863,-1.9090778380319966,-1.7497891733566906,-2.0866508114090534,-0.26441467729212675,3.3287805171684415,-0.05564993868742445,0.44851029811381454,0.6234484293499863,FALSE,ns
Unknown genus35,0.8611758616915399,0.9996597277979378,0.40365919246634385,0.6627908675182196,-2.453269459471872,-2.265259561995827,-2.643053673679834,-0.3066722751336659,3.3404714986810333,-0.058537526016149255,0.4479104180918838,0.6627908675182196,FALSE,ns
Faecalibacterium,0.8663511662083694,1,0.41609331258352206,0.6646112435863757,-2.1608555729189582,-1.9860287156106118,-2.345106846582941,-0.25900870748755,3.621332255054705,-0.042957202213222065,0.45290941827468695,0.6646112435863757,FALSE,ns
Janthinobacterium,0.8955501892666524,1,0.38682383617409183,0.6648932783913671,-1.3168942705636564,-1.131920724469003,-1.52609868687047,-0.3827208216384328,4.160759814610893,-0.06660053754272757,0.42671465731813385,0.6648932783913671,FALSE,ns
Unknown genus86,0.8514437285310325,1,0.4273830197314931,0.6671969798202542,-2.724079750554684,-2.5709401464460537,-2.8886330308657646,-0.22417511445356464,3.429378705731117,-0.041749657149417044,0.4595080985161338,0.6671969798202542,FALSE,ns
Rheinheimera,0.6770052119937195,1,0.39060027343068526,0.6754080536653868,-1.1766199822808332,-1.0230500426192766,-1.3503495454905812,-0.29518932167964085,4.019904686501945,-0.05206529106691427,0.4428000001931951,0.6754080536653868,FALSE,ns
Unknown genus39,0.8657555611148172,1,0.4240454045628862,0.680216264254138,-2.4341377222167075,-2.293755141947032,-2.584729147012549,-0.21826375421144473,4.73422645613312,-0.03127148314005719,0.46600000011385945,0.680216264254138,FALSE,ns
Tepidimonas,0.5877580730784893,0.9937996625916413,0.4669876468091334,0.6844376174089537,-2.505799394313371,-2.371024109000758,-2.660323720784456,-0.2068319773515599,3.2822570350928864,-0.03974266288507289,0.46350729866253704,0.6844376174089537,FALSE,ns
Peptostreptococcus,0.8535891026462329,1,0.45545830189352393,0.6935034962368087,-2.3955557762347057,-2.272530589928561,-2.5513873117251116,-0.2529461315522843,3.9601262553883583,-0.04613774325532984,0.4566000001457649,0.6935034962368087,FALSE,ns
Atopobium,0.37212385118611374,0.9926892029305778,0.43391726417542237,0.6940678956625748,-1.8099478300752088,-1.696865784420571,-1.941014694019156,-0.14011007184098023,3.424802633261802,-0.02720350655814107,0.4709058189335041,0.6940678956625748,FALSE,ns
Unknown genus24,0.834698695032465,1,0.46580106713702096,0.7164071668763049,-2.3239356550910903,-2.1576218138712093,-2.501314736287765,-0.2372838673691655,3.9403435934297146,-0.037591181144216425,0.46060000013215324,0.7164071668763049,FALSE,ns
Brevibacterium,0.8377758216146859,1,0.44213208710017765,0.7195947835606578,-1.0791162871204483,-0.9518905827066533,-1.21821062333718,-0.22142166195977175,9.572397675989633,-0.027703080885773206,0.4666000001118326,0.7195947835606578,FALSE,ns
Unknown genus6,0.7046558620012249,1,0.4325963680705934,0.7311214837406262,0.3853654350190592,0.4954033703004379,0.23299402302650485,-0.16965839172724628,6.607288105612356,-0.025669677538842466,0.47180000009429995,0.7311214837406262,FALSE,ns
Arthrobacter,0.8798895512526276,1,0.4682722611691467,0.7453489698512461,-1.192029058856276,-1.0763500829533097,-1.3415195669759798,-0.25143358780011127,8.742030756522032,-0.03322313314902157,0.4582000001403139,0.7453489698512461,FALSE,ns
Jan-68,0.3426974692002103,0.9812077602199638,0.5267062821888164,0.7515385301738918,-1.9528681629988016,-1.8113503736558538,-2.1171265157044843,-0.1834214758637298,3.3947903048221617,-0.035326115428068364,0.46690661878701706,0.7515385301738918,FALSE,ns
Unknown genus44,0.6641705803619412,1,0.49033460116712363,0.7569173078574299,-0.6659639179779386,-0.5648968655345561,-0.7892527875987199,-0.21780196031396049,7.142112656700143,-0.033853332614966675,0.46380000012130285,0.7569173078574299,FALSE,ns
Pseudonocardia,0.4452312247621138,0.9991323769862964,0.5153917871908066,0.7588024542812272,-1.7458045474005717,-1.6262786445453568,-1.885636826522008,-0.15912761977392886,3.6798613741795796,-0.028307723991153985,0.47040000009901406,0.7588024542812272,FALSE,ns
Hydrogenophilus,0.5299148237974054,0.9998458417108923,0.5077789105101175,0.761343145633715,-1.4834205289661364,-1.3421309660433423,-1.6620418267549217,-0.19887978132064354,6.337995275686976,-0.026888023840555768,0.4679064188236349,0.761343145633715,FALSE,ns
Microbacterium,0.6037038152116109,1,0.47029291266689305,0.7704827188230674,-0.12053892901885455,0.01628357118946422,-0.26778700956011203,-0.2948872473472548,9.745639303726728,-0.03739984526933165,0.4581083784649047,0.7704827188230674,FALSE,ns
Ralstonia,0.89912929639266,1,0.5071736955691319,0.7737383004986352,0.024869689566281217,0.19202233014429382,-0.22022383288911396,-0.3703097626540153,7.695756339472987,-0.05100208542053978,0.4469106180553358,0.7737383004986352,FALSE,ns
Brochothrix,0.8274412756338639,1,0.572410460406464,0.7933190962702463,-2.0489494503808405,-1.923499708697956,-2.1795870823269077,-0.1965634372884848,3.2342789927673703,-0.035762945151039664,0.46770645881631107,0.7933190962702463,FALSE,ns
WAL_1855D,0.13464194053683917,0.8174107487597323,0.6817765023690885,0.9638997755440478,-2.1620036716547,-2.087358983109671,-2.24472227051138,-0.06772310201919751,3.4198213282727385,-0.011863724409826033,0.4895020996150786,0.8174107487597323,FALSE,ns
Acidovorax,0.6046153682159408,1,0.5607338194420648,0.8215349573041004,-0.7040388566577498,-0.5609649300642108,-0.8658404095208967,-0.20244414839086744,5.941051527961685,-0.031421080623835265,0.46720000010980606,0.8215349573041004,FALSE,ns
Selenomonas,0.13461226269562745,0.8223529458140618,0.7482773760856,0.9564836349659576,-2.241428464120972,-2.157051862298874,-2.3189115271760983,-0.01424847244951799,3.2139724103526666,-0.003737690086737999,0.4969006198863525,0.8223529458140618,FALSE,ns
Adhaeribacter,0.6063724294267688,0.9978525140211467,0.6143404383765396,0.8306351493468116,-2.157966739479434,-2.0263210796581097,-2.298766405205315,-0.15358022329192877,3.2620493436516957,-0.02945508562686802,0.47000000010036125,0.8306351493468116,FALSE,ns
Gemella,0.8997501818975149,1,0.5596208323861646,0.8364175492324941,-0.022875920838786534,0.06455851986428307,-0.1589404158933858,-0.274745154216534,10.075562656199418,-0.033039029483122484,0.4564000001464469,0.8364175492324941,FALSE,ns
Rhodococcus,0.4904863555832547,0.9917874136569245,0.6878023985968004,0.8394524263958071,-2.7162051317798053,-2.609587499624891,-2.8347031538925416,-0.1540333593431562,3.4626403277806004,-0.026863615203174738,0.4742000000862291,0.8394524263958071,FALSE,ns
Peptoniphilus,0.9538940532024466,1,0.5424203416565425,0.8395888034453325,0.11374862875583602,0.24714959268029446,-0.059364955200949865,-0.30112333803050095,8.802996620824565,-0.04118221156510897,0.4520000001614886,0.8395888034453325,FALSE,ns
Granulicatella,0.10160852344233362,0.8584198062433177,0.6860960403942682,0.9973844262485905,-1.7141085001422542,-1.6640518998863918,-1.7874273405487537,-0.03292571703403091,10.450268179956346,-0.004063107862304155,0.49470105980570006,0.8584198062433177,FALSE,ns
Dietzia,0.6822862913352752,1,0.5904412807222983,0.8693846210349208,0.5788790093118577,0.680910819677587,0.44504580597892573,-0.20264792768325623,8.97654395197802,-0.027457895264812994,0.4678000001077801,0.8693846210349208,FALSE,ns
Unknown genus13,0.5705535852621012,0.9976396825748635,0.7049233883411802,0.8727381051985914,-2.3131260467824166,-2.172582669834819,-2.458663042469036,-0.15911652962639167,3.4317573120500953,-0.027779258465149344,0.47510497908735544,0.8727381051985914,FALSE,ns
Streptomyces,0.45997898196007203,1,0.6762966811870282,0.8728526385691496,-1.2195867072079114,-1.100085903846523,-1.3445885286448114,-0.133600686345126,4.147920628187538,-0.0195488069640293,0.4779044191899436,0.8728526385691496,FALSE,ns
Ochrobactrum,0.5526753974403608,1,0.6912985638454403,0.874646892366556,-2.119418788772342,-1.9791781489320082,-2.2752360057256267,-0.1926281167200452,3.7804356966097163,-0.03215773247512203,0.4665066987723706,0.874646892366556,FALSE,ns
Leptotrichia,0.08725221189347525,0.8760016165061338,0.21933094796939745,0.9975610548193053,-0.15438507457106798,-0.2034590876746325,-0.0815040091039565,0.18211843103535497,10.997208937584258,0.019738154109031972,0.47640000007884215,0.8760016165061338,FALSE,ns
Cellulomonas,0.3580637151754395,0.989700342110259,0.7144315487937067,0.8798062236314463,-2.028601619166876,-1.9094908438740035,-2.154104020623997,-0.16896470091508764,4.033382116221116,-0.027844480879533895,0.4719056189701318,0.8798062236314463,FALSE,ns
Rhodobacter,0.6573177441306843,1,0.7059652037438338,0.8802608284465124,-1.8829174465655125,-1.7531280175586668,-2.036467215369811,-0.1741656984268607,3.4893487575691964,-0.03234134123408508,0.469200000103058,0.8802608284465124,FALSE,ns
Stenoxybacter,0.1254380646280064,0.8844179667477907,0.8338765287248424,0.9542515277277684,-1.1782326682263635,-1.0926885593984919,-1.2727999630387652,-0.08944561034135212,5.227714626856495,-0.013179497162678622,0.4859028194831221,0.8844179667477907,FALSE,ns
Fusobacterium,0.08714240084711908,0.8903014721774648,0.23300536664845434,1,2.419009673993698,2.3448896858822605,2.5570355752980634,0.17406121576489664,8.380235200675822,0.02306243333558148,0.47520000008287067,0.8903014721774648,FALSE,ns
Blastococcus,0.13313265851343425,0.8950976674431964,0.5071913048767482,0.9965918548428353,-2.0674123649368203,-2.005243021027349,-2.1383132701816425,0.02847694923631572,5.8331329112789785,0.0032748468307802515,0.4960000000133343,0.8950976674431964,FALSE,ns
Lactobacillus,0.09293113570801036,0.9007179178643485,0.17920756746781025,1,1.675799129373905,1.5302840595334626,6.250791289042464,0.24423236645181579,8.903978452633257,0.0305945479555118,0.47230553898478367,0.9007179178643485,FALSE,ns
Eubacterium,0.3900514534539135,0.9746948104343762,0.751654450836918,0.9026490004478478,-2.3481333045042723,-2.2387504026638974,-2.461228880202266,-0.09600995054151085,3.1454778069236013,-0.019248059955006953,0.4832000000560629,0.9026490004478478,FALSE,ns
Unknown genus63,0.2264792441133528,0.9127783814825284,0.7162838037598969,0.9519319201462899,-2.195485855178749,-2.080366292853995,-2.320409529261143,-0.09360169162023002,3.654679210172291,-0.017039617064846364,0.48400000005338817,0.9127783814825284,FALSE,ns
Stenotrophomonas,0.7093637743181657,1,0.7085279202571444,0.9142175087543534,-0.5518761242706836,-0.40889353976613396,-0.7254046870099611,-0.1640769447320949,6.039299075906512,-0.026623137405483485,0.4698000001010352,0.9142175087543534,FALSE,ns
Capnocytophaga,0.10229264149482119,0.9271906793628585,0.35715330552362495,1,1.9933800743080416,1.9942231110795943,1.9920902973185957,0.07037224972136613,8.643073216821579,0.011333994040843705,0.48800000004002325,0.9271906793628585,FALSE,ns
Xanthomonas,0.22353587962925267,0.9460078414130016,0.8120916826337109,0.9326549707323535,-2.0788139442009044,-1.9600369209024642,-2.214790543165086,-0.13828506269689722,3.3562403566747774,-0.02617698305853191,0.4744000000855576,0.9326549707323535,FALSE,ns
Paracoccus,0.9258032062449394,1,0.622908123330117,0.937538873857844,9.215550183469073,8.821705585592968,9.310168326329947,-0.12346851918420754,6.803279986907538,-0.018880592027661493,0.48600000004670313,0.937538873857844,FALSE,ns
Rubellimicrobium,0.47786172149435036,0.9996856595658663,0.7650113860580995,0.9407849231532924,-0.663627312552852,-0.564424053172969,-0.8189046528474062,-0.2250049291067313,7.772069232189241,-0.032562772458131835,0.46290741864057283,0.9407849231532924,FALSE,ns
Unknown genus125,0.414582177339116,0.9998395824008639,0.808930595376388,0.9409212941865109,-1.0895428860580054,-0.975654101518395,-1.228221249881619,-0.18678492824509174,4.579292813597428,-0.029053017496127757,0.4678000001077801,0.9409212941865109,FALSE,ns
Methylobacterium,0.822948212596513,1,0.6895047548144859,0.9444577998696991,2.0440903872204164,2.1583221283908047,1.9050413374107418,-0.26887446478406485,7.944419769467545,-0.03512219356084839,0.46690661878701706,0.9444577998696991,FALSE,ns
Devosia,0.3120685189927422,0.9893462400238975,0.7932111270432995,0.9470253313819661,-2.1588103434169934,-2.038852457530867,-2.304734278568098,-0.13351370439290822,4.5578478282304165,-0.02110248251970722,0.4790000000701236,0.9470253313819661,FALSE,ns
Rhizobium,0.7783269951129554,1,0.8385340713959518,0.9607827904029758,-1.6359671381090486,-1.5045915134107801,-1.7906020846030968,-0.2713161996258142,5.194356979219544,-0.03914063193647337,0.45270945826737247,0.9607827904029758,FALSE,ns
Pseudomonas,0.12328763952446897,0.9671553700302173,0.13179364972552327,1,10.047182037312892,9.759265453975514,10.336719209403903,0.42554490542685297,6.6605599236142625,0.06738080694024545,0.46190761860396934,0.9671553700302173,FALSE,ns
Unknown genus20,0.3723036320765805,1,0.8629478165861875,0.9698396108683756,-0.8900607931483462,-0.785673447500451,-1.0085558491534394,-0.09165499864358306,7.130166853076394,-0.013806131613631194,0.48430313942447933,0.9698396108683756,FALSE,ns
Brachybacterium,0.18670917408141055,0.9706100643735999,0.57732372463319,0.9984696600050496,-1.0729389737299737,-0.9861040203124469,-1.1756151101113357,-0.03408626990889019,7.179147242741222,-0.004957052598720295,0.49490101981303253,0.9706100643735999,FALSE,ns
Veillonella,0.12869992511474931,0.9714401044925683,0.26206266760404345,1,2.137810420026919,2.0409414545747957,5.893329052950824,0.21018642594017045,8.856002997688623,0.027306561655852348,0.4730000000902631,0.9714401044925683,FALSE,ns
Brevundimonas,0.6879222428960403,1,0.8296369183271807,0.9792515851397332,-1.4304572657302481,-1.3059578297169159,-1.5671649366491112,-0.1554575874153601,10.752140015391468,-0.01818574332928892,0.48060000006476394,0.9792515851397332,FALSE,ns
Escherichia/Shigella,0.8814173393164,1,0.8119439020694682,0.9860024980315362,1.5417839502943567,1.6415463869603544,1.4459318964116097,-0.1949008675585544,8.844811158326355,-0.025573573868844332,0.47040000009901406,0.9860024980315362,FALSE,ns
Bacillus,0.20125169736048326,0.9873983873540515,0.3347229590104403,0.9998279401741141,-1.2248539701092547,-1.1972871583374598,-1.265271393269332,0.028807289834882788,11.090838055293144,0.002900132874985227,0.49640000001200085,0.9873983873540515,FALSE,ns
Campylobacter,0.32524763434069576,1,0.9091435514423333,0.9912019327325076,0.028463472783067267,0.13264335359245827,-0.10737909678436974,-0.15044102841634555,7.361451352474267,-0.02345522338906169,0.4742000000862291,0.9912019327325076,FALSE,ns
Enterobacter,0.22464282891927756,0.9944772547233601,0.6553842331192204,1,-0.758704154334696,-0.7294776569352095,-0.8020792314475287,-0.024526334081233614,9.937568470065868,-0.0029129028590445024,0.49640000001200085,0.9944772547233601,FALSE,ns
Unknown genus123,0.22524700612120846,0.99657471515641,0.4393688338464223,1,-0.06557316020844439,-0.08613922661322793,-0.03515294952680037,0.10178104695891577,10.492706448603414,0.011134189485987564,0.4906000000313446,0.99657471515641,FALSE,ns
Massilia,0.974357694283013,1,0.8613164887813674,0.9986428506867546,2.176757707767817,2.2245958377097867,2.1172155321115724,-0.2447977364323739,8.008711420649803,-0.034110791225981596,0.46610677875772466,0.9986428506867546,FALSE,ns
Acinetobacter,0.5306527737158353,1,0.8271934275061532,1,9.70158997722935,9.578804543889216,9.846934483679814,0.2388408335422083,6.749177773655265,0.03706187382227065,0.4740000000869021,1,FALSE,ns
Actinomyces,0.6203808642677208,1,0.6741735570684485,1,1.4082245259478912,1.4053767019197547,1.4154194727611067,0.0016272809754704909,8.592992788072484,2.0061746408988818e-4,0.49980000000066716,1,FALSE,ns
Aerococcus,0.32100098832957447,1,0.7899127516194846,1,0.9924274690745438,1.0235911875591865,0.9542262158013681,-0.03734620452259918,7.543728281883769,-0.005288955098517723,0.49300000002333844,1,FALSE,ns
Aeromonas,0.5155889571314238,1,0.676407187889157,1,0.5513002939887297,0.6218771641461345,0.4656206721491243,-0.12056823557153162,9.28505014246681,-0.01388022071642334,0.4820000000600775,1,FALSE,ns
Finegoldia,0.3127527957948477,1,0.7287331264029,1,0.6694212178226957,0.7592074554162682,0.5241951679114889,-0.17514011506219251,7.7114829855029345,-0.024119959001077756,0.4726000000916089,1,FALSE,ns
Propionibacterium,0.2823332741122854,1,0.5074508127389287,1,1.4024015043099505,1.3128208604960898,5.048789869880572,0.13928483792403057,8.506327196388973,0.01811276914759012,0.4826000000580703,1,FALSE,ns
Sphingomonas,0.898259476209549,1,0.8086695828854276,1,9.18757015279832,8.765806201967317,9.450087660903748,-0.06922309267612992,7.713969667196946,-0.0104174105211805,0.4937012597690415,1,FALSE,ns
