feature	X5.7N15	A17	Abiotrophia	Acetivibrio	Acetobacter	Acetobacterium	Achromobacter	Acidaminococcus	Acidovorax	Acinetobacter	Actinobacillus	Actinobaculum	Actinomadura	Actinomyces	Actinomycetospora	Actinoplanes	Actinopolymorpha	Adhaeribacter	Aequorivita	Aeribacillus	Aerococcus	Aeromicrobium	Aeromonas	Afifella	Afipia	Aggregatibacter	Agrobacterium	Agrococcus	Agromyces	Akkermansia	Alcaligenes	Alcanivorax	Algoriphagus	Alicyclobacillus	Aliidiomarina	Alishewanella	Alistipes	Alloiococcus	Altererythrobacter	Anaerococcus	Anoxybacillus	Arthrobacter	Aurantimonas	Bacillus	Bacteroides	Blautia	Bosea	Brevundimonas	Caulobacter	Chryseobacterium	Citrobacter	Cloacibacterium	Clostridium.III	Clostridium.IV	Clostridium.XI	Clostridium.XlVa	Corynebacterium	Delftia	Devosia	Diaphorobacter	Dorea	Enhydrobacter	Enterobacter	Enterococcus	Erwinia	Escherichia.Shigella	Faecalibacterium	Ferruginibacter	Geobacillus	Hydrogenophaga	Hydrogenophilus	Janthinobacterium	Lactobacillus	Leuconostoc	Limnohabitans	Lysinibacillus	Lysobacter	Marinomonas	Massilia	Mesorhizobium	Methylibium	Methylobacterium	Methyloversatilis	Microbacterium	Mycobacterium	Neisseria	Oscillibacter	Paracoccus	Peptoniphilus	Petrobacter	Porphyromonas	Prevotella	Pseudomonas	Pseudoxanthomonas	Rhodobaca	Roseomonas	Rothia	Rubrobacter	Schlegelella	Selenomonas	Shewanella	Sphingobium	Sphingomonas	Staphylococcus	Stenotrophomonas	Streptococcus	Turicibacter	Unknown.genus123	Unknown.genus158	Unknown.genus28	Unknown.genus296	Unknown.genus41	Unknown.genus476	Veillonella	Weissella	Xanthomonas
2016_10_13___Hiseq_7_RDB251_CACGTCTA	0	0.0158220845319761	0.0158220845319761	0.0158220845319761	0.0158220845319761	0	0.0158220845319761	0.0158220845319761	0.0158220845319761	0.0158220845319761	0.00165965921664085	0	0.0158220845319761	0.0158220845319761	0.0158220845319761	0.0158220845319761	0	0.0158220845319761	0.0120601903075902	0.0158220845319761	0	0.0158220845319761	0.00243416685107325	0	0.0158220845319761	0.0158220845319761	0.0296525780039832	0	0.00840894003098031	0.0158220845319761	0.0158220845319761	0.0158220845319761	0.0158220845319761	0.0158220845319761	0.0116176145164859	0.0158220845319761	0	0	0.0119495463598141	0	0	0	0	0.0442575791104227	0	0	0	0	0	0	0	0	0	0	0	0	0.000885151582208453	0	0	0	0	0	0.0678247399867227	0	0	0	0	0.0189201150697057	0	0.0131666297853507	0	0	0.296636423987608	0	0	0.00276609869440142	0	0	0	0	0	0	0.00840894003098031	0	0	0	0	0.0386147377738438	0	0	0	0	0.0134985616286789	0	0.00453640185881832	0	0	0.0441469351626466	0	0	0	0	0	0	0	0	0	0	0	0	0	0	0	0	0	0.00464704580659438
2016_10_13___Hiseq_7_RDB253_CATCAACC	0	0.0139759531394512	0.0139759531394512	0.0139759531394512	0.0139759531394512	0	0.0139759531394512	0.0139759531394512	0.0139759531394512	0.0139759531394512	0.0139759531394512	0.0139759531394512	0.0139759531394512	0.0139759531394512	0.0139759531394512	0.0139759531394512	0	0.0139759531394512	0.0107217483643339	0.0139759531394512	0.0139759531394512	0.0139759531394512	0.00222656116192238	0	0.0139759531394512	0.0139759531394512	0	0	0	0.0139759531394512	0.0139759531394512	0	0	0.0139759531394512	0.0102764361319494	0.0139759531394512	0.0102079265577364	0	0	0	0	0	0	0.00849518720241154	0	0	0	0	0	0	0	0	0	0	0	0	0	0.00222656116192238	0	0	0	0	0	0	0	0	0	0	0	0	0	0	0.566676943102799	0	0	0	0	0	0	0.00345973349775631	0	0	0	0	0	0	0	0.00757030795053609	0	0	0	0	0.0143527557976227	0	0.00143870105847292	0	0	0.0145240297331552	0	0	0.00976261432535197	0	0	0.0017812489295379	0	0.000856369677662453	0	0	0	0	0	0	0	0	0	0
2016_10_13___Hiseq_7_RDB254_CATCACGT	0.0143478742155502	0.0143478742155502	0.0143478742155502	0.0143478742155502	0.0143478742155502	0.0143478742155502	0.0143478742155502	0.0143478742155502	0.0143478742155502	0.0143478742155502	0	0.0143478742155502	0.0143478742155502	0.0143478742155502	0	0	0	0	0.0110099711339504	0.0143478742155502	0.0143478742155502	0	0	0	0.0143478742155502	0	0	0.0143478742155502	0.0143478742155502	0.0143478742155502	0.0143478742155502	0	0.0143478742155502	0.0143478742155502	0	0.0143478742155502	0.0104820374832892	0.000740810122701998	0	0	0.000204361413159172	0	0.00063011435724078	0	0	0	0	0	0	0	0	0.00090259624145301	0	0	0	0	0.00603717674707721	0.000238421648685701	0	0	0	0.000561993886187723	0	0	0	0	0	0	0.00700789345958327	0	0.00720373981386081	0	0.000638629416122413	0.000323572237502022	0	0	0	0	0	0	0	0	0	0.000638629416122413	0	0.000127725883224482	0	0.000246936707567333	0	0	0	0.000570508945069355	0.616881955738724	0	0	0	0	0	0	0.00202658401382846	0	0	0	0.00111547271349381	0	0	0	0.00141349977435094	0	0	0	0.000255451766448965	0	0.000740810122701998	0	0
2016_10_13___Hiseq_7_RDB257_CCGAAGAT	0.0136202131859455	0.0136202131859455	0.0136202131859455	0.0136202131859455	0	0	0.0136202131859455	0.0136202131859455	0.0136202131859455	0.0136202131859455	0	0.0136202131859455	0.0136202131859455	0.0136202131859455	0.0136202131859455	0.0136202131859455	0.0136202131859455	0.0136202131859455	0.0104619028819582	0	0.0136202131859455	0.0136202131859455	0.00217133833399131	0.0136202131859455	0.0136202131859455	0.0136202131859455	0	0.0136202131859455	0	0.0136202131859455	0.0136202131859455	0	0	0.0136202131859455	0.0100671140939597	0.0136202131859455	0.00986971969996052	0	0	0	0	0.0339518357678642	0	0.0369127516778524	0	0	0	0	0	0	0	0	0	0	0	0	0.0254638768258981	0	0	0	0	0	0	0	0	0	0	0	0	0	0	0.0215159889459139	0	0	0.00434267666798263	0	0	0	0	0	0	0.103434662455586	0	0	0	0	0	0	0	0	0.0568495854717726	0	0.011251480457955	0	0	0	0	0.0485590209238058	0	0	0.0290169759178839	0	0	0.0227003553099092	0	0.102052901697592	0	0.00157915515199368	0.110343466245559	0	0	0	0	0	0.0189498618239242	0
2016_10_13___Hiseq_7_RDB258_CTGACTAC	0	0.0166364870982345	0.0166364870982345	0.0166364870982345	0.0166364870982345	0	0.0166364870982345	0.0166364870982345	0	0.0166364870982345	0.0166364870982345	0.0166364870982345	0.0166364870982345	0.0166364870982345	0	0.0166364870982345	0	0	0	0.0166364870982345	0.0166364870982345	0.0166364870982345	0.00260298777727479	0.0166364870982345	0	0.0166364870982345	0.0166364870982345	0.0166364870982345	0.0166364870982345	0	0.0166364870982345	0.0166364870982345	0.0166364870982345	0	0.0122227252150294	0.0166364870982345	0.0121095518334088	0	0	0	0.0787686736079674	0	0	0.193186962426437	0	0	0.00848800362154821	0	0	0	0	0	0.0313490267089181	0	0	0	0	0	0	0.0735626980534178	0	0	0	0	0	0	0	0	0.0376867360796741	0	0	0	0.0487777274784971	0.0039610683567225	0.00362154821186057	0	0.00837483023992757	0.0055454956994115	0	0	0	0	0	0	0.0152784065187868	0	0	0	0	0.0157311000452694	0	0	0	0.0287460389316433	0	0	0	0	0.0147125396106836	0	0	0	0	0	0	0	0	0	0	0	0.00599818922589407	0	0	0	0	0
2016_10_13___Hiseq_7_RDB259_CTTCGCAA	0	0.015577007459412	0.015577007459412	0	0.015577007459412	0.015577007459412	0.015577007459412	0.015577007459412	0.015577007459412	0.015577007459412	0	0.015577007459412	0.015577007459412	0.015577007459412	0.015577007459412	0.015577007459412	0	0.015577007459412	0.0118473014480035	0.015577007459412	0.015577007459412	0	0.00241333918385257	0.015577007459412	0.015577007459412	0	0	0.015577007459412	0.015577007459412	0.015577007459412	0.015577007459412	0.015577007459412	0	0.015577007459412	0	0.015577007459412	0.0114085125054849	0	0	0	0	0	0	0	0	0	0	0	0	0	0	0	0	0	0.118692408951294	0	0.0182097411145239	0	0	0	0	0	0	0	0	0	0	0	0	0	0	0	0.0276437033786749	0	0	0	0	0	0	0	0	0	0	0.0239139973672663	0	0	0	0	0.0225976305397104	0	0	0.0232558139534884	0.259982448442299	0	0	0	0	0	0	0	0	0	0	0	0.0263273365511189	0.0528740675734971	0	0	0	0	0	0.0114085125054849	0	0	0	0
2016_10_13___Hiseq_7_RDB298_AGAGTCCA	0.0148130756341981	0.0148130756341981	0.0148130756341981	0.0148130756341981	0.0148130756341981	0.0148130756341981	0.0148130756341981	0	0.0148130756341981	0.0148130756341981	0.0148130756341981	0.0148130756341981	0.0148130756341981	0	0.0148130756341981	0.0148130756341981	0.0148130756341981	0.0148130756341981	0.011365940598286	0	0.0148130756341981	0.0148130756341981	0.00236923832189624	0.0148130756341981	0.0148130756341981	0.0148130756341981	0.0114086295770589	0.0148130756341981	0.0148130756341981	0.0148130756341981	0	0.0148130756341981	0.0148130756341981	0.0148130756341981	0.0108856895870909	0.0148130756341981	0.0108216561189315	0	0	0	0	0	0	0	0	0.000224117138557753	0	0	0	0	0.00257201097106754	0	0	0	0	0	0	0	0	0	0.000490923255888411	0	0	0	0	0	0.0002027726491713	0	0	0	0	0	0	0	0	0	0	0	0.00560292846394382	0	0	0.0545351703823865	0	0	0	0	0	0	0	0	0	0	0.177639512918752	0.0168408021259111	0	0	0.000245461627944206	0	0	0	0	0.277841218343454	0.0021878101621114	0	0	0	0	0	0	0	0	0	0	0	0	0
2016_10_13___Hiseq_7_RDB299_AGGTCTGT	0	0	0.0160752198968759	0	0.0160752198968759	0	0.0160752198968759	0.0160752198968759	0.0160752198968759	0.0160752198968759	0	0.0160752198968759	0.0160752198968759	0.0160752198968759	0.0160752198968759	0	0.0160752198968759	0.0160752198968759	0.0123344454554646	0.0160752198968759	0.0160752198968759	0.0160752198968759	0.00252755029825094	0.0160752198968759	0.0111212213123041	0.0160752198968759	0	0.0160752198968759	0.0160752198968759	0.0160752198968759	0.0160752198968759	0.0160752198968759	0	0.0160752198968759	0.0118289353958144	0.0160752198968759	0.0117278333838843	0	0	0	0	0	0	0.125568698817106	0	0	0	0	0	0	0	0	0	0	0	0	0.00950358912142352	0	0	0	0	0	0	0	0	0	0	0	0	0	0.211404306945708	0	0	0	0	0	0	0	0.0117278333838843	0	0	0	0	0	0	0	0	0	0	0.165402891517541	0	0	0.0203215043979375	0	0	0	0	0	0	0	0	0.00363967242948135	0	0	0	0.0170862400161763	0	0	0	0	0	0	0	0	0	0
2016_10_13___Hiseq_7_RDB305_AAGACGAG	0.0168161434977578	0.0168161434977578	0.0168161434977578	0	0	0.0168161434977578	0.0168161434977578	0.0168161434977578	0.0168161434977578	0.0168161434977578	0.0168161434977578	0.0168161434977578	0.0168161434977578	0.0168161434977578	0.0168161434977578	0.0168161434977578	0.0168161434977578	0.0168161434977578	0.0128923766816144	0	0.0168161434977578	0.0168161434977578	0.00224215246636771	0.0168161434977578	0.0168161434977578	0.0168161434977578	0.0168161434977578	0.0168161434977578	0.0168161434977578	0.0168161434977578	0.0168161434977578	0.0168161434977578	0	0.0168161434977578	0.0123318385650224	0	0.0123318385650224	0	0	0	0	0.0975336322869955	0	0	0	0	0	0	0	0	0	0.00840807174887892	0	0	0	0	0	0	0.145179372197309	0	0	0	0	0	0	0	0	0	0	0	0	0	0	0	0	0	0	0	0	0.0414798206278027	0.0538116591928251	0.00280269058295964	0	0	0.0891255605381166	0	0	0	0	0	0	0	0	0	0	0	0	0	0	0	0	0	0	0	0	0.00280269058295964	0	0	0	0.0039237668161435	0	0	0.0442825112107623	0	0	0
2016_11_30___Hiseq_8_BC5_AGCAATTC	0.0174193548387097	0	0.0174193548387097	0.0174193548387097	0.0174193548387097	0.0174193548387097	0	0.0174193548387097	0.0174193548387097	0.0174193548387097	0.0174193548387097	0	0	0.0174193548387097	0.0174193548387097	0.0174193548387097	0.0174193548387097	0.0174193548387097	0.0132258064516129	0.0174193548387097	0	0.0174193548387097	0	0.0174193548387097	0.0174193548387097	0.0174193548387097	0.0174193548387097	0.0174193548387097	0.0174193548387097	0.0174193548387097	0.0174193548387097	0.0174193548387097	0.0174193548387097	0	0.0129032258064516	0.0174193548387097	0.0125806451612903	0	0	0	0	0	0	0	0.0735483870967742	0	0	0	0	0	0	0	0	0.072258064516129	0	0.0451612903225806	0	0	0	0	0	0	0.0441935483870968	0	0	0.0587096774193548	0	0	0	0	0	0	0	0	0	0	0	0	0	0	0.00516129032258065	0	0.00935483870967742	0	0	0.00258064516129032	0.0335483870967742	0	0	0	0.138064516129032	0	0	0	0	0	0	0	0	0	0	0	0	0	0	0	0	0	0	0	0.00838709677419355	0	0	0	0	0
2016_11_30___Hiseq_8_RDB78_TGATCACG	0.0166223404255319	0.0166223404255319	0.0166223404255319	0.0166223404255319	0.0166223404255319	0.0166223404255319	0.0166223404255319	0.0166223404255319	0	0.0166223404255319	0	0.0166223404255319	0.0166223404255319	0.0166223404255319	0.0166223404255319	0	0	0.0166223404255319	0.012854609929078	0.0476507092198582	0.0166223404255319	0.0166223404255319	0.00265957446808511	0.0166223404255319	0	0.0166223404255319	0	0.0166223404255319	0.0166223404255319	0	0.0166223404255319	0.0166223404255319	0.0166223404255319	0.0166223404255319	0.0121897163120567	0.0166223404255319	0.0121897163120567	0	0	0	0	0	0	0	0	0	0.00908687943262411	0	0	0	0	0	0.0086436170212766	0	0	0	0.0831117021276596	0	0	0.00953014184397163	0	0	0	0.00687056737588653	0	0	0	0	0	0	0.169991134751773	0	0.0394503546099291	0	0	0.0159574468085106	0	0	0	0	0	0.0319148936170213	0	0	0	0	0	0	0	0.0587322695035461	0	0	0.00886524822695036	0	0	0	0	0	0.0547429078014184	0	0	0	0	0	0	0	0	0	0	0	0	0	0	0	0	0
2016_11_30___Hiseq_8_RDB90_CCGATGTA	0	0.0218243084397774	0.0218243084397774	0.0218243084397774	0.0218243084397774	0.0218243084397774	0	0	0.0218243084397774	0.0218243084397774	0.0218243084397774	0.0218243084397774	0	0	0.0218243084397774	0.0218243084397774	0.0218243084397774	0.0218243084397774	0.0167306637410861	0.0218243084397774	0.0218243084397774	0	0	0.0218243084397774	0.0218243084397774	0.0218243084397774	0	0.0218243084397774	0	0.0218243084397774	0.0218243084397774	0.0218243084397774	0.0218243084397774	0.0218243084397774	0.0160645717420265	0.0218243084397774	0.0159470260951336	0	0	0	0	0	0	0	0.126439934174438	0.02260794608573	0	0	0	0	0	0	0	0.00262518611394091	0.00239009482015516	0.0200219418540867	0	0	0	0	0.00423164328814356	0	0	0.00254682234934566	0	0.0208055795000392	0.144032599326072	0	0	0	0	0	0	0	0	0	0	0	0	0	0	0	0	0.0018415484679884	0	0.00109709270433352	0.0424339785283285	0	0	0	0	0	0.00180236658569078	0	0	0	0	0.00740537575425123	0	0	0	0	0	0	0	0	0.0053679178747747	0	0	0	0	0	0	0	0	0
2016_10_13___Hiseq_7_RDB249_ATCATGCG	0.0140939597315436	0.0140939597315436	0.0140939597315436	0.0140939597315436	0	0.0140939597315436	0.0140939597315436	0.0140939597315436	0.0140939597315436	0.0140939597315436	0.0140939597315436	0.0140939597315436	0	0.0140939597315436	0.0140939597315436	0.0140939597315436	0	0.0140939597315436	0.010738255033557	0.0140939597315436	0.0140939597315436	0.0140939597315436	0	0.0140939597315436	0.0140939597315436	0.0140939597315436	0.0140939597315436	0	0	0.0140939597315436	0	0.0140939597315436	0.0140939597315436	0.0140939597315436	0.0100671140939597	0.0140939597315436	0.0100671140939597	0	0	0	0	0.0348993288590604	0	0	0	0	0	0	0	0	0	0	0	0	0	0	0	0	0	0	0	0	0	0	0	0.0442953020134228	0	0.0852348993288591	0	0	0	0	0.258389261744966	0	0	0	0	0	0	0	0	0	0	0	0	0	0	0	0	0	0	0	0	0	0.0147651006711409	0.0657718120805369	0	0.0308724832214765	0	0	0	0	0.0543624161073826	0	0	0	0	0	0	0	0	0	0	0	0	0
2016_10_13___Hiseq_7_RDB255_CCACAACA	0.0152538134533633	0.0152538134533633	0.0152538134533633	0.0152538134533633	0.0152538134533633	0	0.0152538134533633	0.0152538134533633	0	0.0152538134533633	0.0152538134533633	0.0152538134533633	0.0152538134533633	0.0152538134533633	0.0152538134533633	0.0152538134533633	0	0	0	0.0152538134533633	0.0152538134533633	0.0152538134533633	0.00225056264066016	0.0152538134533633	0.0152538134533633	0.0152538134533633	0.0152538134533633	0.0152538134533633	0.0152538134533633	0.0152538134533633	0.0152538134533633	0.0810202550637659	0	0.0152538134533633	0.0112528132033008	0.0152538134533633	0.0110027506876719	0	0	0	0	0	0	0.0992748187046762	0	0	0.0362590647661915	0	0	0	0	0	0	0	0	0	0	0	0	0	0	0	0	0	0	0	0	0	0	0	0	0	0.078269567391848	0.0932733183295824	0	0	0.00950237559389847	0	0	0	0	0	0	0	0	0	0	0	0	0	0	0	0	0	0	0.0720180045011253	0	0	0	0	0	0	0	0.00775193798449612	0	0.0767691922980745	0	0	0	0.00950237559389847	0	0	0	0	0	0
2016_10_13___Hiseq_7_RDB261_GCAATTCC	0.0164432529043789	0.0164432529043789	0.0164432529043789	0.0164432529043789	0.0164432529043789	0	0.0164432529043789	0.0164432529043789	0.0164432529043789	0.0164432529043789	0	0.0164432529043789	0	0.0164432529043789	0.0164432529043789	0.0164432529043789	0.0164432529043789	0.0164432529043789	0.0125111706881144	0	0.0164432529043789	0	0.00250223413762288	0.0164432529043789	0.0164432529043789	0.0164432529043789	0	0.0164432529043789	0.0164432529043789	0.0164432529043789	0.0164432529043789	0.0164432529043789	0	0.0164432529043789	0	0.0164432529043789	0	0	0	0.0128686327077748	0	0	0	0.0686327077747989	0	0	0	0	0	0	0	0	0	0	0	0	0.0686327077747989	0	0	0	0	0	0	0	0	0.169436997319035	0	0	0	0	0	0	0	0	0	0	0	0	0	0	0	0.0110813226094727	0	0.0180518319928508	0	0	0	0	0	0	0	0	0.150491510277033	0	0	0	0	0	0	0	0	0	0	0	0	0.0394995531724754	0	0	0	0	0	0.00679177837354781	0	0	0	0.0119749776586238
2016_10_13___Hiseq_7_RDB262_GGTCACTA	0.0154888673765731	0.0154888673765731	0	0.0154888673765731	0.0154888673765731	0.0154888673765731	0.0154888673765731	0.0154888673765731	0.0154888673765731	0.0154888673765731	0	0.0154888673765731	0	0.0154888673765731	0.0154888673765731	0.0154888673765731	0.0154888673765731	0.0154888673765731	0	0.0154888673765731	0.0154888673765731	0.0154888673765731	0.00193610842207164	0.0154888673765731	0.0154888673765731	0.0154888673765731	0.0154888673765731	0.0154888673765731	0.0154888673765731	0.0154888673765731	0.0154888673765731	0.0154888673765731	0.0154888673765731	0	0.0116166505324298	0.0154888673765731	0.0116166505324298	0	0	0	0	0	0	0	0	0	0	0	0	0	0	0	0	0	0	0	0.00677637947725073	0	0	0	0	0.27783155856728	0	0	0.147144240077444	0.0164569215876089	0	0	0	0	0	0	0	0	0	0	0.0116166505324298	0	0	0	0	0	0	0	0	0	0	0	0	0	0	0	0	0	0	0	0	0	0	0	0	0	0	0	0	0	0	0	0	0	0.0658276863504356	0	0	0	0	0
2016_10_13___Hiseq_7_RDB264_TACACACG	0.0183668404070489	0.0183668404070489	0.0183668404070489	0.0183668404070489	0.0183668404070489	0.0183668404070489	0.0183668404070489	0.0183668404070489	0.0183668404070489	0.0183668404070489	0.0183668404070489	0.0183668404070489	0.0183668404070489	0.0183668404070489	0.0593199305038471	0.0183668404070489	0.0183668404070489	0.0183668404070489	0.0141474311243485	0.0183668404070489	0	0.0183668404070489	0.00273020600645321	0.0183668404070489	0.0183668404070489	0	0	0.0183668404070489	0.0183668404070489	0.0183668404070489	0	0.0183668404070489	0.0183668404070489	0.0183668404070489	0.0136510300322661	0.0183668404070489	0.0134028294862249	0	0	0.0551005212211467	0	0	0	0	0	0	0	0	0	0	0	0	0	0	0	0	0	0	0	0	0	0	0	0	0	0	0	0	0.0109208240258129	0	0	0.0255646562422437	0	0	0	0	0	0	0	0	0	0	0.0421940928270042	0	0	0	0	0	0	0	0	0.046909903201787	0.120873665922065	0	0	0	0	0	0	0	0	0	0.0506329113924051	0	0	0	0	0	0	0	0	0	0	0.0302804666170266	0	0
2016_10_13___Hiseq_7_RDB266_AACAGTCC	0	0.0146156094709149	0.0146156094709149	0.0146156094709149	0.0146156094709149	0.0146156094709149	0	0.0146156094709149	0.0146156094709149	0.156094709149372	0	0.0146156094709149	0	0	0.0146156094709149	0.0146156094709149	0.0146156094709149	0.0146156094709149	0.0111078631978954	0.0146156094709149	0.0146156094709149	0.0146156094709149	0.00233849751534639	0.0146156094709149	0.0146156094709149	0.0146156094709149	0	0.0146156094709149	0	0.0146156094709149	0.0146156094709149	0	0.0146156094709149	0.0146156094709149	0.0108155510084771	0.0146156094709149	0.0105232388190588	0	0	0	0	0	0	0	0.0336159017831044	0	0	0.0210464776381175	0	0.0242619117217188	0.0245542239111371	0	0	0	0	0	0.0219234142063724	0	0	0	0	0	0	0	0	0.0380005846243788	0.0838935983630517	0	0	0	0	0	0	0	0	0	0	0	0	0	0	0	0	0	0	0	0	0	0	0	0	0	0.0409237065185618	0	0	0	0	0.0371236480561239	0	0	0	0	0	0.0552470038000585	0.0777550423852675	0	0	0	0	0	0	0	0	0	0	0
2016_10_13___Hiseq_7_RDB267_AACTGAGG	0	0.0232750962392656	0	0	0.0232750962392656	0	0.0232750962392656	0	0.0232750962392656	0.0232750962392656	0	0	0.0232750962392656	0.0232750962392656	0.0232750962392656	0.0232750962392656	0	0	0.0178659559767052	0.0232750962392656	0.0232750962392656	0.0232750962392656	0	0	0.0232750962392656	0	0.0232750962392656	0	0	0.0232750962392656	0.0232750962392656	0	0	0.0232750962392656	0	0.0232750962392656	0	0	0	0	0	0	0	0.00493534695489093	0	0.00432336393248445	0	0	0	0.00246767347744546	0	0	0	0	0	0	0.00394827756391274	0	0.000908103839699931	0	0	0	0.00396801895173231	0	0.00199388016977594	0	0	0	0	0.000572500246767348	0	0	0.489487710986082	0.00363241535879972	0	0	0	0.00069094857368473	0	0	0	0	0	0	0	0.000256638041654328	0	0.0028822426216563	0	0	0	0.00132267298391077	0	0	0.00159905241338466	0	0.00619879577534301	0.0026650873556411	0	0	0	0	0	0.00246767347744546	0	0.0240844931398677	0.000868621064060804	0	0	0	0	0.000572500246767348	0	0	0	0.00333629454150627
2016_10_13___Hiseq_7_RDB297_AGACCTTG	0.0143939393939394	0.0143939393939394	0.0143939393939394	0.0143939393939394	0.0143939393939394	0	0.0143939393939394	0.0143939393939394	0.0143939393939394	0	0	0.0143939393939394	0.0143939393939394	0.0143939393939394	0.0143939393939394	0.0143939393939394	0.0143939393939394	0.0143939393939394	0.0109848484848485	0.0143939393939394	0.0143939393939394	0.0143939393939394	0.00227272727272727	0.0143939393939394	0.0143939393939394	0.0143939393939394	0.0143939393939394	0.0143939393939394	0.0143939393939394	0.0143939393939394	0.0143939393939394	0	0.0143939393939394	0.0143939393939394	0.0106060606060606	0	0.0106060606060606	0	0	0	0	0	0	0.0261363636363636	0	0	0	0.0443181818181818	0	0	0	0	0	0	0	0	0.329924242424242	0	0	0	0	0	0	0	0	0	0	0	0	0	0	0	0	0	0	0	0	0	0	0	0	0	0	0	0	0	0	0	0	0	0	0	0	0	0	0	0	0	0	0	0	0	0	0.0738636363636364	0	0	0	0	0	0	0	0	0.0882575757575758	0	0	0
2016_10_13___Hiseq_7_RDB312_AGACGCTA	0.0142857142857143	0.0142857142857143	0.0142857142857143	0.0142857142857143	0.0142857142857143	0.0142857142857143	0.0142857142857143	0.0142857142857143	0.0142857142857143	0.0142857142857143	0.0142857142857143	0	0.0142857142857143	0.0142857142857143	0.0142857142857143	0.0142857142857143	0.0142857142857143	0.0142857142857143	0.0111111111111111	0.0142857142857143	0.0142857142857143	0.0142857142857143	0.00238095238095238	0	0.0142857142857143	0.0142857142857143	0	0.0142857142857143	0.0142857142857143	0.0142857142857143	0	0.0142857142857143	0.0142857142857143	0.0142857142857143	0.0103174603174603	0.0142857142857143	0.0103174603174603	0.0357142857142857	0	0	0	0	0	0	0	0	0	0	0.0992063492063492	0	0	0	0	0	0	0	0	0	0	0	0	0	0.0158730158730159	0	0	0	0	0	0	0	0	0	0	0	0	0	0	0	0	0	0	0	0	0	0	0	0	0.13968253968254	0	0	0	0	0.0246031746031746	0	0	0	0	0	0	0	0	0	0.236507936507937	0	0	0	0	0	0	0	0	0	0	0	0	0
2016_10_13___Hiseq_7_RDB317_ACAAGACG	0	0.0184678522571819	0.0184678522571819	0	0.0184678522571819	0.0184678522571819	0.0184678522571819	0.0184678522571819	0.0184678522571819	0.0697674418604651	0.0184678522571819	0.0184678522571819	0.0184678522571819	0.0184678522571819	0.0184678522571819	0.0184678522571819	0.0184678522571819	0.0184678522571819	0.0143638850889193	0.0184678522571819	0.0184678522571819	0.0184678522571819	0.0027359781121751	0.0184678522571819	0.0184678522571819	0.0184678522571819	0	0.0184678522571819	0.0184678522571819	0.0184678522571819	0	0.0184678522571819	0.0184678522571819	0.0184678522571819	0.0136798905608755	0	0.0136798905608755	0	0	0	0	0	0	0	0	0	0	0.0752393980848153	0	0	0	0	0	0	0	0	0	0	0	0	0	0	0	0	0	0	0	0	0	0	0	0	0	0	0	0	0	0	0	0	0	0	0	0	0	0	0	0	0	0	0	0	0.123803009575923	0	0	0	0	0	0	0	0	0	0.0978112175102599	0	0	0	0	0	0	0	0	0	0.0902872777017784	0	0	0
2016_11_30___Hiseq_8_BC17_GCACACGA	0.0165453342157512	0	0	0.0165453342157512	0.0165453342157512	0.0165453342157512	0.0165453342157512	0.0165453342157512	0.0165453342157512	0.0165453342157512	0.0165453342157512	0.0165453342157512	0.0165453342157512	0.0165453342157512	0.0165453342157512	0.0165453342157512	0.0165453342157512	0.0165453342157512	0.0125744540039709	0.0165453342157512	0.0165453342157512	0.0165453342157512	0.00264725347452019	0.0165453342157512	0.0165453342157512	0.0165453342157512	0.0165453342157512	0.0165453342157512	0.0165453342157512	0	0	0.0165453342157512	0	0.0165453342157512	0.0125744540039709	0.0165453342157512	0.0119126406353408	0	0.0549305095962938	0	0	0	0.209133024487095	0	0	0	0	0	0.0350761085373925	0	0	0	0	0	0	0	0	0	0	0	0	0	0	0	0	0	0	0	0	0	0	0	0	0	0	0	0	0	0	0	0	0	0	0	0	0	0	0	0	0	0	0	0	0	0	0	0	0	0.0622104566512244	0	0	0	0.0727994705493051	0	0	0.0628722700198544	0	0	0	0	0	0	0	0	0	0
2016_11_30___Hiseq_8_RDB266_AACAGTCC	0.015460729746444	0	0.015460729746444	0	0.015460729746444	0.015460729746444	0.015460729746444	0.015460729746444	0.015460729746444	0	0	0.015460729746444	0.015460729746444	0.015460729746444	0.015460729746444	0.015460729746444	0.015460729746444	0.015460729746444	0.0120593692022263	0.015460729746444	0.015460729746444	0.015460729746444	0	0.015460729746444	0.015460729746444	0.015460729746444	0.015460729746444	0.015460729746444	0.015460729746444	0.015460729746444	0	0	0.015460729746444	0.015460729746444	0.0114409400123686	0.015460729746444	0.0114409400123686	0	0	0	0	0	0	0	0	0	0	0.0333951762523191	0	0	0	0	0	0	0	0	0.183364254792826	0	0	0	0	0	0	0	0	0	0	0	0	0	0	0	0	0	0	0	0	0	0	0	0	0	0	0	0	0	0	0	0.0572047000618429	0	0	0	0	0	0	0	0	0	0	0.028447742733457	0	0	0.0102040816326531	0.0269016697588126	0	0	0	0	0.141311069882498	0	0	0	0	0	0.0667903525046382	0
