taxon,we.ep,we.eBH,wi.ep,wi.eBH,rab.all,rab.win.NAT,rab.win.Tumor,diff.btw,diff.win,effect,overlap,p_we,q_we,p_wi,q_wi,p_min,significant,direction
Staphylococcus,3.1705257244474955e-4,0.03527972224328398,0.00058067474460989435,0.054822695520425624,5.723966563415468,5.304827112087596,5.942574455201349,0.7602747201664246,6.581531736755556,0.11484239947192448,0.4164000002866814,3.1705257244474955e-4,0.03527972224328398,0.00058067474460989435,0.054822695520425624,0.03527972224328398,TRUE,Tumor_enriched
Streptococcus,0.0026784635340191838,0.12558176339560684,0.0017443853933969966,0.07921783240277085,6.8685721050610695,6.403835342639747,7.147003266624667,0.7144847098524689,5.414710558347636,0.10206596609996778,0.4213157371214633,0.0026784635340191838,0.12558176339560684,0.0017443853933969966,0.07921783240277085,0.07921783240277085,FALSE,ns
Achromobacter,0.008423924278219178,0.2459339317179261,0.0025876620340957914,0.09181181189749435,4.399027339864059,4.054540346461421,4.6624774773775615,0.5694588496283255,2.99391369342565,0.12071844193744555,0.40631873657625206,0.008423924278219178,0.2459339317179261,0.0025876620340957914,0.09181181189749435,0.09181181189749435,FALSE,ns
Prevotella,0.0024670406971314847,0.10936305267220678,0.0054497907964447395,0.12128911870675999,3.8263535997434697,-0.22446644210468314,5.268954049731597,1.5520768843662878,9.191811625113889,0.1744089121067015,0.3947210561559054,0.0024670406971314847,0.10936305267220678,0.0054497907964447395,0.12128911870675999,0.10936305267220678,FALSE,ns
Aminobacter,0.06975022675241119,0.7636233296247906,0.004472538042120042,0.11895793104774854,4.261000436226455,3.9705035025968387,4.520331341094383,0.4604150491793364,3.1120522366750842,0.09138625007225372,0.4188000002779982,0.06975022675241119,0.7636233296247906,0.004472538042120042,0.11895793104774854,0.11895793104774854,FALSE,ns
Corynebacterium,0.01041325832232774,0.2929270965392652,0.0048229644100419786,0.12864721030819115,7.193115075892983,6.704814841510819,7.4563828952343,0.5699233225567766,3.981300090662748,0.1046748665357965,0.4158000002888587,0.01041325832232774,0.2929270965392652,0.0048229644100419786,0.12864721030819115,0.12864721030819115,FALSE,ns
Alkaliphilus,0.11899130492579503,0.8692294015801377,0.0074459082031574034,0.147322111175177,4.029559129536709,3.778468873424941,4.323152849979145,0.46290442856876934,5.704492273766016,0.07315690395838265,0.41791641699773446,0.11899130492579503,0.8692294015801377,0.0074459082031574034,0.147322111175177,0.147322111175177,FALSE,ns
Aureimonas,0.0074010117891879475,0.18948956937190584,0.0062173667136691734,0.20873949493800373,-3.407686914786808,-2.8139526079072663,-3.8922350178255494,-1.5007811451055701,7.035539972283017,-0.20920616661893143,0.40140000034196527,0.0074010117891879475,0.18948956937190584,0.0062173667136691734,0.20873949493800373,0.18948956937190584,FALSE,ns
Afifella,0.40487740482586754,0.9997146513051837,0.016778751085620817,0.22019646635893547,4.228844308252775,4.003287433576173,4.448641053026066,0.4027559831731913,3.1048953765107346,0.07422782678960083,0.43151369749310736,0.40487740482586754,0.9997146513051837,0.016778751085620817,0.22019646635893547,0.22019646635893547,FALSE,ns
Arcticibacter,0.004447460638778968,0.22300545443436381,0.00613957096136798,0.28883953185845296,-1.6754963703159431,2.190393163028215,-2.7664305696544353,-1.2967436526815623,8.149106021064897,-0.1693013241120015,0.41180000030344166,0.004447460638778968,0.22300545443436381,0.00613957096136798,0.28883953185845296,0.22300545443436381,FALSE,ns
Rothia,0.05620571915579034,0.6075497997104383,0.03498485967993252,0.26788015997890624,4.733640768211595,4.1319719340331,5.237389751777477,0.9639560892743044,8.606295232512478,0.11472670250863408,0.4286000002429545,0.05620571915579034,0.6075497997104383,0.03498485967993252,0.26788015997890624,0.26788015997890624,FALSE,ns
Bellilinea,0.3286930198643016,0.9951888537546311,0.027779789204267546,0.2717323705057367,4.2715859891559225,4.023286311949226,4.500024088651578,0.3866719299378749,2.8483352436496756,0.07859177819980248,0.42691461732542196,0.3286930198643016,0.9951888537546311,0.027779789204267546,0.2717323705057367,0.2717323705057367,FALSE,ns
Akkermansia,0.2676110913000375,0.9772360141426832,0.030755338820664953,0.27231186799328366,4.310969724743977,4.068942789602119,4.5687675995248345,0.3731111784781418,2.7270592609963433,0.07715644290433452,0.4286000002429545,0.2676110913000375,0.9772360141426832,0.030755338820664953,0.27231186799328366,0.27231186799328366,FALSE,ns
Neisseria,0.048372071815529764,0.5907340425665274,0.03512481596804343,0.2798130541456754,2.4877450481689625,0.3405486765180914,3.421203005042467,0.8632560440833941,8.181892172340989,0.1005875359521502,0.4447110579749457,0.048372071815529764,0.5907340425665274,0.03512481596804343,0.2798130541456754,0.2798130541456754,FALSE,ns
Atopobium,0.18002626530728982,0.9512575353606514,0.033255732591690346,0.29279636586185703,4.2733027049800505,4.0199174592203555,4.557971364279198,0.4020913250161904,2.4611345576776005,0.08575751506405246,0.42320000026218596,0.18002626530728982,0.9512575353606514,0.033255732591690346,0.29279636586185703,0.29279636586185703,FALSE,ns
Anaerovorax,0.17000276259032052,0.9481115811896229,0.03576424154462738,0.3019959775278304,4.117378200158519,3.842664902762285,4.432361842248923,0.5607797570018098,4.59744564691221,0.09074861409642734,0.4114000003049077,0.17000276259032052,0.9481115811896229,0.03576424154462738,0.3019959775278304,0.3019959775278304,FALSE,ns
Azotobacter,0.5572097686374043,1,0.04206031001961989,0.3120214193375842,4.309438727657024,4.083797014057554,4.515859224702345,0.2975026834515093,2.7336039986307177,0.05871169758748134,0.4475104980772641,0.5572097686374043,1,0.04206031001961989,0.3120214193375842,0.3120214193375842,FALSE,ns
Aquabacterium,0.320545970090755,0.9933145101313324,0.03953860087725987,0.3151217346148024,4.211218182198998,3.95710187207436,4.465637407791854,0.4162575360352463,3.110048466053806,0.07660148771050992,0.42671465731813385,0.320545970090755,0.9933145101313324,0.03953860087725987,0.3151217346148024,0.3151217346148024,FALSE,ns
Aerococcus,0.6061216941977006,1,0.041355635578224234,0.32208204608012947,4.343995576671688,4.143938502170266,4.517202319746527,0.27287724686347437,2.1080841003618174,0.07434901136076363,0.44340000019111564,0.6061216941977006,1,0.041355635578224234,0.32208204608012947,0.32208204608012947,FALSE,ns
Anaerofilum,0.27949825672022943,0.9881163660514666,0.04964471876164657,0.32660636521860353,3.8800006244512177,3.6621249670595306,4.11802099120201,0.4612101279156917,6.750916493023631,0.07055000812337187,0.4305138974566435,0.27949825672022943,0.9881163660514666,0.04964471876164657,0.32660636521860353,0.32660636521860353,FALSE,ns
5-7N15,0.3400822028663907,0.9975170816906835,0.04731317756289662,0.33105246825850176,4.166223109995442,3.9547731026144044,4.386142645311448,0.3776247055257471,2.943837552894811,0.0714697680708145,0.4281143773691533,0.3400822028663907,0.9975170816906835,0.04731317756289662,0.33105246825850176,0.33105246825850176,FALSE,ns
Chryseobacterium,0.06060189023578104,0.6426445673997833,0.06383432050311104,0.35341419515127603,-2.235824937891369,-2.6017334350964045,-1.789235808060548,0.8987740862860836,8.835285941958325,0.10402879512442834,0.44220000019527617,0.06060189023578104,0.6426445673997833,0.06383432050311104,0.35341419515127603,0.35341419515127603,FALSE,ns
Aliidiomarina,0.3456261027967988,0.998424917387361,0.05856037788232219,0.36658244241360516,4.381632716106987,4.137987980982323,4.585143966674783,0.3142136825448625,2.6797489509104464,0.07182140364018845,0.43860000020780027,0.3456261027967988,0.998424917387361,0.05856037788232219,0.36658244241360516,0.36658244241360516,FALSE,ns
Alicyclobacillus,0.68661734039717,1,0.06308847194803564,0.3742294610764516,4.312291879195293,4.077598514283755,4.506737344544227,0.22174840553182795,2.9034641920667483,0.045369000801449774,0.4594000001362315,0.68661734039717,1,0.06308847194803564,0.3742294610764516,0.3742294610764516,FALSE,ns
Aeromicrobium,0.2647950452150244,0.9956172715923887,0.06760069752296877,0.3900878817125156,4.376855114290626,4.073653015515161,4.6603716441816925,0.4281090929493967,2.77774428979363,0.09208266281138139,0.42800000024508156,0.2647950452150244,0.9956172715923887,0.06760069752296877,0.3900878817125156,0.3900878817125156,FALSE,ns
Anaeroplasma,0.5274132464691867,1,0.0707236624418046,0.39314532386524775,4.317737330709982,4.109323369737096,4.514997401646161,0.30740417247708196,3.0303498239101843,0.06254227234064481,0.4429114179091883,0.5274132464691867,1,0.0707236624418046,0.39314532386524775,0.39314532386524775,FALSE,ns
Barnesiella,0.7784905368560612,1,0.07603920690913352,0.40362809563435864,4.302417156527461,4.09578418010093,4.5281724749121794,0.2698307542150826,2.7499574621547755,0.05440331518059946,0.4505098981869282,0.7784905368560612,1,0.07603920690913352,0.40362809563435864,0.40362809563435864,FALSE,ns
Ammoniphilus,0.45456448282803114,0.9997559521596425,0.07742587974716172,0.40460097387292465,4.344823979097984,4.117822606406718,4.547759390231187,0.2582125775675541,2.6690834669048327,0.05680223551148009,0.4501099781723042,0.45456448282803114,0.9997559521596425,0.07742587974716172,0.40460097387292465,0.40460097387292465,FALSE,ns
Alistipes,0.42409819731363363,0.9995089402195086,0.08110764112549379,0.40989857984224376,4.07072501480023,3.873649308838561,4.290029850263326,0.41754737557884614,4.593870734671752,0.06760228438229869,0.4294000002401209,0.42409819731363363,0.9995089402195086,0.08110764112549379,0.40989857984224376,0.40989857984224376,FALSE,ns
Bartonella,0.80032930660189,1,0.07990812966779773,0.41163953521721186,4.327683901992552,4.14626707627956,4.496384425506196,0.20570716028895086,2.669312391328112,0.042755023385736474,0.4605078985527293,0.80032930660189,1,0.07990812966779773,0.41163953521721186,0.41163953521721186,FALSE,ns
Atopostipes,0.1971309003264078,0.974782696594906,0.0826709307025772,0.42096725960368514,4.072293158010266,3.7969518611041764,4.331326380814961,0.4636173784901474,5.832995030640598,0.07692092067596913,0.4296000002394131,0.1971309003264078,0.974782696594906,0.0826709307025772,0.42096725960368514,0.42096725960368514,FALSE,ns
Afipia,0.021802334845914907,0.4214335220343895,0.02679002775271526,0.49228641209795343,-3.2848432374065712,-2.7366997757993614,-3.707087210446156,-1.1301324312586631,7.430217602711288,-0.15009638110474793,0.4210000002700752,0.021802334845914907,0.4214335220343895,0.02679002775271526,0.49228641209795343,0.4214335220343895,FALSE,ns
Bacteroides,0.7602068000476583,1,0.08915070364147802,0.42621898474824854,4.321072821932926,4.109538659411836,4.525841513291214,0.2747777269029563,2.4942025323229595,0.06289998351767981,0.4444000001876537,0.7602068000476583,1,0.08915070364147802,0.42621898474824854,0.42621898474824854,FALSE,ns
Acidovorax,0.47794622889767585,1,0.08418821060148456,0.42690815719113834,3.909654685899447,3.6449790899489027,4.218150441886374,0.4625943947837925,6.165239352215247,0.06673899079631126,0.43091381747122814,0.47794622889767585,1,0.08418821060148456,0.42690815719113834,0.42690815719113834,FALSE,ns
Alloiococcus,0.3804673692159412,0.9985227290555341,0.08592473805862005,0.42829507140177947,4.2587623979875655,4.020639584474113,4.471332017074424,0.3629489513393893,3.1969492301774065,0.0654537955032961,0.4423115378872727,0.3804673692159412,0.9985227290555341,0.08592473805862005,0.42829507140177947,0.42829507140177947,FALSE,ns
Aggregatibacter,0.8857638236978025,1,0.08814420011392379,0.42994586996970335,4.466774331477703,4.277787215297244,4.638576283979328,0.24107215758292933,2.4861367084135537,0.05344913480990196,0.4549090183478358,0.8857638236978025,1,0.08814420011392379,0.42994586996970335,0.42994586996970335,FALSE,ns
Unknown genus116,0.07347846459204171,0.6667593006896805,0.11197608713179036,0.4411203063672977,-3.0283748115152056,-3.2548344750042926,-2.765081745542725,0.8138385112294113,8.084688220101956,0.09761439323243866,0.44660000018005364,0.07347846459204171,0.6667593006896805,0.11197608713179036,0.4411203063672977,0.4411203063672977,FALSE,ns
Actinomyces,0.7412683471406744,1,0.09274105138056063,0.4417199559546311,4.46041854900845,4.2814735628519776,4.63194145140311,0.252267124959455,2.197584263230693,0.06881461516417492,0.4501099781723042,0.7412683471406744,1,0.09274105138056063,0.4417199559546311,0.4417199559546311,FALSE,ns
Amaricoccus,0.3136480986136273,0.9929769469460268,0.09828206989281628,0.4423791665636161,4.109308482147102,3.888880811581817,4.369884642646277,0.3917315959218084,4.260411212831284,0.06413644124291507,0.43491301761712914,0.3136480986136273,0.9929769469460268,0.09828206989281628,0.4423791665636161,0.4423791665636161,FALSE,ns
Lactococcus,0.09635964170319325,0.7359999606718299,0.11621770155382825,0.4582149548793566,-1.7390979216314664,-2.1543447158302573,-1.079039790588113,0.8188166653628901,9.231625790167062,0.09095064228811242,0.4519096182381183,0.09635964170319325,0.7359999606718299,0.11621770155382825,0.4582149548793566,0.4582149548793566,FALSE,ns
Alkanindiges,0.6516860783372905,1,0.1058496957981729,0.45893694819765923,4.211273989325692,4.010823137057379,4.412349362588493,0.27863403829388655,3.6361523362492867,0.05204912932542497,0.45250949826005876,0.6516860783372905,1,0.1058496957981729,0.45893694819765923,0.45893694819765923,FALSE,ns
Azospirillum,0.7684019719543722,1,0.10743763710758505,0.4685721586997117,4.1648305330575806,3.9782511367429123,4.367049264076288,0.2861797953508427,3.377784723772099,0.05295305677873416,0.4454000001841964,0.7684019719543722,1,0.10743763710758505,0.4685721586997117,0.4685721586997117,FALSE,ns
Pseudomonas,0.12817155178502188,0.9015078523633596,0.11081098980596858,0.4797781842094244,5.2226695087563755,4.9492707584979305,5.651195360861142,0.6961995907390288,7.711391300800852,0.09155400060156432,0.43560000021828754,0.12817155178502188,0.9015078523633596,0.11081098980596858,0.4797781842094244,0.4797781842094244,FALSE,ns
Altererythrobacter,0.4338025153803287,0.9990336411146137,0.12049888225450833,0.4985322395964284,4.200768869727563,3.946221987527602,4.478400692969576,0.43399224912026346,3.0558983950277687,0.0877483667818647,0.4245150972379859,0.4338025153803287,0.9990336411146137,0.12049888225450833,0.4985322395964284,0.4985322395964284,FALSE,ns
Aurantimonas,0.5463415075327577,1,0.12712448279769525,0.5121395511308806,4.133347967530657,3.9302127868438834,4.332832370309071,0.27310329185540017,4.333118055693898,0.048201073814663764,0.45470905834052017,0.5463415075327577,1,0.12712448279769525,0.5121395511308806,0.5121395511308806,FALSE,ns
Ancylobacter,0.8608256541128182,1,0.13397173343292762,0.5205177355636489,4.247788204913036,4.090104301051195,4.410076256405079,0.1523294701797564,2.6963441385613613,0.033726764641791196,0.46710657879434075,0.8608256541128182,1,0.13397173343292762,0.5205177355636489,0.5205177355636489,FALSE,ns
Porphyromonas,0.07983524778998732,0.7253028089823069,0.14937244860862323,0.5249873860579746,-1.83943415591121,-2.1927034696524883,-1.3477383672329823,0.7308419318075927,8.927926697740478,0.08344473630663875,0.45020000016766293,0.07983524778998732,0.7253028089823069,0.14937244860862323,0.5249873860579746,0.5249873860579746,FALSE,ns
Aquamicrobium,0.4191634849519431,1,0.14378378009679033,0.5437721251372064,4.222022368051571,4.0101148732765,4.429359820328941,0.3354386949191279,3.2574018068052264,0.062064590450051915,0.4399120177996281,0.4191634849519431,1,0.14378378009679033,0.5437721251372064,0.5437721251372064,FALSE,ns
Anaerobiospirillum,0.5058164527289514,0.9989060032311283,0.16098231191738804,0.5571529603901689,3.8045470308344793,3.610839322407657,4.030681645207137,0.37511601465287114,7.279323462451883,0.05698998848667747,0.442711457901883,0.5058164527289514,0.9989060032311283,0.16098231191738804,0.5571529603901689,0.5571529603901689,FALSE,ns
Arsenicicoccus,0.5986269254545443,1,0.16002806457243723,0.5733719712927603,4.254019100838686,4.055979033662591,4.436879830350684,0.315252506248866,2.886124233026827,0.0598100861336166,0.4456000001835055,0.5986269254545443,1,0.16002806457243723,0.5733719712927603,0.5733719712927603,FALSE,ns
Fusobacterium,0.18408241579141152,0.9093595509357271,0.16970877458875244,0.5734384146498818,-1.0568204189188668,-1.5726703760511622,0.04865580614826559,0.6116054860261504,8.774220930918824,0.07375752585137058,0.4578000001416759,0.18408241579141152,0.9093595509357271,0.16970877458875244,0.5734384146498818,0.5734384146498818,FALSE,ns
Actinobacillus,0.030010829026557988,0.5804238716590375,0.024259207382662188,0.5789547652915796,2.560275608819875,3.1749649794423997,-1.0742491954074582,-0.6430696506368521,8.275945058794157,-0.08125374181395191,0.4451109779895598,0.030010829026557988,0.5804238716590375,0.024259207382662188,0.5789547652915796,0.5789547652915796,FALSE,ns
Leptotrichia,0.17617101709979588,0.9026075266812243,0.17999415166518995,0.5793951879015383,-1.5990393429494363,-1.9640926602809534,-1.0706641565513513,0.6143877208977306,9.105023005437474,0.06791028192999271,0.46300000012401227,0.17617101709979588,0.9026075266812243,0.17999415166518995,0.5793951879015383,0.5793951879015383,FALSE,ns
Lactobacillus,0.18095536407802917,0.9179194640165098,0.17645999397620615,0.5915527707754253,-0.43648829380654686,-1.330438981495658,1.5353976735033577,0.6577996990351074,8.452158469667097,0.07369151112813369,0.46060000013215324,0.18095536407802917,0.9179194640165098,0.17645999397620615,0.5915527707754253,0.5915527707754253,FALSE,ns
Veillonella,0.21093787571904005,0.9446114234132171,0.1983062602729248,0.6069133743277565,-0.39332526762219544,-1.0753115927418495,1.881050681356176,0.5423706134161672,8.860697674584285,0.059336046047198276,0.4613077385820087,0.21093787571904005,0.9446114234132171,0.1983062602729248,0.6069133743277565,0.6069133743277565,FALSE,ns
Capnocytophaga,0.18704269402616688,0.8835979603633756,0.19990037248882098,0.6107190289542338,-2.1735394147756173,-2.4264525496410814,-1.8517102235992233,0.6637527265671737,9.067291215510899,0.07142806798919761,0.45870825848685887,0.18704269402616688,0.8835979603633756,0.19990037248882098,0.6107190289542338,0.6107190289542338,FALSE,ns
Azorhizobium,0.07414597806269237,0.6360978817510631,0.1009421846975615,0.7237253475836504,-3.6293071979680818,-3.27206204839199,-3.921007448862338,-0.9312797429010446,6.717044221250385,-0.12764670553281343,0.4345130976025342,0.07414597806269237,0.6360978817510631,0.1009421846975615,0.7237253475836504,0.6360978817510631,FALSE,ns
Azospira,0.5879074218160695,1,0.19711651744969358,0.6440875364366143,4.293660388334731,4.185689461231154,4.404731882712854,0.1430630591738704,2.851276062710466,0.029843715399653095,0.47200000009362714,0.5879074218160695,1,0.19711651744969358,0.6440875364366143,0.6440875364366143,FALSE,ns
Granulicatella,0.22441855694426438,0.8873847867874562,0.2782398874113287,0.671570934202964,-2.9610233263898946,-3.0939937781568876,-2.8228437745691437,0.4721825309268892,8.01292981934395,0.0574484202981443,0.4676000001084558,0.22441855694426438,0.8873847867874562,0.2782398874113287,0.671570934202964,0.671570934202964,FALSE,ns
Actinobaculum,0.8807367717571314,1,0.22398015777741204,0.6819199642942273,4.0390243074300916,3.8568552659260833,4.219848062417629,0.237999183227394,5.95702874965325,0.03791234559323726,0.46270745863325236,0.8807367717571314,1,0.22398015777741204,0.6819199642942273,0.6819199642942273,FALSE,ns
Unknown genus123,0.26803959716205056,0.9659193575185379,0.2652948015104059,0.7025457208871823,-1.8210809309388036,-2.1731784703504697,-1.4072076024151077,0.6788601912030074,8.642779808726019,0.07727496307778467,0.46550689873575685,0.26803959716205056,0.9659193575185379,0.2652948015104059,0.7025457208871823,0.7025457208871823,FALSE,ns
Amphibacillus,0.06308170532483078,0.7334511818175645,0.20372737036396438,0.9463491887590517,3.293409155688272,3.4418250607354035,3.0650880170871715,-0.3598443524104189,8.270892397944001,-0.04255231778797168,0.46290741864057283,0.06308170532483078,0.7334511818175645,0.20372737036396438,0.9463491887590517,0.7334511818175645,FALSE,ns
Anaerotruncus,0.639173615478721,1,0.275506798983169,0.7400894378491613,4.153914164822278,3.9553569318079673,4.3369436173053195,0.25042291527859595,5.178164941751497,0.04230324547372326,0.46300000012401227,0.639173615478721,1,0.275506798983169,0.7400894378491613,0.7400894378491613,FALSE,ns
Stenoxybacter,0.27495812961597277,0.8986746797669185,0.43094312714894584,0.7676353889064852,-3.340627880918035,-3.4282152230439245,-3.246469482887173,0.29781342430128177,6.627777765358933,0.04162371127028279,0.4778000000741463,0.27495812961597277,0.8986746797669185,0.43094312714894584,0.7676353889064852,0.7676353889064852,FALSE,ns
Brachybacterium,0.3455707431527034,0.9529260815259524,0.36770291969482066,0.7705261282974445,-3.2610728471244066,-3.3545261708144007,-3.1708067868499663,0.42415174274434175,7.108702744531282,0.0548091433149259,0.4702000000996876,0.3455707431527034,0.9529260815259524,0.36770291969482066,0.7705261282974445,0.7705261282974445,FALSE,ns
Propionibacterium,0.3824388268010613,0.9848435833435082,0.3298150058232608,0.7731215429076833,-0.4703975666576383,-1.053724620071657,0.9885846124648001,0.43113694215862264,7.97147917382306,0.05229280022670458,0.4678000001077801,0.3824388268010613,0.9848435833435082,0.3298150058232608,0.7731215429076833,0.7731215429076833,FALSE,ns
Klebsiella,0.10996294092183208,0.7762360471571867,0.1277653201224244,0.8085834616496264,-3.5631127171389174,-3.2421958828823634,-3.842125649071038,-0.7164430395960664,6.424000192700734,-0.10731328863605111,0.44591081801879184,0.10996294092183208,0.7762360471571867,0.1277653201224244,0.8085834616496264,0.7762360471571867,FALSE,ns
Enterobacter,0.4119165312823678,0.9797417681198194,0.3442594447451164,0.7782170976472756,-2.6253409350020513,-2.7846438751810405,-2.4460447698013263,0.31993332154682097,8.232536939165595,0.03752216943271022,0.4793041392412425,0.4119165312823678,0.9797417681198194,0.3442594447451164,0.7782170976472756,0.7782170976472756,FALSE,ns
Acidaminococcus,0.8580239478587832,1,0.316727444900514,0.7876718353909847,4.084865597390477,3.9354013305934803,4.262554624009961,0.21740448053518513,4.828807689410775,0.03421737814964342,0.46460000011859465,0.8580239478587832,1,0.316727444900514,0.7876718353909847,0.7876718353909847,FALSE,ns
Alloscardovia,0.8127482266620157,1,0.29676461627009526,0.7962622381242945,4.254770545726604,4.022122512128548,4.481607149678128,0.3131188834373835,2.9910337577662958,0.06053285085613992,0.44200000019597013,0.8127482266620157,1,0.29676461627009526,0.7962622381242945,0.7962622381242945,FALSE,ns
Anaerococcus,0.8686151159697647,1,0.29202412000580813,0.7976569795356909,4.064867438848934,3.9356436325796005,4.197527087620506,0.19269738642855705,3.178794240651154,0.03663706517970281,0.46550689873575685,0.8686151159697647,1,0.29202412000580813,0.7976569795356909,0.7976569795356909,FALSE,ns
Campylobacter,0.3792896003970787,0.9785471502511908,0.3953288252581095,0.8087708739581767,-2.868910602947367,-2.9340724490318575,-2.801635174280423,0.3749032316478571,7.281382148316749,0.0485232854500553,0.47470505907270105,0.3792896003970787,0.9785471502511908,0.3953288252581095,0.8087708739581767,0.8087708739581767,FALSE,ns
Allobaculum,0.63818381904229,1,0.3110954112098332,0.8129154065688554,4.189216137942573,4.057736715792599,4.3306219285271474,0.18256781970338487,3.795986072948492,0.03138451685534336,0.47100000009699317,0.63818381904229,1,0.3110954112098332,0.8129154065688554,0.8129154065688554,FALSE,ns
Acinetobacter,0.3744731217947966,0.9995534226489815,0.3188730242360493,0.8159747118595481,4.636943068704012,4.427687047695267,4.800664681690765,0.20080522479843177,2.294258340576565,0.056397044577466984,0.46040000013283294,0.3744731217947966,0.9995534226489815,0.3188730242360493,0.8159747118595481,0.8159747118595481,FALSE,ns
Arcobacter,0.07770747272166464,0.8168869798274347,0.3686175203713924,0.9978301151539418,3.4570730662580154,3.520801319867472,3.3546064537206117,-0.18735312488722444,7.758136128169186,-0.023972922616480492,0.47510497908735544,0.07770747272166464,0.8168869798274347,0.3686175203713924,0.9978301151539418,0.8168869798274347,FALSE,ns
Finegoldia,0.43341826534490935,0.9739305536435292,0.4308792995833886,0.8271878179302931,-2.743035680943506,-2.7771785401621916,-2.6990660131513176,0.2974711724706349,7.627123912365013,0.035936659931031775,0.4785042992119281,0.43341826534490935,0.9739305536435292,0.4308792995833886,0.8271878179302931,0.8271878179302931,FALSE,ns
Asteroleplasma,0.11590831925829959,0.8352011846230744,0.1671892327493149,0.9069855661671519,-2.6351905764046384,-2.0725943102458295,-3.123105787375631,-0.5886852194529042,8.085973204421295,-0.07268917847177074,0.4578000001416759,0.11590831925829959,0.8352011846230744,0.1671892327493149,0.9069855661671519,0.8352011846230744,FALSE,ns
B-42,0.07922764491892784,0.8459636686085817,0.3249530744425524,1,3.9375422966952995,3.9461236930051906,3.924565887099444,-0.21185974269189156,6.694613223209313,-0.02961658775090975,0.47030593891152844,0.07922764491892784,0.8459636686085817,0.3249530744425524,1,0.8459636686085817,FALSE,ns
Blastococcus,0.3790012574594447,0.942527843663109,0.5300734407997836,0.8464083627653247,-3.4658965341906756,-3.4749539929054833,-3.4584014249388773,0.17546348340741424,7.103295023707481,0.019796475057231443,0.48550289946846104,0.3790012574594447,0.942527843663109,0.5300734407997836,0.8464083627653247,0.8464083627653247,FALSE,ns
Unknown genus125,0.5213779456479811,0.9719628820188445,0.530242603678044,0.8535195052555651,-3.5513298020923587,-3.567086543246109,-3.532156025867411,0.20011902816460037,6.225477359359548,0.02788045973418311,0.48470305943913977,0.5213779456479811,0.9719628820188445,0.530242603678044,0.8535195052555651,0.8535195052555651,FALSE,ns
Rubellimicrobium,0.44710746922156086,0.9767832106863275,0.5222059775767494,0.8636419945097258,-3.2453442199046227,-3.284285481057686,-3.2150230846699035,0.2716705102550687,7.422502177970623,0.03880218364428977,0.479904019263229,0.44710746922156086,0.9767832106863275,0.5222059775767494,0.8636419945097258,0.8636419945097258,FALSE,ns
Cellulomonas,0.4696126851728326,0.9822258069064133,0.5464953666019173,0.8701689095389474,-3.718691134044671,-3.747575140645626,-3.6884880056444906,0.0964380608013613,6.272639278107672,0.013453598123260314,0.49220000002600617,0.4696126851728326,0.9822258069064133,0.5464953666019173,0.8701689095389474,0.8701689095389474,FALSE,ns
Haemophilus,0.20321032425077268,0.8857688786137855,0.19214895738336335,0.8714001981255248,-3.1567460083930943,-2.833111850486878,-3.45600968620389,-0.6968469499144225,7.148847625017379,-0.09362578385236048,0.4503099381796166,0.20321032425077268,0.8857688786137855,0.19214895738336335,0.8714001981255248,0.8714001981255248,FALSE,ns
Sphaerobacter,0.19790138962549078,0.871861325310046,0.1994143914270722,0.8828585120214661,-3.68563922254386,-3.4482769855745063,-3.911825244374092,-0.5707521577537653,6.025224017207326,-0.08795024607926179,0.452309538252745,0.19790138962549078,0.871861325310046,0.1994143914270722,0.8828585120214661,0.871861325310046,FALSE,ns
Amnibacterium,0.11596792969022932,0.8723833983823115,0.14542593154480765,0.9470189195593167,2.513986902058703,3.070894368809006,-1.0878171417850915,-0.4097878941112487,8.338142442932355,-0.04825041496003544,0.4678000001077801,0.11596792969022932,0.8723833983823115,0.14542593154480765,0.9470189195593167,0.8723833983823115,FALSE,ns
Arenimonas,0.17767377754460123,0.8724124624563726,0.1944920649214751,0.9182430504473629,-3.1052148571949783,-2.724791522718947,-3.4010777127688074,-0.5876045447008575,7.53573720967943,-0.07923269469724362,0.4595080985161338,0.17767377754460123,0.8724124624563726,0.1944920649214751,0.9182430504473629,0.8724124624563726,FALSE,ns
Anoxybacillus,0.12519452767407785,0.8764303160194141,0.10023918794471053,0.886216923906404,1.838024089191293,2.7723176991275054,-0.9894843735060794,-0.4402738652120637,8.210540416102258,-0.0562646558291178,0.46440000011927146,0.12519452767407785,0.8764303160194141,0.10023918794471053,0.886216923906404,0.8764303160194141,FALSE,ns
Unknown genus20,0.49503140853563865,0.973971187897524,0.552624253096686,0.8824536244313729,-3.2762580535686183,-3.3268560665953757,-3.22262741388864,0.17025709791088994,6.805559020504694,0.022994686492967202,0.48800000004002325,0.49503140853563865,0.973971187897524,0.552624253096686,0.8824536244313729,0.8824536244313729,FALSE,ns
Agrobacterium,0.4871793042174874,1,0.4331344347031217,0.8934987443324257,4.276531264688384,4.131158792118766,4.420119111795808,0.18366121104280886,2.782497184857674,0.038049388350195924,0.46540000011588845,0.4871793042174874,1,0.4331344347031217,0.8934987443324257,0.8934987443324257,FALSE,ns
Devosia,0.5267086149648652,0.9700282315992342,0.5799776997466058,0.8958439347803012,-3.6696040943744874,-3.658357450275971,-3.6793692552730697,0.11991709005991424,6.008830082091033,0.01703211992187373,0.49080000003067714,0.5267086149648652,0.9700282315992342,0.5799776997466058,0.8958439347803012,0.8958439347803012,FALSE,ns
Bergeyella,0.8282526571419102,1,0.4792580793571434,0.8979876600690597,4.031667457230258,3.8791055930742164,4.228354310588372,0.21408132457538942,6.294036346173295,0.0339220164651797,0.466200000113184,0.8282526571419102,1,0.4792580793571434,0.8979876600690597,0.8979876600690597,FALSE,ns
Alishewanella,0.12422029429854431,0.9085051563208184,0.15227483622674348,0.9606111536883976,3.1550854179325567,3.2754673334313478,2.9542521431957063,-0.3805655345737531,8.177598753319346,-0.0490621735768063,0.458000000140995,0.12422029429854431,0.9085051563208184,0.15227483622674348,0.9606111536883976,0.9085051563208184,FALSE,ns
Actinopolymorpha,0.7377661094521947,1,0.4560813371953117,0.9144983916845594,4.086938708777367,3.933480370401867,4.251282910216444,0.19743800525030863,6.144378583454598,0.02826695689055573,0.4727054589994357,0.7377661094521947,1,0.4560813371953117,0.9144983916845594,0.9144983916845594,FALSE,ns
Alkalibacter,0.8127480451321265,1,0.540509303915379,0.9153494929020828,3.368758636939738,3.274337904782226,3.4741322211849286,0.24183016740750096,8.141953742192973,0.031062452195262172,0.4717056589628055,0.8127480451321265,1,0.540509303915379,0.9153494929020828,0.9153494929020828,FALSE,ns
Rhizobium,0.7664425602184709,0.9979419547432887,0.6579279781089501,0.9199619716338201,-3.5727574002572924,-3.5740069281533264,-3.5709763594622634,0.09145333174258408,6.419188596792882,0.013919568835258859,0.49290141973971463,0.7664425602184709,0.9979419547432887,0.6579279781089501,0.9199619716338201,0.9199619716338201,FALSE,ns
Alcanivorax,0.7583165738947429,1,0.4411880831753711,0.9262003715963711,4.057084186544829,3.9051298076645526,4.236630621820634,0.26552863734203935,5.90475372283789,0.040554569662078724,0.45740000014303817,0.7583165738947429,1,0.4411880831753711,0.9262003715963711,0.9262003715963711,FALSE,ns
Leuconostoc,0.2971860846565936,0.9270220098404501,0.33128305742248776,0.9622711274387111,-2.9782567650156784,-2.7608433340106933,-3.201016196821807,-0.5108014454780383,7.1858309717038384,-0.07096266330097811,0.4643071386918238,0.2971860846565936,0.9270220098404501,0.33128305742248776,0.9622711274387111,0.9270220098404501,FALSE,ns
Unknown genus44,0.6112909112136684,0.9969166471527885,0.6622709508191181,0.9276977504792473,-3.2355910987982845,-3.215704131223241,-3.2529438400818886,0.10456432746944344,7.079764038847193,0.012319420279315284,0.49280000002400537,0.6112909112136684,0.9969166471527885,0.6622709508191181,0.9276977504792473,0.9276977504792473,FALSE,ns
Comamonas,0.3222362638479885,0.9321694581604462,0.31698102667635003,0.9318933948559455,-3.7017958995251314,-3.4909663824426964,-3.9011950282697327,-0.5068342922654612,5.808587370478335,-0.0788587879835703,0.45850829847954067,0.3222362638479885,0.9321694581604462,0.31698102667635003,0.9318933948559455,0.9318933948559455,FALSE,ns
Hydrogenophilus,0.527055983636999,0.9899428276218117,0.6611510307317224,0.9330837014136717,-3.438700911956124,-3.4451556340655225,-3.4321085600080927,0.1432520009085545,6.856803350166907,0.020409370743971,0.48890221959308483,0.527055983636999,0.9899428276218117,0.6611510307317224,0.9330837014136717,0.9330837014136717,FALSE,ns
Stenotrophomonas,0.6927592422843302,0.9978778570969227,0.6765377366302301,0.9376872495480261,-3.239595573298197,-3.215952534105166,-3.2689179183128116,0.053687956079022214,6.55496196134954,0.006801113853817006,0.4957008598423602,0.6927592422843302,0.9978778570969227,0.6765377366302301,0.9376872495480261,0.9376872495480261,FALSE,ns
Streptomyces,0.6223282691055865,0.9765073055221561,0.736656814991649,0.9382110637586061,-3.63940434852137,-3.6171682084331342,-3.657309434565713,0.037116633794895826,6.4604052813111705,0.005350858841952348,0.4971005798936841,0.6223282691055865,0.9765073055221561,0.736656814991649,0.9382110637586061,0.9382110637586061,FALSE,ns
Beijerinckia,0.7818260076541937,1,0.49559657246834554,0.9410536498984554,3.9316811908170615,3.8094906843657865,4.105389043024507,0.19777408622649784,6.662375531584175,0.026926522510369,0.47230553898478367,0.7818260076541937,1,0.49559657246834554,0.9410536498984554,0.9410536498984554,FALSE,ns
Brevundimonas,0.628016912608913,0.9973814022027317,0.6302942010184526,0.9414991260394747,-2.9488962465546775,-3.043044841946503,-2.83971072368654,0.30458201216141045,7.981351239207475,0.03486333095897569,0.48290341937316894,0.628016912608913,0.9973814022027317,0.6302942010184526,0.9414991260394747,0.9414991260394747,FALSE,ns
Azoarcus,0.7300015637378452,1,0.4713317825850743,0.9420109786489536,4.070315538824143,3.927437620396905,4.254896171250035,0.19126341823427273,5.207541450087546,0.0306036499293879,0.46830633883828254,0.7300015637378452,1,0.4713317825850743,0.9420109786489536,0.9420109786489536,FALSE,ns
A17,0.7411253886480033,1,0.4388302890089042,0.9455018712854656,4.235777553889244,4.069044111058485,4.4244678183771855,0.11745201715976483,4.218764638995186,0.01942866378255268,0.4814000000620862,0.7411253886480033,1,0.4388302890089042,0.9455018712854656,0.9455018712854656,FALSE,ns
Arcicella,0.8479426041904721,1,0.5558362133725572,0.9503868847934505,3.7905121812937037,3.666978610886578,3.9881429145826566,0.20178001730934314,7.537597962242211,0.028977093686133475,0.47470505907270105,0.8479426041904721,1,0.5558362133725572,0.9503868847934505,0.9503868847934505,FALSE,ns
Aeribacillus,0.17573278571159093,0.9527205251005858,0.37265983875753167,0.9980291485384614,3.5332504026442764,3.5642711966911116,3.491061886283483,-0.12790484615831632,8.010384962007475,-0.016720969485267075,0.48450309943180947,0.17573278571159093,0.9527205251005858,0.37265983875753167,0.9980291485384614,0.9527205251005858,FALSE,ns
Mycobacterium,0.2940696750187033,0.9542311862248416,0.320204044818736,0.969183571362301,-3.2907242624752184,-2.9883834027718814,-3.584601251267258,-0.6649418691532087,7.02480179317775,-0.0860498038194346,0.4518000001621734,0.2940696750187033,0.9542311862248416,0.320204044818736,0.969183571362301,0.9542311862248416,FALSE,ns
Azomonas,0.1941027091399296,0.9552757071413543,0.8261848541683539,0.990601387741217,4.1510515784753395,4.065040414518409,4.245250285193835,0.05205668262450436,4.052092691524749,0.008827295387208639,0.49160000002800824,0.1941027091399296,0.9552757071413543,0.8261848541683539,0.990601387741217,0.9552757071413543,FALSE,ns
Caulobacter,0.4399353725695708,0.9559511839204728,0.5085194892989605,0.9724168909123534,-3.6628649245479554,-3.478393138270688,-3.8507363838377806,-0.2670253996974763,6.310018008966729,-0.04197320685326378,0.474905019080029,0.4399353725695708,0.9559511839204728,0.5085194892989605,0.9724168909123534,0.9559511839204728,FALSE,ns
Janibacter,0.33093393679027266,0.9577203216537551,0.2974320812994022,0.9611627511290449,-3.158500485586127,-2.92892211978228,-3.3415108372934883,-0.48514039911824813,7.345685960785674,-0.06284140945346317,0.46550689873575685,0.33093393679027266,0.9577203216537551,0.2974320812994022,0.9611627511290449,0.9577203216537551,FALSE,ns
Kaistobacter,0.3655309739816958,0.9589905051718822,0.3846204731942361,0.9803465639247692,-3.4092010082935396,-3.166507986211389,-3.634258145348845,-0.3860418089342028,6.5997741197251445,-0.052361228104048876,0.4742000000862291,0.3655309739816958,0.9589905051718822,0.3846204731942361,0.9803465639247692,0.9589905051718822,FALSE,ns
Cloacibacterium,0.5236208056572724,0.97278477136879,0.44735359980276357,0.9592537767944341,-3.47618630465814,-3.2704695389578475,-3.669273720536367,-0.4750060688087876,6.717573160624821,-0.0603558615067168,0.46680000011115697,0.5236208056572724,0.97278477136879,0.44735359980276357,0.9592537767944341,0.9592537767944341,FALSE,ns
Gemella,0.7566253445730367,0.9974733851763048,0.7476491430274531,0.9608116760704999,-1.8777299798490574,-1.8221393027856587,-1.9460743531289761,-0.01642447421328619,8.518878573694062,-0.0025347560713035217,0.49870025995234124,0.7566253445730367,0.9974733851763048,0.7476491430274531,0.9608116760704999,0.9608116760704999,FALSE,ns
Friedmanniella,0.4430225397328757,0.9629903167201339,0.4678278048115142,0.9776344390478946,-3.6942835648380603,-3.5084184137651526,-3.870549010245825,-0.3232969462870372,5.857811930881111,-0.051502239130023844,0.4730000000902631,0.4430225397328757,0.9629903167201339,0.4678278048115142,0.9776344390478946,0.9629903167201339,FALSE,ns
Nocardioides,0.34214719238950037,0.9631264394259782,0.36527089677471886,0.9744853577073435,-3.476614189374443,-3.2839627774391946,-3.677944323169007,-0.4568163401008789,6.683442830492744,-0.06423615479448486,0.46460000011859465,0.34214719238950037,0.9631264394259782,0.36527089677471886,0.9744853577073435,0.9631264394259782,FALSE,ns
Ardenscatena,0.26255330543951344,0.9634658860113942,0.28353518916298914,0.9901806387425708,2.5965436701350133,2.8742000850111022,-0.10322271107615588,-0.24159219508692065,8.30467381627626,-0.027856533988164303,0.4807038592925447,0.26255330543951344,0.9634658860113942,0.28353518916298914,0.9901806387425708,0.9634658860113942,FALSE,ns
Shewanella,0.2826116460217309,0.964706352064073,0.27816331929415317,0.9641197312950015,-3.1984041440639093,-2.9193193466677165,-3.463037300944733,-0.6485603243950004,7.061494733169582,-0.08778012353930516,0.4582000001403139,0.2826116460217309,0.964706352064073,0.27816331929415317,0.9641197312950015,0.9641197312950015,FALSE,ns
Unknown genus6,0.7163376039607557,0.9995502303046888,0.7670826578812306,0.9659592813257597,-2.9915378104369523,-2.982168618371733,-3.0011868471334093,0.051615586357502075,7.422679769664399,0.00711473616476346,0.4960000000133343,0.7163376039607557,0.9995502303046888,0.7670826578812306,0.9659592813257597,0.9659592813257597,FALSE,ns
Anaerolinea,0.8166260350332608,1,0.6925698614857728,0.9674826329353665,2.6701664220953796,2.4650875795511507,2.964671845970436,0.2816349826970881,8.3532434335917,0.03608104218708063,0.47180000009429995,0.8166260350332608,1,0.6925698614857728,0.9674826329353665,0.9674826329353665,FALSE,ns
Roseomonas,0.7339363348138456,0.995097644915462,0.7940226211599324,0.9681640770378493,-3.700565095695417,-3.5995450680463668,-3.803680280060579,-0.17414818957400158,5.832289361784551,-0.024937039386293387,0.48660000004469867,0.7339363348138456,0.995097644915462,0.7940226211599324,0.9681640770378493,0.9681640770378493,FALSE,ns
Actinomadura,0.2556355392057981,0.970018922483209,0.3368872371189255,1,3.769211067672585,3.7398998585323033,3.8182807575557254,-0.08912721959614123,7.59401385836937,-0.012198840322000045,0.4886000000380197,0.2556355392057981,0.970018922483209,0.3368872371189255,1,0.970018922483209,FALSE,ns
Kingella,0.4540833550482001,0.9701119366102114,0.49154623783910345,0.9812927703764995,-3.329490066390157,-3.154742761724652,-3.4990293976206415,-0.3772859390307488,6.85317074861027,-0.048688490570367116,0.4698000001010352,0.4540833550482001,0.9701119366102114,0.49154623783910345,0.9812927703764995,0.9701119366102114,FALSE,ns
Moraxella,0.6759744791064909,0.9924283348567835,0.6630687344790103,0.9707600719925683,-3.3563582725650436,-3.250820823417758,-3.462156538678565,-0.258751545334178,7.277487680178109,-0.030860770371450352,0.4828000000574012,0.6759744791064909,0.9924283348567835,0.6630687344790103,0.9707600719925683,0.9707600719925683,FALSE,ns
Sphingobacterium,0.466318675065442,0.9809651767819539,0.44222897970201985,0.9729215852695688,-3.658564934106126,-3.4852616708810586,-3.8369004728077156,-0.3691980769873302,5.866368578097015,-0.0568443481222954,0.47100000009699317,0.466318675065442,0.9809651767819539,0.44222897970201985,0.9729215852695688,0.9729215852695688,FALSE,ns
Unknown genus2,0.6571736872934406,0.9930310728212393,0.6089791548499897,0.973184948501938,-3.6799787569905433,-3.5527398311603973,-3.7938066259618566,-0.1420169693041773,5.970190719853575,-0.021997609997528984,0.4888000000373524,0.6571736872934406,0.9930310728212393,0.6089791548499897,0.973184948501938,0.973184948501938,FALSE,ns
Janthinobacterium,0.813821652756134,0.9992063486116701,0.8108332922443877,0.9735421888538627,-3.5552113609512386,-3.4579785700499377,-3.648335580309844,-0.055585831220465565,6.045632325662662,-0.008077638284596683,0.4957008598423602,0.813821652756134,0.9992063486116701,0.8108332922443877,0.9735421888538627,0.9735421888538627,FALSE,ns
Enterococcus,0.5734603511525672,0.9736237925495776,0.5328591975335789,0.9794828986104335,-3.650318463633547,-3.47436511857849,-3.8368321794098543,-0.2961257179696606,6.068035571884708,-0.0453584471452827,0.47690461915330273,0.5734603511525672,0.9736237925495776,0.5328591975335789,0.9794828986104335,0.9736237925495776,FALSE,ns
Unknown genus81,0.4244423478869027,0.9738479919613781,0.38635505708197515,0.9747876135595177,-3.585541559398921,-3.397913744384762,-3.772536306617054,-0.37997702674526135,5.995252812485207,-0.056151966729542153,0.47350529902874117,0.4244423478869027,0.9738479919613781,0.38635505708197515,0.9747876135595177,0.9738479919613781,FALSE,ns
Acetobacter,0.22462050734328234,0.9775030826489854,0.640552166808344,1,3.6735902818893225,3.683799911731814,3.6633040233479055,-0.06839362099787483,7.655289446056516,-0.010163627474409395,0.4920000000266737,0.22462050734328234,0.9775030826489854,0.640552166808344,1,0.9775030826489854,FALSE,ns
Dietzia,0.7317606533676511,0.9985101967815415,0.7913987551423934,0.9793806521226075,-2.5709201303963534,-2.6033792878915465,-2.5368296350176696,0.096523290057001,8.486659789832588,0.012745835614113252,0.49400000002000316,0.7317606533676511,0.9985101967815415,0.7913987551423934,0.9793806521226075,0.9793806521226075,FALSE,ns
Bacteriovorax,0.48457841466506263,1,0.5944760584805883,0.9798249983911915,4.233183009596228,4.083448136124568,4.377222019152004,0.13527995232040446,3.207715510171809,0.026541603197054876,0.4770000000768293,0.48457841466506263,1,0.5944760584805883,0.9798249983911915,0.9798249983911915,FALSE,ns
Belnapia,0.3051241651757175,0.979888695461942,0.4328578350991689,0.9979682551889489,2.582101044359822,2.797595699285433,1.9930945499307051,-0.2924212702595881,8.373138877508406,-0.033847045540590766,0.4719056189701318,0.3051241651757175,0.979888695461942,0.4328578350991689,0.9979682551889489,0.979888695461942,FALSE,ns
Diaphorobacter,0.686112725508812,0.9919713333023328,0.6201679549322745,0.980801334336097,-3.45284567412172,-3.3408249849714915,-3.566319941215375,-0.22268513007685709,6.687451541506624,-0.032651937298460054,0.48450309943180947,0.686112725508812,0.9919713333023328,0.6201679549322745,0.980801334336097,0.980801334336097,FALSE,ns
Flavobacterium,0.6796743689740039,0.9947446412194125,0.5747321412225695,0.9812355442483025,-3.6354591108425245,-3.535665056564988,-3.726814016499749,-0.15289566872936255,6.705362706978546,-0.022336111761957454,0.4865026995051132,0.6796743689740039,0.9947446412194125,0.5747321412225695,0.9812355442483025,0.9812355442483025,FALSE,ns
Aquisphaera,0.45149724707365463,0.9812593289353029,0.5445942946606993,0.9949619766378123,-2.133049457878484,-1.6740564416018566,-2.545109322618546,-0.23378028649919802,8.057820641858388,-0.027988276890720414,0.4828000000574012,0.45149724707365463,0.9812593289353029,0.5445942946606993,0.9949619766378123,0.9812593289353029,FALSE,ns
Kocuria,0.4801402499513612,0.986501910220014,0.4685359165888385,0.981264546164073,-3.6416041289696244,-3.5171861048185313,-3.771168826685341,-0.27502832439893954,6.311288779592735,-0.03878188302161816,0.4796000000681135,0.4801402499513612,0.986501910220014,0.4685359165888385,0.981264546164073,0.981264546164073,FALSE,ns
Massilia,0.8137935461842886,0.9992095654220235,0.842164600804924,0.982484627095675,-0.6778634216999748,-0.6167192793445491,-0.7716531894809089,-0.046371756603248215,8.39437136182444,-0.006193642395118994,0.49730053990101647,0.8137935461842886,0.9992095654220235,0.842164600804924,0.982484627095675,0.982484627095675,FALSE,ns
Unknown genus1,0.670217453663865,0.9962324031549771,0.5320619867777102,0.9826248616497766,-3.6660811717691164,-3.5720239177646453,-3.7597775514734106,-0.16318993833077666,6.147317179312427,-0.023290892440887785,0.4861027794904525,0.670217453663865,0.9962324031549771,0.5320619867777102,0.9826248616497766,0.9826248616497766,FALSE,ns
Alkalibacterium,0.2586439016524383,0.9835725273435976,0.8128352123112454,0.9949527655326829,3.911027704881139,3.8492050396322997,3.9891456314503713,0.08035472852122938,6.743558665257535,0.01107285163315573,0.48760000004135873,0.2586439016524383,0.9835725273435976,0.8128352123112454,0.9949527655326829,0.9835725273435976,FALSE,ns
Cardiobacterium,0.7371191775556586,0.9958927308373846,0.6845117486121964,0.9839104078952712,-3.571298359391422,-3.4565132733807644,-3.676081131295189,-0.12143631138046374,6.156006245301005,-0.0182277524854573,0.490200000032679,0.7371191775556586,0.9958927308373846,0.6845117486121964,0.9839104078952712,0.9839104078952712,FALSE,ns
Ralstonia,0.8353880792171842,1,0.8224888729877545,0.9844598821435866,-3.242386232212284,-3.1633323689830526,-3.3250983222836883,-0.12502651083649852,7.467409155280061,-0.015015245244860195,0.4906000000313446,0.8353880792171842,1,0.8224888729877545,0.9844598821435866,0.9844598821435866,FALSE,ns
Mesorhizobium,0.5880338414438058,0.9918432399462448,0.5442865968355111,0.984912998350415,-3.5689549169435564,-3.442680213453543,-3.6979445148887606,-0.19004674532962085,6.469388808088858,-0.0281258494840103,0.48410317941714875,0.5880338414438058,0.9918432399462448,0.5442865968355111,0.984912998350415,0.984912998350415,FALSE,ns
Balneimonas,0.23630767812457668,0.9851073521069249,0.8404857518326982,0.9988342960526924,4.143078584440069,4.023525158257176,4.271516830926174,-0.013265941747299781,4.748776214489326,-0.0019467622809470927,0.4977004599156804,0.23630767812457668,0.9851073521069249,0.8404857518326982,0.9988342960526924,0.9851073521069249,FALSE,ns
Novosphingobium,0.5111692078776306,0.9852036746676407,0.5585927203470057,0.9901951322869946,-3.497593861359902,-3.332040616507312,-3.6576188333050776,-0.37699258498947064,6.4300743158335365,-0.054844407363019855,0.4714000000956466,0.5111692078776306,0.9852036746676407,0.5585927203470057,0.9901951322869946,0.9852036746676407,FALSE,ns
Serratia,0.6080093537876201,0.9944051718241483,0.5458455285123258,0.985584713472442,-3.5893838743699726,-3.452065791351078,-3.733392975621036,-0.23299194463017692,6.436611812184166,-0.035692251361362205,0.47810437919727145,0.6080093537876201,0.9944051718241483,0.5458455285123258,0.985584713472442,0.985584713472442,FALSE,ns
Wautersiella,0.7778318336466995,0.9992617627902096,0.7619078311475876,0.985612563919409,-3.1125945429756277,-3.018699510718476,-3.2173543302240946,-0.08736692842406502,7.322985556186702,-0.01014766444791127,0.49320000002267106,0.7778318336466995,0.9992617627902096,0.7619078311475876,0.985612563919409,0.985612563919409,FALSE,ns
Asticcacaulis,0.24460540842616238,0.9857032029917735,0.842356764092209,1,4.104031735110535,3.9935000763948483,4.2688904326083446,0.1379774176906885,5.2205902116709915,0.023961187172270866,0.47820000007280483,0.24460540842616238,0.9857032029917735,0.842356764092209,1,0.9857032029917735,FALSE,ns
Methylobacterium,0.792485555990528,1,0.8377476068164943,0.9858412876244083,-2.484057251592863,-2.437501383296393,-2.5356463731897474,-0.04345240658774241,8.618518912291618,-0.005965694939265492,0.49660000001133336,0.792485555990528,1,0.8377476068164943,0.9858412876244083,0.9858412876244083,FALSE,ns
Anaerostipes,0.860082990531727,1,0.6534778913713691,0.9859125724204718,3.7409591032382017,3.6111340738724063,3.887609163124995,0.0544708446339115,7.6212174763865885,0.007007473711513612,0.4939012197763729,0.860082990531727,1,0.6534778913713691,0.9859125724204718,0.9859125724204718,FALSE,ns
Tessaracoccus,0.7461166452965922,0.9938526127089281,0.6678300346570872,0.9868898136967073,-3.422517847486711,-3.336902513035226,-3.5023851647207778,-0.2512893075152256,6.374784471355966,-0.037259659923459545,0.4796000000681135,0.7461166452965922,0.9938526127089281,0.6678300346570872,0.9868898136967073,0.9868898136967073,FALSE,ns
Actinomycetospora,0.7761304458618006,1,0.6606364547102813,0.9873450392015702,3.8327541714670033,3.660385873672739,4.02301201576492,0.2250690626520755,7.353446758168561,0.030536495675339663,0.4717056589628055,0.7761304458618006,1,0.6606364547102813,0.9873450392015702,0.9873450392015702,FALSE,ns
Unknown genus3,0.7267201286690866,0.9991003889814991,0.6197940954981965,0.9875683685067386,-3.655053289952634,-3.5200586411438204,-3.7785134968241882,-0.24009197780794445,6.309291556146074,-0.034459096972861925,0.48210357934385045,0.7267201286690866,0.9991003889814991,0.6197940954981965,0.9875683685067386,0.9875683685067386,FALSE,ns
Unknown genus39,0.8104661307904379,0.9978213818723523,0.7057238562663978,0.987656028321148,-3.734393860404877,-3.6252659831524703,-3.840354743839579,-0.04912659523195906,6.176903079169407,-0.007508304872710323,0.4957008598423602,0.8104661307904379,0.9978213818723523,0.7057238562663978,0.987656028321148,0.987656028321148,FALSE,ns
Armatimonas/Armatimonadetes_gp1,0.8847073344896976,1,0.6186875208329486,0.9878460541787167,4.11397957743992,3.937097435676624,4.306740812527684,0.21864576393062318,6.084902198044306,0.03380594052434356,0.4678000001077801,0.8847073344896976,1,0.6186875208329486,0.9878460541787167,0.9878460541787167,FALSE,ns
Acetobacterium,0.7065153148544162,1,0.7501508970866775,0.9881930713660684,3.5425443564906187,3.4941362799742803,3.6068469848237115,0.08698912154740013,8.054446979139112,0.011320243645815853,0.4900000000333466,0.7065153148544162,1,0.7501508970866775,0.9881930713660684,0.9881930713660684,FALSE,ns
Unknown genus14,0.7393571688717568,0.9915421567639315,0.677983102633675,0.9882806130599651,-3.5820340715809316,-3.4800933122104016,-3.680693757129081,-0.17040233035279506,6.775719925100695,-0.021789249535436435,0.48780000004069085,0.7393571688717568,0.9915421567639315,0.677983102633675,0.9882806130599651,0.9882806130599651,FALSE,ns
Actinoplanes,0.2669617553766837,0.9884727391076327,0.8879091939805952,0.9998553101902963,4.116888349715463,4.020768486543851,4.216028135243139,0.0461625582075178,4.891834592360677,0.0075947851766238385,0.4926000000246722,0.2669617553766837,0.9884727391076327,0.8879091939805952,0.9998553101902963,0.9884727391076327,FALSE,ns
Aeromonas,0.23436995224365934,0.9886169652332473,0.7430170378525041,1,4.127657838123575,4.067851744055561,4.197366379745361,0.006038027190563788,5.027939521291745,0.0010547427367347492,0.4992000000026664,0.23436995224365934,0.9886169652332473,0.7430170378525041,1,0.9886169652332473,FALSE,ns
Rheinheimera,0.6322898653499152,0.9890718124788234,0.6740308937402236,0.9972495471147674,-3.5644738712041972,-3.443755647967424,-3.684472731890784,-0.2678463435270011,6.173138964637047,-0.037757501795263826,0.4805038992852156,0.6322898653499152,0.9890718124788234,0.6740308937402236,0.9972495471147674,0.9890718124788234,FALSE,ns
Unknown genus41,0.754288164443725,0.9918555996771352,0.7103761356980034,0.9892358798021754,-3.660066064319916,-3.577745960447225,-3.7377155022125894,-0.1896191614446776,5.871139569255776,-0.028011979059086776,0.48670265951244474,0.754288164443725,0.9918555996771352,0.7103761356980034,0.9892358798021754,0.9892358798021754,FALSE,ns
Halomonas,0.708040145231153,0.9912427691149636,0.6647526081179508,0.9894089902597231,-3.385639017862541,-3.258737157649862,-3.522621942333016,-0.16903267384880216,6.514785056910665,-0.023047452481253797,0.4886000000380197,0.708040145231153,0.9912427691149636,0.6647526081179508,0.9894089902597231,0.9894089902597231,FALSE,ns
Agrococcus,0.7767363313420311,1,0.7158281144276771,0.9894851535652448,3.7557994354427575,3.65134298318603,3.894261381571946,0.11285944868835829,7.717779496629323,0.01489960565482041,0.48660000004469867,0.7767363313420311,1,0.7158281144276771,0.9894851535652448,0.9894851535652448,FALSE,ns
Paracoccus,0.7807787394340747,0.999492030777904,0.8675572613358757,0.9906829093356417,4.036329254885489,4.009768428452488,4.069954062869085,-0.15096238193696276,8.627895509171983,-0.016937442517396782,0.48850229957842223,0.7807787394340747,0.999492030777904,0.8675572613358757,0.9906829093356417,0.9906829093356417,FALSE,ns
Escherichia/Shigella,0.823925444333865,1,0.8321025838744041,0.9907015074279432,-2.3619134305105707,-2.3570787262343806,-2.371110470890722,-0.15595771690747906,8.770961613937425,-0.01956672316684003,0.4890000000366841,0.823925444333865,1,0.8321025838744041,0.9907015074279432,0.9907015074279432,FALSE,ns
Bacillus,0.7808491363463218,1,0.756185336737536,0.990930619718525,3.9512565430722857,3.8497279386275625,4.082793435750935,0.17350136477125977,7.2030304007036445,0.02315454107886797,0.4793041392412425,0.7808491363463218,1,0.756185336737536,0.990930619718525,0.990930619718525,FALSE,ns
Gardnerella,0.6166345861990375,0.9941924701656687,0.5529189402950662,0.9910666300100031,-3.263304571092813,-3.103330332718695,-3.4145176304550304,-0.28957799645712257,6.538765516828369,-0.043272088482497244,0.4770000000768293,0.6166345861990375,0.9941924701656687,0.5529189402950662,0.9910666300100031,0.9910666300100031,FALSE,ns
Naxibacter,0.7912971546921482,0.9969682232441949,0.7534599874960087,0.9914514112881763,-3.585514795737774,-3.505580372523328,-3.672844335456748,-0.0794010468515518,5.988764988956047,-0.011705724722957077,0.4934000000220039,0.7912971546921482,0.9969682232441949,0.7534599874960087,0.9914514112881763,0.9914514112881763,FALSE,ns
Lautropia,0.7045572490097552,0.9951284481617239,0.6472819498843764,0.992065245933186,-2.7382680272779565,-2.538400646459877,-2.9344672020898273,-0.44060292278673785,7.761462662399632,-0.05078758178504188,0.47320000008959084,0.7045572490097552,0.9951284481617239,0.6472819498843764,0.992065245933186,0.992065245933186,FALSE,ns
Bosea,0.5414720770945454,0.9921464989637526,0.576388526455393,0.9985076464431387,-2.693186575142575,-2.511406942354875,-2.8603666530988576,-0.3554927164900299,7.604330255986363,-0.04489737245082391,0.4765046991386474,0.5414720770945454,0.9921464989637526,0.576388526455393,0.9985076464431387,0.9921464989637526,FALSE,ns
Auraticoccus,0.768471845559777,0.9978360442756129,0.7527375218424196,0.9947198756463608,-2.7323181525565428,-2.55469053925843,-2.8904663048057557,-0.05734442677523299,7.997391042568664,-0.006634528652836782,0.49640000001200085,0.768471845559777,0.9978360442756129,0.7527375218424196,0.9947198756463608,0.9947198756463608,FALSE,ns
Bdellovibrio,0.6092991060525874,1,0.7428640119021697,0.9948863638593912,4.0757328261731995,3.981953704196252,4.179142625667917,0.08479703644151826,4.240308374880178,0.014368200874507357,0.48460000005138243,0.6092991060525874,1,0.7428640119021697,0.9948863638593912,0.9948863638593912,FALSE,ns
Sphingomonas,0.7970658595658866,1,0.7337262405418864,0.9949482742203303,4.195603896920465,4.059295013189063,4.269491430657414,-0.07812815422683395,7.886121757029503,-0.009589149407014257,0.4926000000246722,0.7970658595658866,1,0.7337262405418864,0.9949482742203303,0.9949482742203303,FALSE,ns
Clostridium XI,0.6768263093128717,0.9962814540907838,0.6342541465934454,0.9952784510926731,-3.678839754971696,-3.529182256534667,-3.8185933411118675,-0.2898958995680063,6.202558572781623,-0.039364066544124186,0.4787042592192567,0.6768263093128717,0.9962814540907838,0.6342541465934454,0.9952784510926731,0.9952784510926731,FALSE,ns
Sphingobium,0.7174879928541585,0.9990818350068484,0.6450819832873775,0.9952797994004906,-3.2911971367856525,-3.139174261009087,-3.4281191416509458,-0.13483130995501558,6.906728190176315,-0.018006146545603407,0.49030193964440366,0.7174879928541585,0.9990818350068484,0.6450819832873775,0.9952797994004906,0.9952797994004906,FALSE,ns
Peptoniphilus,0.818912814821105,1,0.8505165026163842,0.9959174950192361,-2.5855585479794128,-2.515108087392191,-2.668170402123634,-0.07620447532277907,8.084075717080815,-0.00928181964303388,0.4946000000180017,0.818912814821105,1,0.8505165026163842,0.9959174950192361,0.9959174950192361,FALSE,ns
Agromyces,0.3158156236970043,0.9964934178943075,0.8281124513165933,0.9982345600970118,3.726436632147215,3.724204722464744,3.731243599660448,-0.06525808783417908,7.452359023295999,-0.009141112481191073,0.49100000003000965,0.3158156236970043,0.9964934178943075,0.8281124513165933,0.9982345600970118,0.9964934178943075,FALSE,ns
Arthrobacter,0.5962458275597355,1,0.778406039288832,0.9965388338470857,4.366077645408981,4.205704023106895,4.523241232890056,0.2092650691268978,2.5212876317350528,0.046192244094588344,0.4594000001362315,0.5962458275597355,1,0.778406039288832,0.9965388338470857,0.9965388338470857,FALSE,ns
Exiguobacterium,0.8133995938242987,1,0.7504090033588565,0.9968851874868896,-3.174162100336452,-3.0605246900426533,-3.298598429761591,-0.20101168889316678,7.302715721177717,-0.02537513163946007,0.48500000005004507,0.8133995938242987,1,0.7504090033588565,0.9968851874868896,0.9968851874868896,FALSE,ns
Aequorivita,0.4649524011033655,1,0.8329659918517676,0.997168317766461,3.884758029159244,3.800058971299392,4.000747875877288,0.041066834019782394,7.08848376859296,0.006309203185707339,0.4945010997983684,0.4649524011033655,1,0.8329659918517676,0.997168317766461,0.997168317766461,FALSE,ns
Brevibacterium,0.7794254559185612,0.9997599992688667,0.6746219558241335,0.9974644640417458,-3.1538782403068453,-3.0014953879168607,-3.3062690330199045,-0.21134162130556966,7.709624921326084,-0.02562588899701481,0.48480000005071394,0.7794254559185612,0.9997599992688667,0.6746219558241335,0.9974644640417458,0.9974644640417458,FALSE,ns
Adhaeribacter,0.5996469146747292,1,0.8746421299553181,0.9990731514726611,4.037629332459138,3.9440660195198842,4.123395125658947,-0.05282161572428912,6.368498979216534,-0.00833220100511066,0.49210157971038737,0.5996469146747292,1,0.8746421299553181,0.9990731514726611,0.9990731514726611,FALSE,ns
Microbacterium,0.6294821802907682,1,0.6088412100608996,0.9998035779108776,-2.533591021470193,-2.4664547350137394,-2.604516443242466,-0.24200354537595015,8.268600043274839,-0.032257512340508804,0.48430313942447933,0.6294821802907682,1,0.6088412100608996,0.9998035779108776,0.9998035779108776,FALSE,ns
Acetivibrio,0.6905639249310123,0.9998101357050008,0.7026670778953891,1,2.755619813460601,2.730621354017188,2.8056539005048124,0.02432442449681993,8.399777483923263,0.002501810950220367,0.4979004199230129,0.6905639249310123,0.9998101357050008,0.7026670778953891,1,0.9998101357050008,FALSE,ns
Anaerospora,0.7483293559025369,1,0.82883776221903,0.9998566950858546,3.7739313516800546,3.652396181771045,3.9270690899781466,0.15040772006529268,7.819038158704091,0.020685901415027227,0.48060000006476394,0.7483293559025369,1,0.82883776221903,0.9998566950858546,0.9998566950858546,FALSE,ns
Abiotrophia,0.7505890348366875,1,0.8250884050866223,1,-1.204941973020655,-0.8580407144703548,-1.5143217323932507,0.032301375252265174,8.527139125613196,0.0038120012424040406,0.4975004999083483,0.7505890348366875,1,0.8250884050866223,1,1,FALSE,ns
Alcaligenes,0.7387328815644936,1,0.9042792920881231,1,3.6895243695049573,3.6031599809161907,3.7831040829894316,-0.004980704055389751,7.8314895872419665,-5.644573183618319e-4,0.49950009998166994,0.7387328815644936,1,0.9042792920881231,1,1,FALSE,ns
Algoriphagus,0.42703685187705676,1,0.845605776053812,1,3.829620916825608,3.7628764249916533,3.9383841784899856,0.07804996438615852,7.265873466050606,0.010727144699907569,0.49030193964440366,0.42703685187705676,1,0.845605776053812,1,1,FALSE,ns
