feature	X5.7N15	A17	Abiotrophia	Acetivibrio	Acetobacter	Acetobacterium	Achromobacter	Acidaminococcus	Acidovorax	Acinetobacter	Actinobacillus	Actinobaculum	Actinomadura	Actinomyces	Actinomycetospora	Actinoplanes	Actinopolymorpha	Adhaeribacter	Aequorivita	Aeribacillus	Aerococcus	Aeromicrobium	Aeromonas	Afifella	Afipia	Aggregatibacter	Agrobacterium	Agrococcus	Agromyces	Akkermansia	Alcaligenes	Alcanivorax	Algoriphagus	Alicyclobacillus	Aliidiomarina	Alishewanella	Alistipes	Arthrobacter	Bacillus	Bacteroides	Blautia	Bosea	Brevundimonas	Corynebacterium	Enterobacter	Escherichia.Shigella	Faecalibacterium	Geobacillus	Hydrogenophilus	Lactobacillus	Leuconostoc	Lysobacter	Methylobacterium	Methyloversatilis	Microbacterium	Neisseria	Paracoccus	Petrobacter	Prevotella	Pseudomonas	Rhodobaca	Rubrobacter	Schlegelella	Sphingomonas	Staphylococcus	Streptococcus	Unknown.genus296	Unknown.genus41	Unknown.genus476	Xanthomonas
2016_10_13___Hiseq_7_RDB251_CACGTCTA	0	143	143	143	143	0	143	143	143	143	15	0	143	143	143	143	0	143	109	143	0	143	22	0	143	143	268	0	76	143	143	143	143	143	105	143	0	0	400	0	0	0	0	8	613	0	0	0	0	2681	0	0	0	76	0	0	349	0	0	122	41	399	0	0	0	0	0	0	0	42
2016_10_13___Hiseq_7_RDB253_CATCAACC	0	408	408	408	408	0	408	408	408	408	408	408	408	408	408	408	0	408	313	408	408	408	65	0	408	408	0	0	0	408	408	0	0	408	300	408	298	0	248	0	0	0	0	0	0	0	0	0	0	16543	0	0	0	0	0	0	221	0	0	419	42	424	0	0	52	25	0	0	0	0
2016_10_13___Hiseq_7_RDB254_CATCACGT	1685	1685	1685	1685	1685	1685	1685	1685	1685	1685	0	1685	1685	1685	0	0	0	0	1293	1685	1685	0	0	0	1685	0	0	1685	1685	1685	1685	0	1685	1685	0	1685	1231	0	0	0	0	0	0	709	0	0	0	823	846	75	38	0	0	0	75	15	29	0	67	72446	0	0	0	0	131	0	0	30	0	0
2016_10_13___Hiseq_7_RDB257_CCGAAGAT	69	69	69	69	0	0	69	69	69	69	0	69	69	69	69	69	69	69	53	0	69	69	11	69	69	69	0	69	0	69	69	0	0	69	51	69	50	172	187	0	0	0	0	129	0	0	0	0	0	0	0	0	524	0	0	0	0	0	0	57	0	246	0	0	115	517	0	0	0	0
2016_10_13___Hiseq_7_RDB258_CTGACTAC	0	147	147	147	147	0	147	147	0	147	147	147	147	147	0	147	0	0	0	147	147	147	23	147	0	147	147	147	147	0	147	147	147	0	108	147	107	0	1707	0	0	75	0	0	0	0	0	333	0	431	35	74	0	0	0	0	0	139	0	0	0	0	130	0	0	0	53	0	0	0
2016_10_13___Hiseq_7_RDB259_CTTCGCAA	0	71	71	0	71	71	71	71	71	71	0	71	71	71	71	71	0	71	54	71	71	0	11	71	71	0	0	71	71	71	71	71	0	71	0	71	52	0	0	0	0	0	0	83	0	0	0	0	0	126	0	0	0	0	109	0	0	0	106	1185	0	0	0	0	0	241	0	52	0	0
2016_10_13___Hiseq_7_RDB298_AGAGTCCA	1388	1388	1388	1388	1388	1388	1388	0	1388	1388	1388	1388	1388	0	1388	1388	1388	1388	1065	0	1388	1388	222	1388	1388	1388	1069	1388	1388	1388	0	1388	1388	1388	1020	1388	1014	0	0	0	21	0	0	0	0	0	19	0	0	0	0	0	5110	0	0	0	0	0	0	16645	0	0	0	205	0	0	0	0	0	0
2016_10_13___Hiseq_7_RDB299_AGGTCTGT	0	0	159	0	159	0	159	159	159	159	0	159	159	159	159	0	159	159	122	159	159	159	25	159	110	159	0	159	159	159	159	159	0	159	117	159	116	0	1242	0	0	0	0	94	0	0	0	0	2091	0	0	0	0	0	0	0	0	1636	0	201	0	0	0	0	0	169	0	0	0	0
2016_10_13___Hiseq_7_RDB305_AAGACGAG	30	30	30	0	0	30	30	30	30	30	30	30	30	30	30	30	30	30	23	0	30	30	4	30	30	30	30	30	30	30	30	30	0	30	22	0	22	174	0	0	0	0	0	0	0	0	0	0	0	0	0	0	5	0	0	0	0	0	0	0	0	0	0	0	0	5	0	0	79	0
2016_11_30___Hiseq_8_BC5_AGCAATTC	54	0	54	54	54	54	0	54	54	54	54	0	0	54	54	54	54	54	41	54	0	54	0	54	54	54	54	54	54	54	54	54	54	0	40	54	39	0	0	228	0	0	0	0	137	182	0	0	0	0	0	0	0	29	0	8	0	0	0	0	0	0	0	0	0	0	26	0	0	0
2016_11_30___Hiseq_8_RDB78_TGATCACG	75	75	75	75	75	75	75	75	0	75	0	75	75	75	75	0	0	75	58	215	75	75	12	75	0	75	0	75	75	0	75	75	75	75	55	75	55	0	0	0	0	41	0	375	0	0	0	0	767	178	0	0	144	0	0	0	0	265	0	40	0	0	247	0	0	0	0	0	0	0
2016_11_30___Hiseq_8_RDB90_CCGATGTA	0	557	557	557	557	557	0	0	557	557	557	557	0	0	557	557	557	557	427	557	557	0	0	557	557	557	0	557	0	557	557	557	557	557	410	557	407	0	0	3227	577	0	0	0	0	531	3676	0	0	0	0	0	0	0	47	28	0	0	0	46	0	189	0	0	0	0	0	0	0	0
2016_10_13___Hiseq_7_RDB249_ATCATGCG	21	21	21	21	0	21	21	21	21	21	21	21	0	21	21	21	0	21	16	21	21	21	0	21	21	21	21	0	0	21	0	21	21	21	15	21	15	52	0	0	0	0	0	0	0	66	0	0	0	385	0	0	0	0	0	0	0	0	0	0	22	46	0	81	0	0	0	0	0	0
2016_10_13___Hiseq_7_RDB255_CCACAACA	61	61	61	61	61	0	61	61	0	61	61	61	61	61	61	61	0	0	0	61	61	61	9	61	61	61	61	61	61	61	61	324	0	61	45	61	44	0	397	0	0	145	0	0	0	0	0	0	0	313	373	38	0	0	0	0	0	0	0	0	0	0	0	0	31	307	0	0	0	0
2016_10_13___Hiseq_7_RDB261_GCAATTCC	92	92	92	92	92	0	92	92	92	92	0	92	0	92	92	92	92	92	70	0	92	0	14	92	92	92	0	92	92	92	92	92	0	92	0	92	0	0	384	0	0	0	0	384	0	948	0	0	0	0	0	0	62	0	101	0	0	0	0	842	0	0	0	0	0	221	0	38	0	67
2016_10_13___Hiseq_7_RDB262_GGTCACTA	16	16	0	16	16	16	16	16	16	16	0	16	0	16	16	16	16	16	0	16	16	16	2	16	16	16	16	16	16	16	16	16	16	0	12	16	12	0	0	0	0	0	0	7	0	17	0	0	0	0	0	12	0	0	0	0	0	0	0	0	0	0	0	0	0	0	68	0	0	0
2016_10_13___Hiseq_7_RDB264_TACACACG	74	74	74	74	74	74	74	74	74	74	74	74	74	74	239	74	74	74	57	74	0	74	11	74	74	0	0	74	74	74	0	74	74	74	55	74	54	0	0	0	0	0	0	0	0	0	0	44	0	0	0	0	0	170	0	0	0	0	189	487	0	0	0	204	0	0	0	0	0	0
2016_10_13___Hiseq_7_RDB266_AACAGTCC	0	50	50	50	50	50	0	50	50	534	0	50	0	0	50	50	50	50	38	50	50	50	8	50	50	50	0	50	0	50	50	0	50	50	37	50	36	0	0	115	0	0	72	75	0	130	287	0	0	0	0	0	0	0	0	0	0	0	0	140	0	127	0	0	189	0	0	0	0	0
2016_10_13___Hiseq_7_RDB267_AACTGAGG	0	1179	0	0	1179	0	1179	0	1179	1179	0	0	1179	1179	1179	1179	0	0	905	1179	1179	1179	0	0	1179	0	1179	0	0	1179	1179	0	0	1179	0	1179	0	0	250	0	219	0	0	200	201	0	0	0	0	24795	184	0	0	0	0	13	146	0	67	0	81	135	0	0	125	1220	0	29	0	169
2016_10_13___Hiseq_7_RDB297_AGACCTTG	38	38	38	38	38	0	38	38	38	0	0	38	38	38	38	38	38	38	29	38	38	38	6	38	38	38	38	38	38	38	38	0	38	38	28	0	28	0	69	0	0	0	117	871	0	0	0	0	0	0	0	0	0	0	0	0	0	0	0	0	0	0	0	0	195	0	0	0	233	0
2016_10_13___Hiseq_7_RDB312_AGACGCTA	18	18	18	18	18	18	18	18	18	18	18	0	18	18	18	18	18	18	14	18	18	18	3	0	18	18	0	18	18	18	0	18	18	18	13	18	13	0	0	0	0	0	0	0	20	0	0	0	0	0	0	0	0	0	0	0	176	0	0	31	0	0	0	298	0	0	0	0	0	0
2016_10_13___Hiseq_7_RDB317_ACAAGACG	0	27	27	0	27	27	27	27	27	102	27	27	27	27	27	27	27	27	21	27	27	27	4	27	27	27	0	27	27	27	0	27	27	27	20	0	20	0	0	0	0	0	110	0	0	0	0	0	0	0	0	0	0	0	0	0	0	0	0	181	0	0	0	143	0	0	0	0	132	0
2016_11_30___Hiseq_8_BC17_GCACACGA	25	0	0	25	25	25	25	25	25	25	25	25	25	25	25	25	25	25	19	25	25	25	4	25	25	25	25	25	25	0	0	25	0	25	19	25	18	0	0	0	0	0	0	0	0	0	0	0	0	0	0	0	0	0	0	0	0	0	0	0	0	0	94	110	0	95	0	0	0	0
2016_11_30___Hiseq_8_RDB266_AACAGTCC	50	0	50	0	50	50	50	50	50	0	0	50	50	50	50	50	50	50	39	50	50	50	0	50	50	50	50	50	50	50	0	0	50	50	37	50	37	0	0	0	0	0	108	593	0	0	0	0	0	0	0	0	0	0	0	0	0	0	0	0	0	0	0	33	87	0	0	0	0	0
