feature	Acidovorax	Acinetobacter	Actinomyces	Aerococcus	Aeromonas	Afipia	Agrobacterium	Anaerococcus	Anoxybacillus	Arthrobacter	Bacillus	Blastococcus	Bosea	Brachybacterium	Brevundimonas	Caulobacter	Chryseobacterium	Cloacibacterium	Corynebacterium	Devosia	Enterobacter	Escherichia.Shigella	Fusobacterium	Gemella	Halomonas	Janibacter	Kaistobacter	Lactobacillus	Lactococcus	Leptotrichia	Massilia	Mesorhizobium	Methylobacterium	Microbacterium	Mycobacterium	Neisseria	Nocardioides	Novosphingobium	Paracoccus	Porphyromonas	Prevotella	Propionibacterium	Pseudomonas	Ralstonia	Roseomonas	Rothia	Sphingobium	Sphingomonas	Staphylococcus	Stenotrophomonas	Streptococcus	Unknown.genus123	Unknown.genus20	Unknown.genus24	Unknown.genus41	Unknown.genus6	Veillonella
2015_11_17___Hiseq_4_RDB150_AAGCTGGT	230	1047	0	272	0	0	0	0	865	1207	908	0	390	0	0	0	0	716	102	209	0	0	0	0	0	0	0	0	0	310	453	0	9862	0	0	0	0	368	207	0	0	0	417	0	262	161	0	365	0	275	1364	0	0	286	0	2858	0
2015_11_17___Hiseq_4_RDB151_AATTCCGG	0	220	0	0	0	0	0	0	296	0	369	0	0	0	0	0	1154	0	2507	0	0	1514	0	0	136	0	0	0	0	0	0	0	9129	0	383	0	0	0	354	0	3677	0	996	0	0	0	0	514	337	0	273	148	0	0	0	0	0
2015_11_17___Hiseq_4_RDB152_ACCTCTTC	0	1825	226	0	0	0	0	228	641	0	456	0	282	0	0	0	223	0	656	0	0	0	4028	0	0	0	0	0	0	0	0	0	5067	479	0	48159	0	0	601	0	1117	0	1002	0	0	0	0	267	323	0	6420	0	483	0	0	0	1712
2015_11_17___Hiseq_4_RDB153_ACGGTACA	157	109	0	0	0	0	0	0	655	27	253	0	0	0	0	0	0	432	0	0	0	0	0	23	0	0	0	34	0	0	0	0	5063	545	14	0	140	0	253	0	338	0	0	0	860	0	0	418	0	0	150	0	0	0	0	0	0
2015_11_17___Hiseq_4_RDB154_ATCTCCTG	0	335	0	0	286	0	0	0	40	0	0	0	286	21	0	0	0	0	923	0	54	0	0	311	303	213	3689	0	0	0	0	0	4503	0	0	0	0	569	8209	0	0	0	774	0	1202	32	0	175	284	0	16	0	0	0	0	0	0
2015_11_17___Hiseq_4_RDB158_CTCTCAGA	1	1	1	0	1	0	0	0	8	5	0	0	0	0	0	0	5	3	34	0	0	0	0	0	0	7	0	5	7	0	0	0	78	0	0	2	0	1	0	0	0	0	9	0	1	2	0	18	9	0	9	4	5	0	0	0	4
2015_11_17___Hiseq_4_RDB160_GAGCTCTA	0	214	0	0	0	0	6762	0	66	0	0	0	0	0	760	0	0	0	127	0	0	0	0	0	0	0	0	0	0	0	0	0	1018	0	0	0	0	0	0	0	0	0	3031	0	0	99	0	0	0	3455	161	0	0	0	0	0	0
2015_11_17___Hiseq_4_RDB164_GTCGAGAA	0	0	0	350	624	0	471	0	400	0	0	0	0	0	0	0	0	0	178	0	0	0	0	0	0	332	0	0	328	0	0	0	11242	11	0	0	79	0	0	1465	0	394	772	0	206	408	0	520	0	0	690	0	896	0	0	0	0
2015_11_17___Hiseq_4_RDB165_TATGGCAC	465	0	0	0	472	0	0	0	331	0	0	0	0	0	0	0	0	2028	5070	0	0	0	0	557	0	605	372	1859	0	0	306	0	31222	931	0	0	0	375	1175	0	0	0	788	561	765	413	706	0	1913	0	2867	2877	0	0	0	0	305
2015_11_17___Hiseq_4_RDB166_TCGTCTGA	0	1744	760	169	294	0	0	132	1560	752	0	0	0	0	0	0	924	193	1530	0	0	0	0	0	0	1614	0	1485	251	0	363	0	16154	0	0	634	99	344	268	0	149	50	3927	0	307	0	0	641	1267	0	2538	0	660	0	0	90	1205
2015_11_17___Hiseq_4_RDB168_TTCCAGGT	0	1394	0	0	34	0	0	0	239	0	0	663	0	692	0	0	0	469	2554	0	524	0	0	62	0	0	1288	507	0	895	0	0	14631	0	373	0	0	0	3077	420	481	595	526	0	210	0	0	1537	3519	0	1488	0	626	0	0	201	1559
2015_11_17___Hiseq_4_RDB169_TTCGGCTA	387	0	0	0	0	0	398	196	1465	0	0	1615	0	694	0	0	894	275	2506	0	0	0	224	905	0	0	775	778	0	0	0	0	24997	497	241	0	1877	0	781	0	625	0	4691	0	2794	585	0	1506	409	0	6739	0	0	585	0	217	0
2015_11_17___Hiseq_4_RDB170_AACCGTGT	0	620	153	0	590	0	278	0	0	0	0	4248	0	14	0	0	0	1496	4772	0	0	0	262	263	0	0	421	851	26	0	294	0	13590	261	237	96	0	557	1690	0	1046	0	4738	0	378	815	249	1908	286	388	1349	417	0	0	300	0	414
2015_11_17___Hiseq_4_RDB171_ACGCTTCT	534	0	0	14	186	0	618	0	977	455	2027	0	0	0	0	0	0	446	880	0	0	0	0	0	0	0	0	0	0	0	198	0	13608	159	1133	47	0	0	1319	991	600	143	485	0	0	242	0	913	315	0	396	140	11	0	0	224	0
2015_11_17___Hiseq_4_RDB174_GGTTGAAC	254	344	0	0	0	368	290	0	281	0	569	0	505	19	0	0	1113	54	2233	0	0	1618	384	0	0	0	394	0	831	0	368	0	18754	85	249	0	0	0	5205	927	655	176	1096	472	59	78	401	23755	0	104	724	314	0	0	0	0	0
2015_11_17___Hiseq_4_RDB175_CGCTGATA	0	214	0	0	673	0	0	0	0	0	19793	0	0	0	886	0	244	0	204	2885	0	0	0	0	0	639	71	591	0	0	281	0	17412	797	0	224	0	0	1021	1479	0	0	582	0	1530	123	4004	3149	368	0	5461	534	0	0	0	392	353
2015_11_17___Hiseq_4_RDB176_GCCAATAC	0	398	0	474	0	0	0	0	0	0	0	0	763	0	0	0	2337	0	406	0	0	4258	0	0	0	0	0	0	0	0	0	0	12709	720	284	99	0	0	2081	0	603	289	638	0	0	0	0	4782	319	617	1102	0	0	0	0	0	0
2015_11_17___Hiseq_4_RDB177_GGTACTTC	0	1024	0	0	0	0	0	0	255	0	0	0	156	0	0	0	2320	0	2615	0	0	0	0	0	14	0	0	356	0	0	55	0	18462	1705	54	282	0	0	0	0	0	0	0	359	345	0	0	2081	403	0	0	222	0	0	0	189	0
2015_11_17___Hiseq_4_RDB178_GGTATAGG	0	50	0	0	17	0	1032	24	36	1133	0	0	0	0	0	0	0	446	19	0	0	0	0	0	0	0	0	211	0	0	324	0	7831	234	0	159	0	0	991	0	164	0	29	151	0	530	0	462	1128	0	603	5682	0	0	0	0	0
2015_11_17___Hiseq_4_RDB187_CAGTGCTT	0	1616	0	336	1649	0	0	300	3466	0	919	288	581	0	454	0	0	0	2234	0	967	0	0	603	0	0	404	0	36	0	870	0	16035	209	0	865	0	0	515	0	629	580	749	1117	0	345	0	3059	2782	0	1391	0	0	0	0	0	0
2015_11_17___Hiseq_4_RDB189_GTTGCTGT	371	0	0	0	293	0	0	0	0	0	0	0	1067	1216	0	0	0	0	258	0	0	439	0	440	0	0	0	472	0	0	0	0	536	1174	116	14	0	0	0	0	0	0	0	408	0	0	0	1808	717	0	1127	562	0	0	0	0	0
2015_11_17___Hiseq_4_RDB192_GCCAGAAT	0	367	0	0	0	0	461	0	254	0	110	0	0	740	0	0	0	0	1280	0	411	0	0	0	0	0	180	0	0	0	260	0	810	0	363	294	0	0	2876	0	221	0	18	0	0	431	0	623	226	0	913	0	0	32	183	0	665
2015_11_17___Hiseq_4_RDB193_CTCGAACA	0	0	0	0	0	584	793	0	938	0	0	0	264	0	5945	267	0	0	0	363	0	524	0	0	0	0	0	147	492	0	0	0	0	0	0	0	0	521	545	0	298	0	6495	682	0	768	347	3795	0	5908	2098	0	0	0	0	0	343
2015_11_17___Hiseq_4_RDB196_CTTCCTTC	371	904	166	0	0	0	0	0	0	0	0	0	0	0	0	0	0	0	0	0	0	838	0	0	0	732	244	1438	0	0	0	0	22	0	0	0	0	0	0	0	0	0	541	0	2353	5843	823	0	842	0	359	0	0	353	0	0	0
2015_11_17___Hiseq_4_RDB199_GTCCTTGA	0	2984	284	0	0	0	0	0	977	421	0	0	0	0	0	0	772	0	877	0	0	1703	0	0	0	0	573	0	0	1300	146	0	0	547	0	0	674	0	393	0	0	391	1714	0	0	30104	0	26	0	0	351	343	457	0	0	0	0
2015_11_17___Hiseq_4_RDB201_TACTCCAG	0	1121	0	1599	272	0	200	133	376	0	668	2076	0	0	0	0	0	0	658	0	0	13	0	0	76	0	0	0	0	0	0	0	0	0	0	370	0	0	26	0	0	26	352	0	6714	0	0	879	225	0	0	0	0	0	0	396	0
2015_11_17___Hiseq_4_RDB202_TCCACGTT	0	817	0	0	0	0	241	199	744	0	0	0	0	0	0	0	0	0	740	0	169	247	104	0	95	0	0	0	0	414	0	0	296	540	0	121	0	0	1718	0	461	0	0	0	73	368	0	597	668	0	2077	449	0	0	0	0	0
2015_11_17___Hiseq_4_RDB205_AAGAGGCA	0	35	27	0	0	55	1	0	1	0	23	0	8	18	14	0	53	15	162	0	0	0	15	54	0	0	0	8	0	0	0	1	148	1	227	0	0	0	0	73	3	1	29	13	103	52	0	120	54	0	117	0	19	0	0	10	13
2015_11_17___Hiseq_4_RDB207_ACTCAACG	0	27	0	0	0	0	70	0	0	0	0	0	0	0	0	2298	0	756	933	0	0	2531	0	0	405	0	0	0	0	0	234	1470	0	0	0	0	0	0	1131	0	0	0	77	0	0	95	978	711	1891	0	0	2788	0	0	0	0	0
2015_11_17___Hiseq_4_RDB210_AGCAGACA	0	1115	279	0	261	0	0	0	273	0	710	0	933	0	0	0	0	0	1573	0	0	316	455	0	112	725	0	0	0	0	699	0	1491	0	0	0	1065	0	0	0	0	0	0	1129	0	3016	586	1398	0	0	1908	0	0	0	0	0	0
2015_11_17___Hiseq_4_RDB211_AGCTTCAG	221	8	0	0	0	982	0	0	737	0	0	0	0	0	0	0	1096	0	0	0	0	0	0	0	0	0	251	0	0	0	0	0	311	0	0	0	0	583	0	0	0	0	496	0	0	4192	1343	286	358	0	12	83	0	113	0	0	0
2015_11_17___Hiseq_4_RDB212_AGGAGGTT	0	488	0	0	0	0	0	13	542	0	0	0	0	0	0	0	0	0	268	0	0	761	0	0	0	0	0	0	0	0	0	0	314	642	0	175	0	0	2244	0	822	0	275	0	694	628	0	1099	86	0	1187	155	0	0	0	0	0
2015_11_17___Hiseq_4_RDB213_AGGTTCCT	0	5505	993	0	0	0	395	0	1086	401	0	0	662	0	521	0	373	0	1552	0	345	0	0	0	0	0	0	0	0	0	351	0	2316	0	0	0	344	0	1176	0	0	0	3736	0	0	0	0	0	0	0	3648	0	0	0	0	0	0
2015_11_17___Hiseq_4_RDB214_AGTACACG	285	3723	0	0	1527	0	0	0	0	0	0	1309	0	0	0	0	661	438	25	0	0	0	0	0	0	0	0	0	550	0	0	0	813	0	878	0	0	522	0	0	0	0	1945	0	1075	0	812	2098	41	0	2016	782	0	0	0	0	0
2015_11_17___Hiseq_4_RDB216_ATCGGAGA	300	596	0	57	334	0	0	0	300	0	376	0	458	595	0	0	367	719	3538	0	0	0	0	0	0	86	0	0	0	545	0	0	147	439	0	0	567	0	0	204	0	0	1604	0	0	283	0	0	0	0	358	0	0	0	0	0	0
2015_11_17___Hiseq_4_RDB223_CTAAGACC	88	0	856	0	298	0	0	0	930	0	62	0	0	0	0	0	0	0	522	0	54384	0	180	159	0	0	0	629	369	0	0	0	1220	0	0	409	0	0	0	254	378	0	87992	0	61	523	123	572	653	159	4702	0	0	74	0	0	196
2015_11_17___Hiseq_4_RDB229_GCTAAGGA	0	0	0	0	0	0	0	0	106	0	0	0	0	0	0	0	0	864	1612	0	0	1015	0	0	0	0	0	0	0	0	0	0	0	2186	0	0	0	0	0	0	0	0	0	0	0	0	0	0	0	0	6024	0	0	0	0	0	0
2015_11_17___Hiseq_4_RDB230_GCTCAGTT	0	0	0	0	0	0	0	0	0	0	0	0	0	0	0	0	0	0	0	0	0	2302	0	0	0	0	0	0	0	0	0	0	2195	0	0	0	0	0	321	0	0	0	0	0	0	0	0	1546	589	0	0	0	0	0	0	0	0
2015_11_17___Hiseq_4_RDB231_GGACAGAT	0	950	0	0	0	0	0	0	0	0	0	0	419	0	0	0	0	0	316	0	0	0	0	0	0	0	0	0	0	0	0	0	3514	0	0	0	0	0	0	0	0	0	1080	0	0	0	0	559	0	0	1162	0	0	0	0	0	0
2015_11_17___Hiseq_4_RDB232_GGATCTGA	0	172	0	0	0	0	0	0	0	0	0	0	330	0	0	0	0	0	0	0	0	137	0	0	0	174	0	1657	0	0	0	0	1639	0	0	266	0	0	0	0	0	83	844	0	0	0	0	0	0	0	1113	0	0	0	0	0	0
2015_11_17___Hiseq_4_RDB233_GTTCCATG	0	446	0	0	0	0	0	0	0	0	0	0	163	0	0	0	0	0	0	0	0	0	0	0	0	0	0	0	0	0	0	0	3825	0	0	0	0	0	0	0	0	0	0	925	0	0	0	9	0	0	0	0	0	0	0	0	0
2015_11_17___Hiseq_4_RDB235_TAGCTGAG	0	3	0	0	0	0	0	0	0	0	0	0	0	0	0	0	0	0	0	0	0	722	0	0	0	0	0	572	0	0	0	0	0	0	0	0	0	0	655	0	0	0	0	0	0	0	0	2853	0	0	1662	0	0	0	0	0	0
2015_11_17___Hiseq_4_RDB236_TAGTCTCG	0	0	0	0	0	0	0	0	0	0	0	0	0	0	0	0	0	0	831	0	0	1219	0	0	304	0	0	1841	0	0	0	0	2477	72	0	0	0	0	0	0	2103	660	1074	0	0	0	0	0	32	0	563	0	0	0	0	0	0
2015_11_17___Hiseq_4_RDB237_TCCTGGTA	0	0	0	0	0	0	0	0	0	0	0	0	0	0	0	0	0	0	0	0	0	936	0	0	6	0	0	0	3	0	0	0	46	0	0	0	0	0	436	0	266	0	8	309	0	4	0	0	3	0	0	0	0	0	0	0	0
2015_11_17___Hiseq_4_RDB238_TCGATGAC	450	5365	0	0	0	0	0	0	0	0	0	0	0	0	0	0	0	0	11	0	2317	382	0	0	0	0	0	0	0	0	0	0	6127	0	0	0	0	1097	0	0	0	0	6081	0	0	0	0	0	1814	0	0	0	0	0	0	0	0
2015_11_17___Hiseq_4_RDB239_AACCACTC	0	0	0	0	0	0	0	0	0	0	0	0	1542	0	0	0	0	0	0	0	0	0	0	0	0	0	0	345	0	0	0	0	18	0	0	0	0	0	1402	2503	1625	0	12	0	0	0	1508	0	786	0	0	0	0	534	0	0	0
2015_11_17___Hiseq_4_RDB241_ACACCGAT	0	0	0	0	0	0	0	0	0	0	0	0	0	0	0	1144	0	0	0	0	0	773	0	0	331	0	0	0	0	0	408	0	0	0	0	0	0	0	759	0	0	0	0	0	0	0	0	534	0	0	0	0	980	0	0	0	0
2015_11_17___Hiseq_4_RDB242_ACACTCTG	0	445	0	0	0	433	0	0	0	0	0	0	0	0	476	0	2723	547	0	0	0	1053	0	0	0	0	1246	0	0	0	0	0	335	0	0	0	0	0	0	0	0	0	0	0	0	0	0	371	0	0	0	0	0	0	0	0	0
2015_11_17___Hiseq_4_RDB243_ACATGCCA	0	1647	0	0	0	1672	0	0	0	0	0	0	964	0	0	115	0	800	540	0	0	1293	0	0	0	0	2943	751	0	0	0	0	2590	0	0	0	0	0	0	0	0	0	0	0	0	0	0	902	0	0	0	0	0	0	0	0	0
2015_11_17___Hiseq_4_RDB244_ACGAATCC	0	1132	0	0	0	0	0	0	0	0	0	0	0	0	549	0	0	0	0	0	0	703	0	0	0	0	0	0	0	0	0	0	1078	613	79	0	0	0	0	0	0	0	809	0	0	567	0	0	0	0	634	0	0	0	0	311	0
2015_11_17___Hiseq_4_RDB245_AGAAGTGG	0	1597	0	0	0	0	0	0	0	0	0	0	0	0	0	0	0	0	0	0	0	1425	0	0	0	0	0	0	373	0	0	0	1218	0	0	0	0	0	0	0	0	0	508	0	0	0	0	506	0	0	0	0	0	0	0	0	0
2015_11_17___Hiseq_4_RDB247_AGGAACAC	0	0	0	0	0	0	0	0	0	0	0	0	0	0	0	457	0	0	840	0	0	0	0	0	0	0	0	0	0	0	0	0	0	0	0	0	0	0	714	0	0	0	0	0	0	0	0	333	828	0	0	0	0	0	0	0	0
2015_11_17___Hiseq_4_RDB91_TCGAGAGT	0	0	0	0	529	0	0	277	0	0	0	0	0	304	0	133	228	0	1349	0	0	0	228	227	0	0	138	1676	0	0	166	0	1916	856	370	1159	0	0	156	0	1388	0	883	0	0	16	0	1693	407	0	1629	544	76	0	141	0	199
2015_11_17___Hiseq_4_RDB92_GCGTATCA	0	0	0	0	0	0	558	0	0	0	303	274	0	0	0	0	0	0	626	0	0	0	13	0	16	473	0	556	0	0	173	0	506	0	159	8	0	0	130	0	271	0	259	0	0	0	0	557	0	413	904	225	0	96	0	0	0
2015_11_17___Hiseq_4_RDB93_TGTTCCGT	0	0	0	0	0	0	0	7	0	0	58	0	37	0	0	0	0	0	17	0	0	0	0	11	0	0	0	12	17	0	20	0	31	25	0	0	0	0	0	0	58	0	47	0	0	49	0	0	11	0	136	18	0	0	0	0	0
2015_11_17___Hiseq_4_RDB94_ATACTGGC	180	696	0	0	0	0	136	0	0	0	105	0	0	0	0	123	1295	0	666	0	0	0	51	491	0	365	165	1281	0	0	655	0	795	0	93	250	0	0	323	0	8	0	1117	0	0	762	215	764	1285	226	1085	0	0	0	0	432	110
2015_11_17___Hiseq_4_RDB96_GGTGTACA	0	424	0	626	0	0	0	0	102	0	0	0	187	0	279	0	392	0	3362	0	0	1072	579	0	357	584	0	1453	0	0	0	0	605	0	284	660	0	300	675	0	1398	0	789	0	0	1604	0	799	1465	231	1260	0	327	176	0	40	448
2015_11_17___Hiseq_4_RDB97_GTAACCGA	0	0	0	0	807	0	300	6	0	0	526	0	0	0	0	187	0	0	132	0	0	0	0	0	0	0	0	787	162	0	35	0	87	0	0	618	0	0	322	0	0	0	469	0	0	0	0	285	852	0	812	0	259	0	0	106	359
2015_11_17___Hiseq_4_RDB98_GTGTGTTC	0	255	3	0	0	195	0	0	0	253	114	379	197	0	0	6	0	0	639	0	0	0	0	293	0	0	130	15	0	0	40	87	3	0	0	72	0	0	4	0	7	0	338	0	0	0	0	292	289	0	399	105	0	68	0	0	0
2016_07_15___Hiseq_6_RDB274_ACCTCAGT	0	106	0	0	0	52	0	0	2525	315	0	1254	0	0	0	0	0	0	10	0	0	0	0	375	0	0	0	432	0	0	0	0	0	106	0	0	0	0	0	0	0	0	139	0	0	68	0	0	109	0	192	0	224	0	0	0	142
2016_07_15___Hiseq_6_RDB275_ACTATCGC	0	0	0	0	0	235	0	0	0	0	0	0	0	0	164	0	0	0	336	0	0	0	0	0	0	0	0	0	0	0	0	15	0	0	0	0	0	0	0	0	0	0	526	0	0	0	0	205	0	0	468	16	0	0	0	0	0
2016_07_15___Hiseq_6_RDB276_AGAAGCCT	0	0	9	0	0	94	0	0	0	0	0	0	290	0	0	0	0	0	12	0	0	0	0	0	63	0	436	0	0	0	0	0	0	0	0	267	0	0	512	0	0	0	372	0	0	0	0	7	83	0	277	0	272	0	0	0	0
2016_07_15___Hiseq_6_RDB277_AGTGGCAA	0	0	0	0	0	0	0	0	0	0	208	0	0	0	0	0	0	0	95	0	0	0	0	0	0	0	0	0	0	1904	0	0	0	107	0	0	0	0	0	0	0	0	0	0	0	0	0	0	0	0	135	0	0	0	0	0	0
2016_07_15___Hiseq_6_RDB281_CAAGTCGT	0	12	0	0	0	118	0	0	0	0	0	0	0	0	0	0	0	0	81	0	0	0	0	0	0	0	145	0	0	0	37	0	0	0	0	0	0	0	0	0	0	56	105	0	0	0	0	102	0	0	39	0	0	0	0	0	0
2016_07_15___Hiseq_6_RDB283_CCAACGAA	0	0	0	0	0	0	0	0	0	0	0	0	149	0	0	0	0	0	0	0	0	0	0	0	0	0	0	0	0	0	0	0	0	0	0	0	0	0	19	0	0	0	0	18	0	0	0	0	0	0	0	0	0	0	0	0	0
2016_07_15___Hiseq_6_RDB284_CCTGTCAA	0	89	0	144	0	40	0	0	0	0	0	303	0	0	0	64	0	0	131	0	0	163	0	0	0	0	334	0	0	37	0	203	0	0	153	0	435	5	290	0	0	0	206	0	0	0	0	96	60	0	38	47	0	0	0	0	0
2016_07_15___Hiseq_6_RDB285_CGACACTT	0	15	0	0	0	0	0	0	0	0	0	0	0	0	0	0	43	0	0	0	0	128	0	87	0	0	0	197	0	0	0	0	0	0	0	0	0	0	0	0	331	0	0	0	0	0	0	111	0	0	80	0	0	0	0	0	0
2016_07_15___Hiseq_6_RDB286_CGGTTGTT	0	0	0	0	0	0	0	0	0	0	0	0	0	0	0	0	0	0	178	0	0	0	0	0	0	0	0	0	0	0	0	0	0	74	0	0	0	0	0	0	0	0	0	0	0	0	0	136	0	0	0	0	0	0	0	0	0
2016_07_15___Hiseq_6_RDB287_CTACATCC	0	0	0	34	0	0	202	0	0	0	0	0	0	0	128	0	0	0	0	258	0	0	0	0	0	0	0	145	0	0	0	115	0	327	0	0	246	286	0	0	0	0	0	0	0	0	0	156	0	0	0	0	555	0	0	0	0
2016_10_13___Hiseq_7_BC56_TATCCAGG	0	0	0	0	0	0	0	0	0	0	0	0	0	0	0	0	0	0	34	0	0	0	0	0	0	0	0	0	0	0	0	0	104	0	0	0	0	0	0	0	5	0	0	0	0	0	0	0	75	0	0	0	0	0	0	0	0
2016_10_13___Hiseq_7_BC58_CCAACATT	0	0	0	0	0	0	0	0	0	0	0	0	0	0	0	0	0	0	0	0	0	0	0	0	83	0	0	996	0	38	0	0	0	0	0	0	0	0	0	0	0	0	0	0	0	0	0	229	0	0	0	0	136	0	0	0	0
2016_10_13___Hiseq_7_BC59_GCCGTCGA	0	0	0	0	0	66	49	0	0	0	0	0	0	0	77	0	0	0	0	75	0	96	0	0	0	0	0	0	0	0	0	60	0	0	0	0	0	0	31	0	0	0	56	0	0	0	0	59	0	154	115	0	0	0	0	0	0
2016_10_13___Hiseq_7_BC60_TATCTGCC	0	0	0	0	0	135	0	0	0	0	0	0	0	22	0	0	0	0	0	0	0	0	0	0	0	0	0	0	154	0	0	0	0	0	0	0	0	0	0	0	0	0	115	0	0	0	0	76	0	0	0	0	0	0	0	0	0
2016_10_13___Hiseq_7_BC61_ACTAAGAC	53	0	0	0	0	72	0	0	0	0	0	384	0	0	0	0	0	0	422	0	0	34	0	0	0	0	0	310	0	0	0	0	0	0	96	0	0	0	60	0	0	19	0	0	0	0	0	172	244	0	310	0	0	0	0	0	0
2016_10_13___Hiseq_7_BC62_CGCCTTCC	0	223	0	0	0	0	0	0	0	0	0	0	19	0	0	0	0	0	71	0	0	236	0	0	0	0	0	497	0	0	0	0	0	0	0	0	0	0	0	0	0	0	89	0	0	0	158	70	0	0	0	69	71	0	0	0	0
2016_10_13___Hiseq_7_BC67_GTAACATC	0	22	175	0	0	0	0	0	0	0	0	0	0	0	0	59	0	0	133	0	0	0	0	0	0	0	0	0	0	0	0	0	0	0	0	0	0	0	0	0	0	0	0	10	0	0	0	29	0	0	330	0	0	0	0	0	0
2016_10_13___Hiseq_7_BC68_TGTAATCA	0	0	0	0	0	0	0	0	0	0	0	0	0	0	49	0	0	0	0	0	252	0	0	0	0	0	0	0	0	0	0	75	0	49	97	0	0	0	0	8	0	0	45	0	0	0	35	0	47	0	0	140	0	0	0	0	0
2016_10_13___Hiseq_7_BC69_ATTATCAA	33	0	0	0	0	0	0	0	0	0	0	0	0	0	0	0	0	0	0	0	89	0	0	0	0	0	0	0	0	0	0	0	80	0	0	0	0	0	175	0	0	0	0	72	0	0	0	0	0	0	0	0	0	0	0	0	0
2016_10_13___Hiseq_7_BC71_GTCCACAG	0	0	0	0	0	26	0	0	0	0	0	0	0	0	93	0	0	0	0	0	0	0	0	0	0	0	0	0	0	0	0	0	0	0	0	0	0	0	0	0	0	0	0	0	0	0	0	0	0	0	23	0	0	0	0	0	0
2016_10_13___Hiseq_7_BC72_TTGTCTAT	0	22	126	0	390	0	90	47	0	0	521	104	0	0	0	0	0	0	675	0	0	82	1787	0	0	0	0	0	69	31	0	31	0	21	12	37	25	0	93	1235	527	237	242	0	0	0	0	0	184	0	402	1484	0	0	0	40	39
2016_10_13___Hiseq_7_BC73_AACAATGG	16	106	0	0	0	0	201	0	0	0	0	0	0	0	0	0	0	0	234	0	0	0	0	0	0	0	0	76	0	0	0	0	0	0	0	0	0	0	75	0	82	0	0	144	0	0	0	0	0	0	0	103	0	0	0	0	0
2016_10_13___Hiseq_7_BC74_ATTCCTCT	44	137	92	0	0	0	0	29	0	0	0	0	0	29	0	0	0	0	395	0	6	0	0	0	0	0	0	189	0	0	0	0	0	0	23	0	45	0	93	0	0	60	79	0	0	304	0	28	206	0	2054	0	125	0	0	0	168
2016_10_13___Hiseq_7_BC75_GAAGGAAG	0	0	33	0	72	0	34	0	0	0	0	0	0	0	0	105	0	0	303	0	0	0	0	0	56	0	0	0	0	0	0	34	30	0	0	0	0	0	0	0	72	0	0	0	0	0	0	0	0	0	145	300	0	22	0	0	0
2016_10_13___Hiseq_7_BC77_ACAGTTGA	0	0	0	0	253	0	0	54	0	0	0	0	99	0	0	0	0	0	0	0	0	30	0	0	0	0	0	0	0	131	0	0	0	0	0	0	0	22	49	0	0	0	0	0	0	0	0	0	138	0	104	133	0	0	0	61	20
2016_10_13___Hiseq_7_BC78_CAATAGTC	0	0	0	0	0	0	0	0	0	0	0	0	0	0	0	0	0	0	0	0	0	0	0	0	0	0	0	0	0	0	37	0	0	0	0	0	0	0	0	0	0	0	0	0	0	0	0	0	0	0	0	0	0	0	0	0	0
2016_10_13___Hiseq_7_BC80_TCTGCAAG	0	0	0	0	0	0	0	5	0	0	0	0	0	0	0	0	0	0	0	0	0	0	0	0	0	0	166	0	0	0	0	0	414	0	0	0	0	0	0	0	0	0	132	0	0	0	0	939	0	0	0	0	0	0	0	0	0
2016_10_13___Hiseq_7_BC81_ACTGTATC	0	88	0	0	0	53	0	5	0	0	0	0	0	0	0	0	5	0	4	0	0	0	0	0	0	0	0	0	0	0	19	5	4	0	0	0	0	0	0	0	5	22	13	0	0	4	0	0	80	0	11	0	0	0	0	0	0
2016_10_13___Hiseq_7_BC82_CCAGCACC	0	67	0	134	0	0	0	0	0	0	0	0	0	0	0	0	0	0	90	0	0	0	0	0	0	0	0	0	0	0	0	0	0	0	0	0	0	0	0	0	0	0	0	0	0	0	0	6	0	0	79	0	0	0	0	0	0
2016_10_13___Hiseq_7_BC84_TGCAAGTA	0	107	0	0	0	0	0	0	0	0	0	0	0	0	0	0	0	0	67	28	0	0	49	0	0	0	0	0	0	0	0	0	28	0	0	0	8	0	0	0	0	0	0	0	0	14	0	0	0	0	63	0	33	0	0	0	152
2016_10_13___Hiseq_7_BC85_AGCATGGA	0	0	0	0	0	0	0	0	0	81	0	0	0	0	0	0	0	0	0	0	0	0	0	0	0	0	0	0	0	0	0	0	0	0	0	0	0	0	0	0	0	0	0	0	0	0	0	35	0	0	241	0	0	0	0	0	0
2016_10_13___Hiseq_7_BC86_CGCTATGT	0	0	0	0	0	5	0	5	0	115	231	478	0	0	0	26	0	0	36	29	0	0	0	0	0	0	108	0	0	0	0	0	73	0	71	0	17	237	0	0	0	0	2	0	0	0	0	41	0	0	0	38	97	0	0	0	0
2016_10_13___Hiseq_7_BC87_GATATCCA	0	3	0	1	0	2	0	0	0	0	57	0	0	0	0	0	0	0	5	10	0	0	0	0	0	0	2	2	2	0	0	0	55	0	0	0	3	6	0	0	0	0	12	0	0	7	6	11	10	0	23	5	20	29	0	0	1
2016_10_13___Hiseq_7_BC88_TGTAACTC	0	0	0	0	0	0	103	442	0	0	0	0	0	0	0	0	0	0	0	0	0	0	0	0	0	0	0	0	0	0	0	0	120	0	151	0	0	0	0	0	0	0	0	0	0	0	0	0	57	0	0	4	0	0	0	0	0
2016_10_13___Hiseq_7_BC90_CTGCGGAT	0	0	0	0	0	0	60	0	0	0	0	0	0	0	65	0	0	0	205	0	0	0	0	0	0	0	0	11	0	0	33	0	0	0	0	0	0	0	0	0	0	0	71	0	0	0	0	173	0	0	268	0	0	0	0	0	0
2016_10_13___Hiseq_7_BC91_GCAGCCGT	0	0	0	0	0	0	32	0	0	0	0	0	0	0	0	0	0	0	433	0	0	0	0	0	0	0	0	0	0	0	0	0	0	0	0	0	0	0	0	0	0	0	0	0	0	0	0	208	0	0	282	0	0	0	0	0	0
2016_10_13___Hiseq_7_BC92_TTAATCAG	0	0	49	126	0	0	0	31	0	0	0	42	0	0	0	0	0	0	96	0	214	0	0	0	0	0	0	178	0	0	0	0	0	0	0	0	0	0	61	0	0	71	33	0	0	122	0	0	0	0	5	109	0	0	0	0	22
2016_10_13___Hiseq_7_BC93_AGGTGCGA	0	0	0	0	0	0	0	0	0	0	0	0	0	0	0	0	0	0	0	0	0	0	0	0	0	0	0	0	0	0	0	0	0	0	0	0	0	0	0	0	0	0	0	0	0	0	0	101	0	28	0	0	0	40	0	0	0
2016_10_13___Hiseq_7_RDB140_TGCTGTGA	0	0	2	0	0	0	4	0	0	0	0	0	0	0	5	0	0	0	6	0	0	4	5	0	0	0	0	0	0	14	0	0	0	4	0	5	0	0	0	3	20	0	3	0	0	0	0	0	0	0	0	0	4	0	0	0	3
2016_10_13___Hiseq_7_RDB142_CACACATC	0	0	0	0	0	0	0	0	0	0	0	0	0	0	0	8	0	0	0	0	0	0	0	0	0	0	0	0	0	0	0	120	0	0	0	0	0	0	34	0	0	0	0	0	0	0	0	0	0	0	0	0	0	0	0	0	0
2016_10_13___Hiseq_7_RDB143_CAGGTTCA	0	0	0	0	0	0	0	119	0	0	0	0	0	0	0	113	0	0	0	0	0	84	0	0	0	0	0	0	0	0	0	0	0	0	0	0	0	0	235	0	0	0	13	0	0	0	0	0	0	0	638	0	0	0	0	0	0
2016_10_13___Hiseq_7_RDB144_CGATGTTC	73	0	0	0	0	0	79	0	0	0	0	0	0	0	120	0	161	0	64	0	0	0	0	0	0	0	0	0	0	0	0	0	0	0	0	0	0	0	0	0	0	0	84	0	0	0	0	0	0	0	0	0	0	0	0	0	0
2016_10_13___Hiseq_7_RDB145_GTCTGCAA	0	0	0	0	0	123	0	0	0	0	0	0	0	0	0	0	0	0	0	0	0	0	0	0	0	0	0	0	0	0	0	76	0	0	0	0	0	0	0	0	417	0	2748	0	0	0	0	0	0	0	0	0	0	0	0	0	0
2016_10_13___Hiseq_7_RDB146_GTTATGGC	0	0	0	12	0	0	0	0	0	221	0	0	0	0	0	9	0	12	0	0	0	0	0	0	0	0	0	0	0	0	0	0	0	0	0	0	0	0	9	0	0	0	26	0	0	0	0	0	0	0	14	0	22	0	0	0	0
2016_10_13___Hiseq_7_RDB245_AGAAGTGG	0	0	0	0	0	0	0	0	0	0	281	0	0	0	0	0	0	0	0	0	0	218	0	0	0	0	0	0	0	0	0	0	0	0	0	0	0	0	0	0	0	0	0	0	0	0	0	0	0	0	298	0	0	0	0	0	0
2016_10_13___Hiseq_7_RDB246_AGCTAGTG	0	150	0	0	0	0	0	0	0	0	0	0	0	0	0	0	0	0	562	0	0	152	0	0	0	0	0	0	0	0	118	100	0	0	0	0	0	0	0	0	0	0	0	0	0	0	0	160	0	0	529	0	0	0	0	0	0
2016_10_13___Hiseq_7_RDB247_AGGAACAC	55	289	24	0	0	0	0	0	0	0	0	0	0	0	122	0	0	0	144	0	72	0	0	0	43	0	0	0	432	0	0	0	0	0	52	0	0	112	27	0	0	0	119	0	0	0	169	26	242	0	314	197	104	0	0	0	0
2016_10_13___Hiseq_7_RDB248_AGTCAGGT	0	0	0	0	0	0	0	0	0	0	245	0	0	0	108	0	0	0	289	0	0	0	0	0	0	0	0	0	0	0	0	0	0	0	0	0	0	0	0	0	280	0	0	61	0	0	0	221	0	0	0	0	0	0	0	0	0
2016_10_13___Hiseq_7_RDB270_AATCGCTG	0	0	92	0	0	0	0	0	0	0	0	303	0	0	0	0	0	0	205	0	252	211	0	0	0	0	0	0	0	0	0	0	0	0	138	0	0	0	0	0	0	0	3121	0	0	0	0	0	0	0	119	0	0	0	0	0	0
2016_10_13___Hiseq_7_RDB271_ACACGAGA	0	0	0	0	0	0	0	0	0	0	989	0	696	0	0	0	0	0	456	0	0	0	0	0	0	0	0	0	0	0	0	110	0	0	0	0	0	0	0	0	0	0	0	0	141	0	0	0	0	0	0	0	0	0	0	0	0
2016_10_13___Hiseq_7_RDB272_ACATGGAG	0	0	0	0	314	156	0	0	0	0	136	0	0	0	125	0	0	0	0	0	0	0	0	0	0	0	0	0	0	0	0	0	0	0	0	0	0	0	0	0	0	0	0	84	0	0	0	55	0	0	0	0	213	0	0	0	0
2016_10_13___Hiseq_7_RDB273_ACCAAGCA	0	0	9	0	0	0	0	0	0	0	0	0	0	0	0	0	0	18	30	0	0	0	0	0	0	0	0	0	0	0	0	0	0	0	0	0	0	0	11	2	0	0	0	0	0	0	0	10	0	0	2	0	0	0	0	0	0
2016_10_13___Hiseq_7_RDB274_ACCTCAGT	0	0	0	0	0	192	0	0	0	96	60	0	0	0	0	0	0	0	679	0	540	0	756	1021	0	0	0	0	0	0	0	0	0	127	0	816	0	0	0	1774	0	0	197	0	0	844	0	0	0	0	6015	0	0	0	0	0	1717
2016_10_13___Hiseq_7_RDB277_AGTGGCAA	0	0	0	0	0	0	0	0	0	0	0	0	0	0	0	142	300	406	0	0	0	0	0	0	0	0	0	0	0	0	0	0	0	0	0	85	0	86	0	0	223	0	67	0	181	0	0	0	0	35	154	0	98	0	0	0	0
2016_10_13___Hiseq_7_RDB278_ATGCCTAG	0	0	0	0	0	0	0	0	0	0	0	0	72	0	0	0	0	0	91	0	0	0	0	0	0	0	0	0	0	0	103	140	0	0	0	37	0	0	0	0	0	0	80	0	0	0	0	0	0	0	0	64	0	0	0	0	0
2016_10_13___Hiseq_7_RDB279_CAACTTGG	0	0	0	0	0	0	0	0	0	0	421	0	0	0	100	0	0	0	144	0	0	0	0	0	0	0	0	0	0	0	0	190	0	0	0	0	0	0	0	0	0	0	0	86	0	0	0	685	0	0	0	0	0	0	0	0	0
2016_10_13___Hiseq_7_RDB280_CAAGGTAC	0	32	0	0	0	0	0	0	0	1212	103	0	0	0	0	0	0	0	1815	165	0	274	0	0	0	0	0	223	0	0	0	0	38	0	0	0	0	0	0	0	0	0	497	133	0	0	0	0	836	71	120	0	0	0	0	0	0
2016_10_13___Hiseq_7_RDB281_CAAGTCGT	0	190	0	0	0	0	0	0	0	0	0	0	0	0	0	155	0	0	24	0	0	0	0	0	0	0	0	0	0	0	0	0	0	0	0	0	0	0	0	0	0	0	0	100	0	0	0	86	0	0	0	0	0	0	0	0	316
2016_10_13___Hiseq_7_RDB283_CCAACGAA	0	162	0	0	0	90	0	0	0	0	796	0	286	0	184	0	0	0	0	0	0	0	0	0	0	0	0	0	0	0	0	208	0	0	0	0	0	0	322	0	0	0	0	0	0	193	0	0	230	0	0	43	0	0	0	0	0
2016_10_13___Hiseq_7_RDB284_CCTGTCAA	0	0	0	0	0	0	0	0	0	0	0	0	0	0	0	0	0	0	0	0	0	0	0	0	0	0	0	0	0	0	0	0	0	0	0	0	459	0	0	0	0	0	0	0	0	0	0	0	0	0	207	0	0	0	0	0	0
2016_10_13___Hiseq_7_RDB285_CGACACTT	0	0	0	0	0	321	0	0	0	0	0	0	0	0	0	0	0	0	0	0	0	0	0	0	0	0	0	0	0	0	0	0	0	0	0	0	0	0	0	0	0	0	1696	0	0	0	0	0	105	100	0	115	0	0	0	0	0
2016_10_13___Hiseq_7_RDB286_CGGTTGTT	0	380	0	0	0	102	0	0	0	0	0	0	0	0	0	0	0	0	13	0	0	0	0	0	0	0	0	0	0	0	25	0	0	0	0	0	0	0	0	0	0	0	0	0	0	0	0	0	0	0	0	0	0	0	0	0	0
2016_10_13___Hiseq_7_RDB287_CTACATCC	0	186	0	0	0	0	0	0	0	0	347	0	0	43	0	137	0	0	0	0	0	0	0	0	0	0	0	352	0	0	257	0	406	0	0	0	0	0	0	0	0	114	2774	0	362	0	187	0	0	45	0	0	0	0	26	0	0
2016_10_13___Hiseq_7_RDB289_GGAGTCTT	0	0	35	0	0	0	0	0	0	0	0	0	0	0	82	0	0	0	302	82	0	0	0	0	0	0	0	0	0	0	0	0	0	0	0	0	0	0	191	0	0	145	278	0	0	0	0	10	0	527	0	0	0	0	0	0	0
2016_10_13___Hiseq_7_RDB290_GTAGTACC	0	86	0	0	98	0	2640	0	0	0	666	0	0	0	0	0	0	0	223	0	0	0	0	0	0	0	349	0	0	0	35	165	0	0	0	0	0	0	486	0	0	0	153	0	0	0	199	0	0	0	0	29	0	0	0	0	0
2016_10_13___Hiseq_7_RDB292_AAGCATCG	0	398	200	0	0	7	0	31	0	0	0	0	229	6	0	0	0	0	0	0	159	92	992	89	0	101	0	0	0	70	0	123	0	0	0	75	0	0	0	469	81	138	85	21	0	651	0	0	40	0	2114	161	0	0	0	0	0
2016_10_13___Hiseq_7_RDB293_AAGCGTTC	0	0	0	0	0	0	0	0	0	0	0	0	0	0	0	0	0	0	348	0	0	0	28	0	0	0	0	0	0	0	0	0	0	0	0	0	0	0	0	0	0	0	0	0	0	0	0	0	0	0	0	0	0	0	0	0	0
2016_10_13___Hiseq_7_RDB294_ACAACAGC	0	0	0	0	0	0	0	0	0	0	0	0	0	0	0	0	0	0	0	0	0	0	0	0	0	0	0	0	0	0	0	0	0	0	0	0	0	0	0	0	42	0	123	0	0	0	0	0	25	0	0	0	0	0	0	0	0
2016_10_13___Hiseq_7_RDB296_ACCGACAA	0	0	0	0	0	0	0	0	0	0	0	0	0	0	0	0	0	0	0	0	0	0	0	0	0	0	0	0	0	0	0	0	0	0	0	78	0	0	0	0	0	0	0	0	0	0	0	9	0	0	0	0	0	0	0	0	0
2016_10_13___Hiseq_7_RDB300_CGAACAAC	0	239	0	0	0	128	0	0	0	0	7	672	0	0	0	0	20	0	813	0	0	0	74	0	0	0	0	0	0	0	286	0	0	0	0	0	0	0	263	346	622	0	1146	0	0	0	0	303	0	0	0	0	0	111	0	0	0
2016_10_13___Hiseq_7_RDB302_CTCGTTCT	0	0	0	0	0	0	0	0	0	0	0	0	0	0	0	0	0	0	146	0	279	0	0	0	0	0	0	0	0	0	0	0	0	0	0	0	0	0	0	250	0	0	4772	0	0	0	0	0	0	244	0	0	0	0	0	0	0
2016_10_13___Hiseq_7_RDB303_TCCTCATG	0	0	0	0	0	0	0	0	0	0	0	0	0	0	0	0	0	0	8	0	0	0	0	0	0	0	0	0	0	0	0	53	0	0	0	0	0	0	0	0	0	0	27682	0	0	0	0	37	0	0	0	0	0	0	0	0	0
2016_10_13___Hiseq_7_RDB304_AACCAGAG	0	33	0	0	0	80	0	0	0	0	0	0	0	0	0	0	0	0	0	233	0	0	0	0	0	0	0	0	0	0	0	0	0	0	0	0	0	0	0	348	0	0	0	0	0	0	0	0	0	0	0	17	0	0	0	79	0
2016_10_13___Hiseq_7_RDB306_ACGAACGA	0	0	0	0	119	0	0	0	0	0	0	0	0	0	0	0	0	0	14	68	0	0	0	0	0	0	0	0	0	0	0	0	103	194	0	0	0	0	0	0	0	0	181	0	0	0	252	0	0	0	0	0	0	0	0	0	0
2016_10_13___Hiseq_7_RDB309_ACTCTGAG	0	0	0	0	0	0	0	0	0	0	0	0	0	0	116	0	0	0	114	0	23	0	0	0	0	0	0	0	0	0	0	0	0	0	0	0	19	0	0	0	326	0	232	0	0	0	0	0	0	0	0	47	0	0	0	0	0
2016_10_13___Hiseq_7_RDB310_ACTGCACT	0	0	0	0	0	0	0	0	0	0	0	0	0	0	27	0	0	0	131	167	0	0	0	0	0	0	0	0	0	0	0	0	0	0	14	0	0	0	0	0	0	0	298	0	0	0	0	0	42	0	56	17	0	0	0	0	0
2016_10_13___Hiseq_7_RDB311_ACTGCGAA	0	36	0	0	0	340	0	0	0	0	0	0	0	0	0	0	0	0	88	56	0	0	0	0	0	0	0	0	0	0	0	0	0	0	0	0	0	0	0	0	0	0	39	10	0	0	0	0	0	0	299	0	0	0	0	0	0
2016_10_13___Hiseq_7_RDB313_AGAGACTC	0	0	0	0	0	0	0	0	0	0	0	0	0	0	0	0	0	227	0	401	0	0	0	0	0	0	0	0	0	0	0	0	151	0	0	0	0	0	0	0	0	0	0	0	0	0	0	0	0	0	250	0	0	0	0	0	0
2016_10_13___Hiseq_7_RDB315_CTGATGAG	99	0	0	0	58	15	979	0	0	49	130	0	0	0	0	0	0	32	68	407	0	0	0	0	0	0	0	0	0	0	9365	0	116	0	0	0	0	0	115	8	0	0	51376	0	555	12	95	1528	41	13	15	0	0	0	0	0	0
2016_10_13___Hiseq_7_RDB316_GAACGTGA	333	0	0	0	0	0	239	0	0	0	0	0	0	0	0	0	0	0	0	0	283	0	0	0	0	0	0	0	0	0	2071	0	0	0	0	0	0	0	0	0	0	0	21788	0	0	0	30	303	31	60	96	0	0	0	0	0	0
2016_10_13___Hiseq_7_RDB318_ACACTACC	0	0	0	0	0	0	0	0	0	0	0	0	0	0	0	0	0	47	700	233	0	0	0	0	0	0	0	0	0	0	0	0	0	0	0	0	0	0	83	198	0	0	14	0	0	0	0	0	103	0	80	0	0	0	0	0	0
2016_10_13___Hiseq_7_RDB319_ACAGTGAC	0	0	0	0	0	132	0	0	0	0	0	0	0	0	0	0	0	0	0	44	0	0	0	0	0	0	0	0	0	59	0	0	0	0	0	0	0	0	17	0	0	0	0	0	0	0	0	0	0	0	0	0	0	0	0	0	0
2016_10_13___Hiseq_7_RDB321_AGGTGTTG	0	198	0	0	0	0	0	0	0	0	70	0	0	0	0	0	0	0	93	100	10	0	0	0	0	0	0	0	0	0	0	0	0	0	0	0	0	0	0	0	0	0	813	0	0	0	0	0	0	0	879	214	0	0	0	0	0
2016_10_13___Hiseq_7_RDB322_CTCGGTAA	0	0	0	0	0	0	0	0	0	0	0	0	0	0	0	0	0	170	419	0	0	0	0	0	0	0	0	0	0	0	0	0	0	41	0	0	0	111	39	0	54	0	347	0	0	0	0	0	185	0	401	0	0	0	0	0	0
2016_10_13___Hiseq_7_RDB323_ACGATCAG	0	0	0	0	0	0	0	0	0	0	0	0	0	268	0	0	0	0	208	212	0	306	0	0	0	0	0	0	0	0	0	0	0	0	0	0	0	0	0	0	0	0	0	0	0	0	25	75	83	0	0	0	0	0	0	0	0
2016_10_13___Hiseq_7_RDB324_AAGTGCAG	0	0	0	0	0	0	0	0	0	0	143	0	0	0	0	107	0	0	6	0	0	0	0	0	0	0	0	0	0	0	0	0	0	0	0	17	0	0	0	0	0	0	93	0	0	0	0	0	423	25	0	0	135	0	0	0	0
2016_10_13___Hiseq_7_RDB325_ACAACGTG	0	0	0	0	0	0	0	0	0	0	0	0	0	0	0	0	0	0	0	412	0	70	0	0	0	0	0	0	0	0	0	0	0	0	0	0	0	0	0	0	0	0	425	22	0	0	0	0	0	0	0	49	0	0	0	0	0
2016_11_30___Hiseq_8_BC10_GGTCCAGA	0	0	0	0	0	0	0	0	0	0	553	0	0	0	58	0	0	0	369	0	0	0	0	0	0	0	0	0	0	12	42	0	0	0	0	71	0	0	0	208	364	0	369	0	0	0	0	0	210	0	0	0	0	0	0	0	0
2016_11_30___Hiseq_8_BC11_GTATAACA	0	0	124	0	0	0	0	0	0	0	0	0	0	0	0	0	0	0	0	0	0	0	0	0	0	0	0	68	0	0	12	0	0	0	0	149	0	0	0	0	0	0	6	0	0	0	0	15	0	43	0	0	0	0	0	0	0
2016_11_30___Hiseq_8_BC12_TTCGCTGA	0	0	0	0	0	0	0	0	0	0	0	0	80	0	0	0	0	0	0	0	0	0	0	0	0	0	0	0	0	0	0	0	0	0	0	0	0	0	0	0	0	0	0	60	0	0	0	0	0	23	159	0	0	0	0	0	0
2016_11_30___Hiseq_8_BC14_CACATCCT	0	0	1933	0	0	306	0	0	0	0	0	0	0	0	0	0	0	0	854	0	0	0	359	0	0	0	0	324	0	0	22	0	0	0	0	243	0	0	0	855	1008	0	262	0	0	0	0	0	279	0	2697	9	0	0	0	0	1480
2016_11_30___Hiseq_8_BC18_TCTGGCGA	17	81	0	0	0	0	15	0	0	0	0	0	0	42	0	0	0	0	0	0	117	0	0	0	0	0	0	0	0	0	0	34	0	0	0	0	0	0	0	0	0	0	63	0	0	0	0	0	0	1088	0	0	0	0	12	0	0
2016_11_30___Hiseq_8_BC21_TGTCGGAT	0	39	0	0	0	203	0	0	0	0	0	0	0	0	0	0	0	183	0	0	0	0	0	0	0	0	0	0	0	0	0	0	0	0	0	0	0	0	0	0	0	0	0	0	0	0	0	0	0	0	0	0	0	0	27	0	0
2016_11_30___Hiseq_8_BC22_ATTATGTT	0	0	0	0	0	13	0	0	0	0	0	0	0	0	0	0	0	0	136	0	0	0	0	0	0	0	0	0	0	0	0	0	0	0	0	0	0	0	0	0	0	0	14	0	0	0	0	0	121	0	0	0	0	0	0	0	0
2016_11_30___Hiseq_8_BC23_CCTACCAT	0	95	0	0	0	0	0	0	0	0	0	0	0	0	0	0	0	0	403	32	0	0	0	0	0	0	0	0	0	0	0	0	7	84	0	0	0	0	0	0	0	0	0	0	0	0	0	0	66	0	38	0	0	0	0	0	0
2016_11_30___Hiseq_8_BC24_TACTTAGC	4	0	0	0	27	3	0	0	0	0	0	0	0	136	0	0	0	801	3356	44	0	0	19	0	0	0	0	239	0	80	0	0	0	161	0	0	0	0	0	0	0	0	1220	13	0	0	0	35	8	0	218	0	114	0	0	0	0
2016_11_30___Hiseq_8_BC25_GAAGAAGT	0	0	0	0	0	0	0	0	0	0	0	0	0	0	0	0	0	0	87	112	565	0	0	140	0	0	0	0	506	0	20	0	0	0	0	0	0	0	0	0	0	0	18	0	0	0	0	0	15	0	0	0	0	0	0	0	0
2016_11_30___Hiseq_8_BC27_GACAGTAA	0	0	0	0	0	0	0	42	0	0	0	0	0	0	0	202	0	0	0	14	0	0	0	0	0	0	0	0	0	0	0	0	0	0	0	0	0	0	0	0	0	0	96	0	0	62	0	0	0	0	0	0	0	0	0	0	0
2016_11_30___Hiseq_8_BC28_CCTATGCC	0	33	0	19	0	0	0	0	0	0	173	0	33	7	0	0	0	0	0	349	0	0	0	0	0	0	0	0	0	0	0	0	0	0	0	45	0	0	0	0	0	0	0	0	0	0	0	27	52	0	0	33	0	0	0	0	0
2016_11_30___Hiseq_8_BC29_TCGCCTTG	0	0	0	0	0	177	0	0	0	0	0	0	0	0	0	0	0	0	6	0	0	0	0	5	0	0	0	0	0	0	0	0	0	0	0	0	0	0	0	0	57	71	119	0	0	0	0	0	172	0	75	0	0	0	0	0	0
2016_11_30___Hiseq_8_BC2_CATGCTTA	0	0	0	0	0	0	0	0	0	0	0	0	0	0	0	154	0	0	0	89	0	0	0	0	0	0	0	0	0	0	0	0	0	0	0	0	0	0	0	0	0	0	0	0	0	0	0	0	0	24	0	0	0	0	11	0	0
2016_11_30___Hiseq_8_BC30_ATAGCGTC	0	0	105	0	0	0	0	0	0	0	0	0	0	0	0	0	0	0	0	225	42	0	0	0	0	0	0	0	0	0	0	0	0	64	0	0	0	0	0	0	0	0	185	8	0	0	0	0	40	0	0	0	0	0	0	0	0
2016_11_30___Hiseq_8_BC31_GTCGCCTT	0	29	0	0	0	0	0	0	0	0	0	0	0	0	0	0	0	0	325	90	0	0	0	0	0	0	0	0	0	0	0	0	0	0	0	0	0	0	39	0	0	0	0	0	0	23	0	223	86	0	426	0	0	0	0	0	0
2016_11_30___Hiseq_8_BC34_GTCTGATG	0	0	0	0	0	0	0	0	0	0	0	0	0	0	0	0	0	53	100	0	244	39	0	0	0	0	0	0	0	0	0	0	0	0	0	0	0	0	34	0	0	0	1563	0	0	0	0	70	0	0	0	203	0	0	0	0	0
2016_11_30___Hiseq_8_BC35_TTACGCAC	0	84	0	0	0	67	0	0	228	0	0	0	0	0	70	0	48	53	155	282	0	0	0	0	0	0	0	0	0	0	0	0	0	0	0	0	0	0	81	0	0	0	10958	0	0	0	0	46	161	87	0	0	0	0	0	0	0
2016_11_30___Hiseq_8_BC36_TTGAATAG	0	0	0	0	0	89	0	0	0	0	0	0	0	0	0	0	0	0	0	60	0	0	0	0	0	0	0	0	0	0	0	52	0	0	0	0	0	0	0	0	0	0	0	0	0	0	0	0	0	0	0	0	0	0	0	0	0
2016_11_30___Hiseq_8_BC37_AAGACACT	5	0	0	0	0	0	0	0	0	0	0	0	0	0	0	0	0	0	0	0	0	0	0	0	0	0	0	0	0	0	0	0	0	0	0	58	0	0	153	0	0	0	348	0	0	0	0	0	165	0	340	0	0	0	0	0	0
2016_11_30___Hiseq_8_BC38_CAGCAAGG	0	0	0	0	0	122	0	0	0	0	0	0	0	0	0	0	0	0	0	0	781	80	0	0	0	0	0	0	0	0	0	0	0	0	0	0	0	0	0	0	0	0	7747	90	0	0	0	0	0	0	0	83	291	0	0	0	0
2016_11_30___Hiseq_8_BC3_GCACATCT	0	0	0	0	0	0	0	0	0	0	0	0	0	184	0	0	0	0	363	0	0	0	0	0	0	44	0	0	0	0	30	0	0	0	0	25	0	0	34	0	0	0	104	0	0	0	0	47	130	0	0	0	0	0	0	0	0
2016_11_30___Hiseq_8_BC40_CCAGAGCT	0	0	0	0	0	0	0	0	0	0	0	0	0	0	0	0	0	0	0	208	0	0	0	0	0	0	0	0	0	0	0	0	0	0	0	0	0	0	45	0	233	0	636	0	0	0	11	0	0	0	31	0	0	0	0	0	0
2016_11_30___Hiseq_8_BC41_TCCTTGGT	0	0	0	131	0	309	0	0	0	0	700	0	0	0	140	0	0	0	373	0	0	0	0	0	0	0	0	0	0	0	0	0	0	0	0	0	0	0	0	0	0	0	0	0	0	0	0	0	0	0	584	0	0	0	0	0	0
2016_11_30___Hiseq_8_BC42_AGGTTATC	0	0	0	0	0	0	0	0	0	0	0	0	0	0	0	0	0	0	0	0	0	0	0	0	0	0	0	0	0	0	0	0	0	0	0	0	0	0	0	0	0	0	2172	0	0	0	0	52	0	0	0	0	0	0	0	0	0
2016_11_30___Hiseq_8_BC43_GTCATCTA	0	0	0	0	0	0	0	0	0	0	0	0	0	0	0	106	0	0	0	206	0	0	0	0	0	0	0	0	0	0	0	0	0	0	0	0	0	0	0	0	0	0	0	0	0	0	0	210	0	0	0	0	0	0	0	0	0
2016_11_30___Hiseq_8_BC44_CCTTCGCA	0	0	0	0	0	191	0	0	0	0	0	0	0	140	0	0	0	0	94	58	0	0	0	0	0	87	0	0	0	0	0	42	0	62	0	86	0	0	0	0	0	0	0	76	0	45	0	0	36	0	0	34	0	0	0	0	0
2016_11_30___Hiseq_8_BC46_ATTGTCTG	0	0	0	0	0	0	0	0	0	0	0	0	0	0	0	0	0	0	0	0	0	0	111	0	0	0	0	0	0	0	0	0	0	0	0	0	0	0	0	0	5	0	38	0	0	0	0	236	0	0	0	0	0	0	0	0	0
2016_11_30___Hiseq_8_BC48_TAATGAAC	0	16	0	0	0	0	0	0	0	0	0	0	0	0	23	0	0	0	0	18	0	198	0	0	0	0	0	0	0	0	0	0	0	0	0	0	0	0	233	0	0	0	11726	0	0	0	67	74	0	0	0	0	0	0	4	0	0
2016_11_30___Hiseq_8_BC49_AACGCATT	0	0	0	0	0	0	0	0	0	0	0	0	0	0	0	0	102	0	0	0	0	116	0	0	0	0	0	93	0	0	0	0	0	0	0	0	0	0	0	0	0	0	258	0	0	0	0	10	0	0	38	0	0	0	9	0	0
2016_11_30___Hiseq_8_BC4_TGCTCGAC	0	0	0	0	0	0	0	0	0	0	0	0	0	124	0	0	0	0	362	122	0	45	0	0	0	0	0	0	0	0	0	0	0	0	0	0	0	0	0	0	0	0	0	0	0	0	0	0	0	0	17	0	0	0	0	0	0
2016_11_30___Hiseq_8_BC50_CAACTCTC	0	0	0	0	0	0	0	0	0	0	0	0	0	0	0	0	0	0	0	0	0	107	0	0	0	0	0	0	0	0	0	0	0	0	0	0	0	0	0	0	0	0	0	0	0	0	0	52	0	0	0	0	0	0	0	0	0
2016_11_30___Hiseq_8_BC51_CTGTAATC	0	0	0	0	0	0	0	0	0	0	0	0	0	0	0	0	150	0	187	0	0	558	0	0	0	0	0	0	211	0	0	0	0	0	0	0	0	0	0	0	0	0	0	0	0	0	0	120	0	0	345	0	0	0	0	0	0
2016_11_30___Hiseq_8_BC53_AATGTTCT	0	16	0	0	0	0	0	0	0	795	0	0	0	374	0	0	0	0	21	0	0	0	0	0	0	0	0	0	0	0	0	0	0	0	0	73	0	0	0	0	0	244	166	0	0	0	0	0	124	0	0	0	0	0	15	0	0
2016_11_30___Hiseq_8_BC54_CAGCGGTA	0	0	0	0	0	0	0	0	0	0	0	0	0	0	0	0	0	0	53	0	0	213	0	74	0	0	0	0	0	0	0	0	0	0	0	0	0	0	0	0	291	0	387	10	0	0	0	0	150	0	0	116	137	0	0	0	0
2016_11_30___Hiseq_8_BC55_GACCAGGA	30	214	70	0	0	48	0	47	0	49	448	51	0	0	40	0	0	0	850	0	45	85	0	0	0	0	0	0	0	0	0	0	0	345	0	0	0	0	0	0	132	137	51	0	0	542	68	120	0	0	310	72	0	0	0	0	0
2016_11_30___Hiseq_8_BC56_TATCCAGG	0	0	0	0	0	0	0	0	0	0	0	0	0	0	0	0	0	0	0	0	0	0	0	0	0	0	0	0	0	0	0	81	0	0	0	0	143	0	0	0	0	0	4593	0	0	0	0	0	33	260	11	54	19	0	0	0	0
2016_11_30___Hiseq_8_BC59_GCCGTCGA	0	89	0	0	0	0	55	0	0	0	0	0	0	0	0	0	0	0	0	35	0	0	0	0	0	0	203	0	0	0	0	57	0	0	28	0	0	0	874	0	0	0	73	0	0	0	0	146	0	0	0	0	0	107	0	0	0
2016_11_30___Hiseq_8_BC60_TATCTGCC	0	0	0	0	0	82	0	0	0	0	0	0	0	0	0	0	0	0	375	6	0	62	0	0	0	0	0	0	0	0	0	0	0	0	0	0	0	0	0	0	0	0	8005	0	0	0	0	0	0	0	221	29	0	0	0	0	0
2016_11_30___Hiseq_8_BC61_ACTAAGAC	0	0	0	0	0	0	0	0	0	0	0	0	178	0	0	0	0	0	0	0	0	219	0	0	0	0	0	0	0	0	0	0	0	0	0	0	0	0	0	0	0	0	0	0	0	0	0	0	74	0	0	0	0	0	0	0	0
2016_11_30___Hiseq_8_BC62_CGCCTTCC	0	0	0	0	0	0	0	0	0	0	0	0	0	0	0	0	0	0	240	0	0	0	0	0	0	0	0	0	0	0	0	0	0	0	0	0	0	0	0	0	0	0	4786	170	0	0	0	0	0	0	0	0	0	0	0	0	0
2016_11_30___Hiseq_8_BC64_TGCTGCTG	0	0	0	0	0	0	0	0	0	0	0	0	0	0	0	0	0	0	0	0	0	27	0	0	0	0	0	0	0	0	0	0	0	0	0	0	0	0	36	0	0	0	0	0	0	0	0	0	0	0	292	0	0	0	0	0	0
2016_11_30___Hiseq_8_BC67_GTAACATC	36	98	0	0	0	0	0	0	0	0	0	0	0	0	0	0	0	1360	629	0	0	187	0	0	0	0	0	0	0	152	0	0	0	124	0	0	0	0	0	0	0	0	0	0	0	0	0	0	0	0	0	0	0	0	0	0	0
2016_11_30___Hiseq_8_BC68_TGTAATCA	0	0	0	0	0	0	0	0	0	0	0	0	0	0	0	0	0	0	0	57	0	58	0	0	0	0	0	0	0	0	0	0	0	0	0	0	0	0	0	0	0	0	0	66	0	0	0	0	86	0	61	0	0	0	0	0	0
2016_11_30___Hiseq_8_BC69_ATTATCAA	0	167	36	16	0	0	0	10	0	316	0	0	0	0	0	0	0	0	560	160	0	134	0	0	0	0	0	0	0	0	0	0	455	0	0	61	0	0	0	0	77	61	146	0	0	0	0	0	389	0	0	0	0	0	18	0	0
2016_11_30___Hiseq_8_BC6_AGTTGCTT	0	151	29	0	42	0	0	0	0	0	0	0	0	0	0	0	0	0	59	0	355	0	11	0	0	0	0	11	0	0	0	0	0	0	0	0	0	0	0	15	17	0	160	0	0	256	0	126	157	0	493	66	0	0	0	0	30
2016_11_30___Hiseq_8_BC70_CTATGCGT	0	0	0	0	0	0	0	0	0	0	0	0	0	0	0	0	0	0	0	2	0	0	0	0	0	0	0	0	0	0	0	0	0	0	0	0	0	0	0	0	0	0	26	0	0	0	0	2	0	0	0	0	0	0	0	0	0
2016_11_30___Hiseq_8_BC72_TTGTCTAT	0	0	20	0	0	0	0	0	0	0	0	90	0	0	0	0	0	0	65	0	0	107	0	0	0	0	0	79	0	0	73	0	0	0	0	0	0	0	0	0	0	0	15	65	528	0	0	407	0	0	0	0	0	0	0	0	0
2016_11_30___Hiseq_8_BC73_AACAATGG	0	0	0	0	0	0	0	0	0	430	0	0	0	164	0	0	0	0	0	147	0	0	0	0	0	0	0	0	0	0	0	0	0	0	0	0	0	0	22	0	0	0	23067	0	0	0	34	0	68	49	86	0	0	0	0	0	0
2016_11_30___Hiseq_8_BC74_ATTCCTCT	0	0	0	0	0	0	0	0	0	0	0	0	0	0	0	0	0	0	138	23	6	0	0	0	0	0	0	0	0	0	0	0	63	0	0	0	0	0	0	0	0	0	67	0	0	0	0	0	0	0	0	0	0	0	0	0	0
2016_11_30___Hiseq_8_BC75_GAAGGAAG	0	0	0	0	0	0	0	0	0	0	0	0	233	0	0	0	0	0	27	0	0	441	0	0	0	0	0	6	0	0	0	0	0	144	0	0	0	0	0	0	0	0	0	0	0	0	0	0	0	0	0	0	159	0	0	0	0
2016_11_30___Hiseq_8_BC76_TCGCTAGA	0	227	0	0	0	79	0	0	0	0	35	0	113	0	0	0	0	0	0	0	0	330	0	0	0	0	0	0	0	0	0	115	252	0	0	0	0	0	27	0	0	0	167	0	0	0	0	125	0	0	0	0	0	0	7	0	0
2016_11_30___Hiseq_8_BC78_CAATAGTC	0	0	0	0	0	0	0	0	0	21	0	0	0	0	0	0	0	0	0	0	0	0	0	0	0	0	109	0	0	0	0	0	0	241	11	0	232	0	0	0	0	0	0	0	0	0	0	0	0	0	94	39	0	0	0	0	0
2016_11_30___Hiseq_8_BC80_TCTGCAAG	0	0	0	0	0	0	0	0	0	365	0	0	0	0	0	0	0	0	1817	0	0	193	0	0	0	0	0	0	0	0	25	0	0	0	0	0	0	0	0	0	0	0	0	0	0	0	0	73	0	0	0	0	0	0	0	0	0
2016_11_30___Hiseq_8_BC81_ACTGTATC	0	175	0	0	0	0	0	37	0	0	0	0	0	0	0	0	0	0	126	0	0	65	0	0	0	0	0	0	0	0	0	48	134	0	0	0	62	0	0	0	0	0	2067	0	0	0	0	137	0	0	133	0	0	0	0	0	0
2016_11_30___Hiseq_8_BC82_CCAGCACC	0	0	0	0	85	0	0	0	0	0	0	97	185	0	0	0	0	0	0	92	669	87	0	0	0	0	58	0	0	0	0	0	0	0	0	0	0	0	199	0	0	0	13275	0	0	0	0	0	79	0	0	0	0	0	0	50	0
2016_11_30___Hiseq_8_BC83_GACCTAAC	0	0	0	0	0	160	0	0	0	0	0	0	0	0	0	0	0	0	0	0	11	147	0	0	0	0	0	964	0	0	0	0	0	0	0	0	0	0	0	0	0	0	22	71	0	0	0	69	103	0	0	0	0	0	0	0	0
2016_11_30___Hiseq_8_BC85_AGCATGGA	0	0	0	0	56	336	0	0	0	0	0	0	0	0	0	0	0	0	0	187	12	0	0	0	0	0	0	0	0	0	0	0	0	0	0	0	0	0	0	0	0	0	535	0	0	0	0	83	0	0	0	0	0	0	0	0	0
2016_11_30___Hiseq_8_BC86_CGCTATGT	0	154	0	0	0	0	0	0	0	0	0	0	0	0	0	0	0	0	0	0	13	1026	0	0	0	0	0	0	0	0	0	0	0	0	0	0	0	0	0	0	0	0	52	0	0	0	0	0	0	0	348	0	0	0	0	0	0
2016_11_30___Hiseq_8_BC87_GATATCCA	0	0	0	0	0	0	0	0	0	0	0	0	0	0	0	0	0	0	0	115	0	454	0	0	0	0	0	0	0	0	0	0	0	0	0	0	0	0	163	0	0	0	188	0	0	0	0	0	6	0	171	0	0	0	0	0	0
2016_11_30___Hiseq_8_BC88_TGTAACTC	0	0	0	0	0	0	0	0	0	0	0	0	0	0	0	0	0	0	0	93	0	71	0	0	0	0	0	0	0	0	0	0	0	0	0	0	0	0	39	0	0	0	0	0	0	61	0	0	145	0	601	0	0	0	66	0	0
2016_11_30___Hiseq_8_BC89_AGGTCGCA	0	13	0	0	0	0	0	0	0	0	0	12	0	0	0	70	0	0	0	0	0	124	0	0	0	0	0	0	0	0	0	49	0	0	0	20	0	0	0	0	0	0	20936	0	0	0	0	0	0	0	0	0	0	0	0	0	0
2016_11_30___Hiseq_8_BC91_GCAGCCGT	0	0	0	0	0	0	0	0	0	0	0	0	0	0	0	0	0	0	107	0	0	0	0	0	0	0	0	0	0	0	0	0	0	0	0	0	0	0	0	0	119	0	295	0	0	0	0	0	49	0	283	140	0	0	0	0	0
2016_11_30___Hiseq_8_BC92_TTAATCAG	0	0	0	0	21	0	0	0	0	0	0	0	0	0	0	0	0	0	39	0	0	0	0	0	0	54	0	0	0	18	0	0	0	0	0	0	0	0	9	0	0	0	38658	0	0	0	0	0	0	0	12	0	0	0	0	0	0
2016_11_30___Hiseq_8_BC93_AGGTGCGA	0	308	0	8	0	38	0	0	0	0	0	0	0	0	0	0	0	0	117	85	0	157	0	0	0	0	0	0	0	64	0	0	0	0	0	131	0	0	0	0	0	0	16453	0	0	0	0	0	120	0	0	0	0	0	0	0	0
2016_11_30___Hiseq_8_BC95_GCCGCAAC	0	0	0	0	0	0	0	0	0	0	0	0	0	0	0	0	0	0	4	0	0	0	0	0	0	0	0	0	0	0	0	0	0	0	0	0	0	0	0	0	0	0	28386	0	0	0	5	0	31	8	18	0	0	0	0	0	0
2016_11_30___Hiseq_8_BC96_TTATATCT	0	0	0	0	0	13	0	0	0	0	0	0	0	0	0	0	0	0	0	14	0	0	0	49	0	0	0	0	0	0	0	0	0	0	0	0	0	0	0	0	0	0	30102	0	0	7	0	43	0	12	0	0	0	0	0	0	0
2016_11_30___Hiseq_8_BC9_ACCAACTG	0	0	0	0	0	0	0	0	0	0	0	0	0	0	0	0	0	0	0	0	0	0	0	0	0	0	0	0	0	0	0	0	0	0	0	0	0	0	0	0	0	0	303	0	0	0	28	0	0	0	0	0	0	0	12	0	0
2016_11_30___Hiseq_8_RDB100_TAAGTGGC	0	0	425	0	115	0	0	0	0	0	0	0	67	0	0	175	0	280	67	0	0	0	372	0	0	0	0	0	313	4815	0	0	0	0	0	0	0	0	0	0	7095	94	0	154	0	0	14	443	95	0	156	0	0	0	0	0	539
2016_11_30___Hiseq_8_RDB101_TCAGTAGG	0	0	185	0	0	0	0	0	0	139	348	0	0	40	104	0	0	0	118	0	0	0	0	0	0	0	0	0	0	1796	0	0	0	0	0	0	0	0	15	0	3812	0	45	0	0	53	0	188	0	0	0	0	0	0	28	0	617
2016_11_30___Hiseq_8_RDB102_TGCCTCAA	0	0	400	0	0	0	0	0	0	185	0	0	256	0	0	0	294	0	0	0	0	0	451	0	0	226	0	0	0	3795	0	0	67	0	0	0	0	0	63	0	3695	0	70	0	0	0	0	78	0	0	0	0	32	0	0	0	0
2016_11_30___Hiseq_8_RDB103_AACTCGGA	0	0	638	37	0	0	0	0	0	0	0	96	0	0	0	132	0	0	0	0	0	0	459	0	0	0	0	0	0	3006	0	0	73	0	0	0	0	0	209	583	5030	0	102	331	0	0	0	218	301	0	0	0	0	0	0	100	604
2016_11_30___Hiseq_8_RDB105_CCGTTATG	0	371	159	0	850	0	24	107	0	0	148	0	0	0	0	0	371	0	4272	0	46	0	0	0	0	0	101	256	0	2280	0	0	0	0	102	234	232	0	176	82	2104	140	1018	0	0	154	0	34	160	0	1763	0	0	53	86	71	296
2016_11_30___Hiseq_8_RDB106_CCTCGAAT	0	0	486	0	0	0	0	0	0	0	0	0	0	0	0	0	143	0	69	0	0	0	0	0	0	0	0	0	0	3023	0	0	0	0	0	0	0	0	73	0	3037	0	966	0	0	0	0	337	29	0	157	117	0	0	50	0	112
2016_11_30___Hiseq_8_RDB107_CCTCGTTA	0	130	270	0	0	0	57	0	0	0	676	0	0	0	63	0	0	0	192	0	0	90	259	0	0	0	0	0	161	4852	30	0	43	0	0	0	0	0	59	0	4660	0	292	17	0	0	0	58	0	0	223	0	0	0	0	0	0
2016_11_30___Hiseq_8_RDB109_GGTGATGA	0	0	889	0	0	0	0	0	0	212	156	0	48	0	0	52	51	0	208	0	0	0	244	0	0	63	96	0	0	3786	133	0	0	0	0	70	478	0	0	0	2488	35	39	0	37	0	0	0	0	0	659	0	0	0	67	0	414
2016_11_30___Hiseq_8_RDB110_GTAAGGTG	0	38	307	0	0	0	0	0	0	0	0	0	0	0	0	0	0	0	245	295	0	0	0	0	0	0	0	0	0	2831	0	0	103	0	0	50	0	0	60	477	3300	0	0	71	432	0	0	0	61	0	131	0	0	0	0	0	582
2016_11_30___Hiseq_8_RDB112_CGAGAGAA	0	157	179	0	31	95	0	0	0	0	89	356	0	0	0	0	0	0	97	0	0	0	277	0	0	70	0	0	0	1644	6	0	19	0	0	0	0	10	92	0	3180	0	312	0	0	0	0	165	0	0	468	18	0	291	0	0	365
2016_11_30___Hiseq_8_RDB113_CGCGTATT	58	26	628	0	0	0	0	0	0	0	0	0	75	0	57	0	0	0	0	0	26	0	258	0	0	0	131	12	0	2444	0	79	0	40	0	38	0	0	0	0	3350	19	429	107	0	144	0	40	109	0	304	0	0	0	0	0	0
2016_11_30___Hiseq_8_RDB114_CGTGTGAT	0	0	739	51	0	170	0	37	34	0	0	0	0	55	0	0	132	0	89	0	0	0	287	0	0	0	116	221	122	2913	0	0	99	0	0	32	0	0	0	0	3255	0	0	0	210	44	48	195	280	0	658	0	0	0	0	0	428
2016_11_30___Hiseq_8_RDB115_CTAGGTTG	0	158	126	0	0	0	0	0	0	11	0	0	0	179	0	0	0	107	1707	0	0	0	0	0	0	0	0	0	23	2809	0	0	0	0	0	0	0	0	62	0	4669	50	185	0	0	0	0	184	42	0	281	164	0	0	28	0	21
2016_11_30___Hiseq_8_RDB116_CTCTATCG	0	0	488	0	0	0	91	0	0	0	0	0	0	0	0	0	0	0	56	0	0	43	634	120	0	0	0	952	0	5617	0	0	0	0	0	0	138	0	46	0	7708	22	335	0	0	0	0	0	452	0	152	0	0	0	42	0	688
2016_11_30___Hiseq_8_RDB118_TCATCTCC	0	0	543	0	0	0	0	0	0	0	151	0	70	0	0	134	0	0	0	0	0	69	225	0	0	61	0	0	0	3044	0	139	108	59	99	0	0	0	166	0	2776	27	0	0	0	42	0	61	122	0	321	0	0	0	0	0	0
2016_11_30___Hiseq_8_RDB119_TGACAACC	0	595	0	0	37	0	418	0	0	0	0	0	179	0	0	0	0	472	657	0	0	0	0	0	0	0	151	0	0	4962	48	0	0	0	0	0	998	0	0	0	4786	0	51	0	0	134	0	197	74	0	421	0	0	0	0	0	792
2016_11_30___Hiseq_8_RDB120_TGCACTTG	24	114	411	0	0	0	0	0	0	0	0	628	0	90	219	0	0	0	91	0	0	221	0	0	0	0	0	0	0	2290	43	124	0	0	0	0	71	1473	0	0	3974	0	0	0	0	0	128	0	144	64	233	0	0	0	0	0	136
2016_11_30___Hiseq_8_RDB121_TGGTGAAG	0	253	177	102	0	0	0	0	0	0	0	0	36	19	0	0	0	0	153	0	207	0	152	422	134	139	0	0	0	4291	0	0	0	95	90	0	616	0	0	0	4341	62	0	0	0	0	0	68	321	0	2046	0	0	0	0	303	71
2016_11_30___Hiseq_8_RDB122_AGAGCAGA	12	0	123	0	0	0	0	45	0	0	16	0	0	128	0	0	445	0	526	0	0	0	116	0	0	527	0	319	0	3353	52	0	304	8	0	0	455	0	0	23	3251	30	58	0	0	0	60	0	0	0	949	0	0	173	0	0	0
2016_11_30___Hiseq_8_RDB125_CGAAGTCA	0	180	360	0	0	0	0	0	0	170	0	0	0	0	0	0	0	0	645	0	0	0	204	0	0	283	334	0	0	4008	380	423	1131	150	0	54	1088	61	660	48	2958	61	116	38	0	175	341	1840	107	0	609	91	69	0	0	0	629
2016_11_30___Hiseq_8_RDB126_CTTGCTAG	0	0	297	0	0	0	166	0	0	0	302	598	0	0	0	0	0	0	191	415	0	0	0	187	0	63	0	0	0	2661	0	0	37	0	0	132	37	102	0	0	4070	0	94	66	0	0	0	180	148	0	0	17	114	0	0	0	465
2016_11_30___Hiseq_8_RDB127_GAAGTGCT	0	14	363	0	101	0	0	58	0	67	0	55	0	0	21	0	0	0	2169	0	0	0	225	0	81	0	0	229	0	6142	15	0	0	0	0	0	0	0	32	153	3946	114	183	0	0	0	0	78	148	0	185	64	0	0	0	0	163
2016_11_30___Hiseq_8_RDB128_GGACTACT	0	22	175	46	0	0	0	0	0	0	766	0	0	0	198	0	81	0	104	0	226	0	38	0	67	0	0	30	0	3787	0	0	56	0	0	180	100	0	217	0	2925	0	0	0	35	38	33	0	0	0	454	71	0	0	0	0	56
2016_11_30___Hiseq_8_RDB129_TCCATTGC	21	0	354	0	0	0	0	0	0	0	47	0	0	0	0	0	0	0	2245	0	0	0	148	29	0	0	0	307	0	4398	0	0	60	0	0	28	0	0	76	0	2238	0	0	0	0	107	0	100	0	0	221	0	0	0	0	52	170
2016_11_30___Hiseq_8_RDB131_AGCGAGAT	16	0	928	0	0	12	0	0	0	0	0	0	0	0	0	0	0	0	347	0	67	0	280	0	0	0	0	0	0	2754	0	0	0	0	0	0	0	0	91	0	3392	53	29	190	0	0	0	72	156	0	737	27	0	0	119	0	0
2016_11_30___Hiseq_8_RDB132_ATAGGTCC	0	0	334	0	0	0	0	0	0	0	0	0	0	0	0	0	0	0	58	0	0	35	121	0	0	0	0	47	25	1623	0	0	0	0	0	19	0	0	0	0	1614	0	0	0	0	0	35	0	0	0	107	0	0	0	0	0	8
2016_11_30___Hiseq_8_RDB133_ATGGCGAT	0	123	1154	0	0	0	0	38	0	0	404	286	230	0	0	0	224	0	546	0	0	0	388	0	0	0	0	0	0	3895	0	0	0	94	0	0	410	0	145	0	4514	98	14	0	0	0	0	127	373	0	695	61	0	203	0	0	0
2016_11_30___Hiseq_8_RDB134_CTCCTGAA	0	0	156	0	0	0	0	0	0	0	0	0	99	0	0	0	0	0	315	0	0	0	790	0	0	0	0	0	0	4093	0	67	0	0	0	59	0	0	0	0	3579	0	215	0	0	0	0	95	339	0	384	0	0	103	111	0	0
2016_11_30___Hiseq_8_RDB135_TGATAGGC	0	0	390	0	0	0	0	0	0	0	0	0	0	0	11	136	0	0	224	0	0	0	0	0	0	0	0	0	0	2045	0	0	0	0	0	11	0	462	89	0	6063	0	0	0	38	0	0	223	33	0	59	31	0	130	0	0	0
2016_11_30___Hiseq_8_RDB137_CATGGATC	62	47	979	0	0	0	0	0	0	0	0	54	0	0	0	0	0	0	61	0	0	0	146	108	74	0	0	0	0	2022	0	0	71	29	0	0	0	0	0	0	2278	60	282	0	0	75	0	11	0	0	178	0	133	0	0	0	417
2016_11_30___Hiseq_8_RDB139_TGAGCTGT	0	153	245	0	0	0	0	0	0	0	321	0	182	242	0	0	0	0	161	0	0	0	0	0	0	0	0	0	0	1999	74	251	0	0	0	218	0	0	44	124	3710	0	12	0	0	0	0	327	34	0	121	367	0	71	0	0	338
2016_11_30___Hiseq_8_RDB142_CACACATC	0	166	0	0	0	33	0	46	0	0	0	0	41	0	0	0	0	0	35	0	0	13	26	0	0	0	0	1164	0	0	0	76	0	0	0	0	0	0	0	0	401	0	136	0	0	0	0	177	159	0	38	0	0	0	0	0	0
2016_11_30___Hiseq_8_RDB143_CAGGTTCA	0	256	0	92	0	0	0	0	0	0	0	170	0	0	0	0	148	0	181	0	0	31	0	203	0	0	0	0	172	0	156	0	0	0	0	0	0	0	45	0	404	68	40	67	0	341	0	0	0	0	505	0	0	44	0	0	0
2016_11_30___Hiseq_8_RDB144_CGATGTTC	0	240	0	0	0	21	0	0	0	0	412	58	0	349	0	0	244	0	0	35	0	0	0	0	0	0	0	0	0	0	114	151	0	299	0	0	0	36	0	0	21	0	0	0	0	0	0	0	108	0	86	0	0	0	0	0	0
2016_11_30___Hiseq_8_RDB146_GTTATGGC	0	150	19	0	0	157	0	0	19	0	0	0	0	0	0	0	23	0	260	46	0	0	0	0	0	0	0	64	89	163	45	0	0	0	0	0	0	0	0	0	43	53	394	0	0	0	0	67	0	0	358	0	106	0	0	0	18
2016_11_30___Hiseq_8_RDB147_TCCTGACT	0	22	0	738	193	0	0	0	0	78	0	0	96	0	0	0	0	0	7922	0	0	0	58	0	0	195	0	0	0	12	196	0	0	0	128	0	0	57	0	0	315	228	161	0	0	0	0	221	0	42	0	183	0	0	0	0	116
2016_11_30___Hiseq_8_RDB148_TCTAGTCC	0	0	0	0	0	0	0	0	0	249	0	179	0	0	0	0	0	0	51	0	0	116	0	0	0	0	0	0	0	0	0	0	0	0	0	213	0	0	0	0	0	0	0	271	0	0	0	161	0	0	0	0	48	0	0	0	0
2016_11_30___Hiseq_8_RDB149_TGAGACGA	0	0	0	0	0	0	33	0	0	0	22	0	0	0	0	0	0	0	0	0	0	0	0	0	0	0	0	108	0	25	0	0	0	0	0	0	0	0	0	0	19	115	338	0	0	371	74	578	112	175	0	0	0	109	0	0	0
2016_11_30___Hiseq_8_RDB150_AAGCTGGT	161	0	0	0	0	0	0	0	0	0	324	48	0	0	0	0	0	0	1157	0	0	0	194	0	0	476	0	0	0	0	0	0	0	363	0	0	182	76	0	0	0	0	306	0	0	599	0	0	0	0	1411	262	0	0	0	0	0
2016_11_30___Hiseq_8_RDB152_ACCTCTTC	0	24	0	0	0	0	0	61	0	102	352	0	0	0	86	0	0	0	125	0	313	0	0	0	0	125	0	0	0	0	0	0	0	177	0	0	0	0	0	0	79	0	0	0	0	188	66	204	330	0	3130	0	0	0	0	0	108
2016_11_30___Hiseq_8_RDB153_ACGGTACA	0	7	0	0	0	0	0	0	0	0	10	0	0	0	0	0	0	0	174	0	71	0	0	0	0	0	0	0	0	0	0	0	45	0	57	0	0	0	14	0	0	14	88	0	0	0	0	0	0	0	14	0	0	0	0	0	93
2016_11_30___Hiseq_8_RDB154_ATCTCCTG	0	68	357	0	0	0	0	191	0	0	71	0	0	35	0	0	490	0	2825	0	132	0	113	226	0	0	0	0	0	1145	127	0	0	0	0	47	0	0	0	0	0	0	74	0	0	248	0	148	128	0	830	59	74	0	0	0	662
2016_11_30___Hiseq_8_RDB155_ATGTGGAC	0	89	0	0	0	0	0	0	0	0	669	0	0	233	85	0	686	0	1061	0	0	0	0	0	120	151	0	29	152	0	0	0	0	0	0	166	0	0	0	0	0	1628	157	0	0	0	0	697	368	0	93	124	0	24	0	0	0
2016_11_30___Hiseq_8_RDB156_CGTCCATT	0	0	0	0	0	0	0	0	0	121	0	0	0	0	0	0	0	0	1567	0	0	0	238	0	0	76	45	0	0	0	163	0	0	0	0	0	0	0	0	0	136	0	0	0	0	0	0	217	0	0	0	48	0	0	0	0	0
2016_11_30___Hiseq_8_RDB159_GACTTGTG	0	279	339	924	289	0	0	0	0	0	85	0	0	251	0	0	158	0	5795	0	0	0	852	0	0	0	0	0	102	4773	49	0	0	0	42	568	0	0	35	1637	508	544	689	0	0	195	0	158	537	0	3528	0	0	207	0	135	1423
2016_11_30___Hiseq_8_RDB160_GAGCTCTA	0	51	79	0	0	0	0	0	23	0	0	0	0	0	489	0	0	249	0	0	0	0	283	0	0	0	32	222	0	0	0	0	0	0	74	0	152	0	0	0	99	147	238	0	0	188	0	0	0	0	214	0	0	0	0	0	0
2016_11_30___Hiseq_8_RDB161_GATTGTCC	0	0	0	0	0	0	0	0	0	0	0	0	0	0	69	0	0	0	0	0	0	323	0	0	0	0	0	0	0	0	0	0	0	0	0	0	0	0	0	0	0	0	0	0	0	0	0	157	36	0	200	48	0	0	0	0	0
2016_11_30___Hiseq_8_RDB162_GCTACTCT	0	0	0	0	0	0	0	0	0	0	0	0	0	0	0	0	0	0	135	0	0	0	0	0	0	0	0	0	0	0	0	0	324	0	0	0	0	0	311	0	0	110	0	0	0	0	0	1110	0	0	25	0	0	0	0	0	0
2016_11_30___Hiseq_8_RDB163_GGATGTAG	110	44	154	0	0	0	0	0	0	0	0	0	0	197	0	0	0	0	599	0	0	0	0	0	0	0	334	1521	0	0	0	113	190	0	88	112	102	0	0	0	0	92	1383	0	172	184	117	355	160	0	1805	746	0	270	0	0	0
2016_11_30___Hiseq_8_RDB165_TATGGCAC	0	73	43	0	0	0	0	0	0	0	0	16	0	0	0	0	0	0	17	0	0	591	0	197	0	0	0	0	0	263	0	0	0	46	0	0	29	0	0	0	197	0	0	0	0	0	0	194	0	0	26	0	0	0	45	0	0
2016_11_30___Hiseq_8_RDB166_TCGTCTGA	0	230	0	0	0	0	17	292	0	0	0	0	166	228	95	0	0	0	802	0	174	0	0	0	170	0	0	64	0	0	0	0	44	0	0	14	0	0	0	0	0	0	427	0	0	0	0	87	135	0	700	0	0	0	0	0	0
2016_11_30___Hiseq_8_RDB167_TGGCTCTT	0	0	0	0	0	0	0	0	0	0	171	993	46	609	0	0	323	0	311	0	0	0	0	0	45	0	287	0	0	0	0	0	0	44	0	0	0	0	56	0	0	0	14	0	0	0	0	99	0	0	112	0	0	0	0	0	0
2016_11_30___Hiseq_8_RDB168_TTCCAGGT	0	0	14	0	0	0	0	70	0	0	0	0	0	0	0	0	0	263	1265	0	0	0	126	0	0	0	128	0	0	0	0	62	0	296	0	0	0	0	152	0	0	17	0	0	0	0	0	538	121	0	580	0	0	34	0	0	0
2016_11_30___Hiseq_8_RDB169_TTCGGCTA	0	0	0	0	0	0	0	0	0	0	0	0	46	0	0	210	355	0	341	0	0	0	0	0	0	0	0	0	0	0	67	0	0	0	0	0	0	0	0	0	0	0	247	212	0	0	0	68	78	127	165	0	0	0	0	0	0
2016_11_30___Hiseq_8_RDB171_ACGCTTCT	0	93	0	0	0	0	0	0	0	0	24	0	0	0	110	0	0	0	229	0	0	0	0	238	0	0	0	0	0	0	0	373	0	0	0	0	0	0	0	0	0	0	172	0	0	156	0	132	90	0	84	0	69	0	0	0	0
2016_11_30___Hiseq_8_RDB172_CGAATACG	0	14	0	0	0	0	20	0	0	0	161	0	0	0	0	0	0	0	464	12	0	66	0	0	0	0	0	70	0	0	0	0	34	0	0	0	0	0	0	0	0	57	68	0	0	0	0	0	28	0	196	0	0	0	0	78	0
2016_11_30___Hiseq_8_RDB174_GGTTGAAC	98	373	94	58	0	0	96	0	77	0	421	0	0	387	0	0	0	0	56	0	0	0	0	0	0	0	0	111	0	0	0	0	121	98	0	0	0	0	470	0	0	0	0	0	0	0	46	349	107	0	485	26	0	0	0	0	0
2016_11_30___Hiseq_8_RDB175_CGCTGATA	0	44	69	0	0	0	0	0	30	0	1005	0	0	922	0	0	0	0	431	0	383	0	0	37	0	0	0	0	424	0	0	0	0	0	0	0	0	0	77	0	428	0	20	0	0	0	0	124	0	0	506	0	0	0	0	0	0
2016_11_30___Hiseq_8_RDB176_GCCAATAC	0	0	0	0	0	0	0	0	0	0	130	0	150	0	0	0	386	200	0	0	0	0	0	0	0	0	134	0	0	0	0	0	0	164	0	0	0	0	0	0	0	0	0	0	0	87	0	32	188	0	0	0	0	0	96	0	0
2016_11_30___Hiseq_8_RDB178_GGTATAGG	0	27	0	0	0	0	0	0	0	0	6	0	0	0	113	0	0	0	410	0	46	0	0	0	0	0	0	0	0	0	0	0	0	0	0	96	0	0	0	167	100	16	290	0	0	0	0	72	280	0	71	348	0	108	0	178	25
2016_11_30___Hiseq_8_RDB179_TCGTGCAT	75	0	70	142	0	0	0	0	0	382	361	0	66	0	0	0	0	0	436	0	0	353	0	0	0	0	0	0	0	0	0	0	0	0	0	0	0	0	0	0	0	0	0	0	0	0	0	90	0	0	18	41	0	0	0	0	0
2016_11_30___Hiseq_8_RDB180_TGGACCAT	0	201	0	0	0	0	8	0	0	0	0	0	7	0	0	0	0	0	466	0	0	0	0	0	0	0	0	63	0	0	0	0	0	0	0	0	0	0	0	0	0	0	616	126	0	150	0	35	33	0	0	0	21	0	0	0	0
2016_11_30___Hiseq_8_RDB181_AGGCTGAA	0	0	0	0	0	0	0	0	0	0	0	223	0	0	84	0	0	0	520	0	0	231	182	0	0	0	0	18	0	0	0	0	43	0	0	40	0	0	0	0	0	0	0	0	0	0	0	85	63	0	356	133	0	0	0	0	0
2016_11_30___Hiseq_8_RDB182_CCGCTTAA	0	0	23	0	0	0	192	0	0	0	303	0	0	0	43	0	0	0	351	0	0	0	420	0	0	0	0	250	164	258	0	0	0	0	286	148	0	0	0	0	460	99	0	223	0	0	0	197	247	0	70	160	0	0	0	0	0
2016_11_30___Hiseq_8_RDB184_ACCGGTTA	0	228	0	0	0	0	0	0	0	0	0	0	0	0	188	0	0	0	142	0	0	0	0	0	0	0	0	327	175	0	0	0	0	0	0	0	0	0	0	0	0	71	1975	0	0	0	0	0	224	0	321	385	0	0	0	0	0
2016_11_30___Hiseq_8_RDB185_ACTGCTTG	0	0	0	0	0	0	165	0	0	484	0	0	0	0	292	0	0	0	372	0	0	0	0	0	0	0	0	31	0	0	0	0	0	53	81	0	0	70	386	0	125	0	0	0	0	24	0	0	0	155	115	0	0	0	0	0	0
2016_11_30___Hiseq_8_RDB186_ATCGTGGT	0	201	0	0	238	0	0	0	0	0	478	0	0	52	0	0	267	0	499	0	0	0	180	0	0	0	0	265	258	0	117	0	88	0	0	0	0	301	0	112	164	502	0	0	0	110	0	0	274	0	258	0	0	0	0	0	0
2016_11_30___Hiseq_8_RDB187_CAGTGCTT	140	0	0	0	0	0	0	0	0	0	0	0	0	557	0	0	0	0	0	0	0	101	218	0	0	44	0	104	0	0	131	0	55	353	0	0	0	0	0	0	408	268	150	0	0	275	0	0	250	0	312	470	0	0	0	0	0
2016_11_30___Hiseq_8_RDB189_GTTGCTGT	0	0	0	52	0	151	0	0	0	0	0	0	90	0	94	0	0	38	160	0	0	0	12	0	0	0	0	159	0	0	0	0	0	0	0	0	0	0	27	0	0	54	73	0	114	48	0	30	0	0	326	195	0	54	0	0	0
2016_11_30___Hiseq_8_RDB191_TGCGTAAC	8	0	0	0	0	0	0	0	0	0	0	0	0	0	195	272	0	39	185	36	0	0	0	0	0	0	2556	106	0	0	0	121	0	627	0	0	2068	1268	0	0	0	27	0	0	0	0	0	455	119	12	158	16	0	112	0	12	0
2016_11_30___Hiseq_8_RDB192_GCCAGAAT	0	159	0	0	0	0	0	0	0	0	0	0	0	107	0	0	128	0	44	0	13	0	0	115	0	169	0	0	0	0	0	0	36	283	0	0	63	116	0	347	0	95	29	0	0	241	57	94	159	0	387	45	0	0	0	0	0
2016_11_30___Hiseq_8_RDB193_CTCGAACA	16	0	0	0	0	0	167	0	0	0	0	0	0	0	0	0	0	0	1386	0	0	0	0	96	0	0	46	15	0	0	0	0	0	0	0	0	0	0	28	0	0	140	197	0	47	0	0	299	0	0	178	0	0	0	22	0	0
2016_11_30___Hiseq_8_RDB194_CTTAGGAC	0	0	0	0	0	0	0	0	0	0	0	0	0	0	0	0	0	0	12	0	0	0	0	0	0	0	0	0	159	0	12	0	0	0	0	0	0	0	0	0	72	55	41	0	0	0	0	313	64	46	86	0	0	40	0	0	0
2016_11_30___Hiseq_8_RDB195_CTTCACTG	0	0	0	0	0	0	0	0	0	0	0	0	0	0	0	0	0	0	48	0	0	0	0	0	0	0	0	0	0	0	0	0	0	0	0	0	0	0	0	0	0	0	184	86	0	0	0	116	59	0	77	0	0	0	0	0	0
2016_11_30___Hiseq_8_RDB197_GAATCACC	0	120	0	0	0	0	0	0	0	0	0	0	0	0	141	0	0	0	179	0	0	0	0	0	0	0	0	0	89	12	0	0	0	0	0	29	0	0	167	0	0	0	125	0	0	0	0	0	0	0	0	0	0	0	184	0	83
2016_11_30___Hiseq_8_RDB198_GATCCACT	0	0	0	44	0	25	0	0	0	0	0	0	21	0	0	0	0	0	123	0	233	0	0	0	73	0	0	0	0	0	0	0	0	0	0	0	0	0	0	0	0	0	63	0	0	0	0	96	23	0	74	0	0	0	0	62285	0
2016_11_30___Hiseq_8_RDB199_GTCCTTGA	0	99	0	0	0	0	0	0	20	0	0	0	0	0	0	0	0	0	350	0	533	0	0	0	0	0	0	163	246	0	0	0	143	80	0	0	0	46	180	314	0	196	72	0	0	171	0	0	258	0	270	53	0	0	0	0	63
2016_11_30___Hiseq_8_RDB200_GTCGATTG	0	115	0	0	63	0	0	110	0	140	88	0	0	0	0	0	0	0	81	0	58	0	0	0	202	0	0	0	0	0	0	0	0	73	0	0	0	0	62	0	0	33	52	0	0	0	50	56	160	187	0	335	0	0	0	0	92
2016_11_30___Hiseq_8_RDB201_TACTCCAG	0	69	0	39	0	0	0	0	0	0	0	0	31	0	0	0	0	0	0	0	28	0	0	0	0	0	0	0	0	0	0	0	0	0	93	0	0	188	682	0	0	0	168	0	0	244	0	194	72	0	0	0	0	0	0	0	0
2016_11_30___Hiseq_8_RDB203_TGTGTCAG	0	62	47	0	0	0	0	158	0	0	66	0	0	0	0	0	1793	0	1599	0	0	0	193	0	0	1148	0	73	121	87	0	0	0	80	0	46	0	0	420	347	73	444	0	0	10061	343	0	61	167	0	2075	0	0	47	0	0	25
2016_11_30___Hiseq_8_RDB205_AAGAGGCA	0	24	0	0	0	0	92	0	0	58	29	0	0	0	0	0	0	0	9	0	15	113	0	0	89	0	44	110	0	0	21	0	0	0	0	0	0	90	39	0	42	156	35	0	0	38	0	296	49	0	0	0	0	0	0	0	56
2016_11_30___Hiseq_8_RDB206_ACGTCCAA	0	0	0	0	0	0	0	0	0	0	0	0	177	0	58	0	0	0	401	98	0	0	194	0	0	0	0	0	0	170	18	0	71	55	0	76	0	0	394	0	0	87	226	29	0	0	78	100	0	0	275	0	0	0	0	0	224
2016_11_30___Hiseq_8_RDB207_ACTCAACG	0	0	37	41	0	0	0	0	0	0	0	759	39	0	0	0	522	140	304	0	0	0	0	0	0	0	53	0	233	105	0	0	0	0	0	0	244	0	0	0	132	27	0	0	127	0	43	638	194	0	356	176	0	0	0	33	76
2016_11_30___Hiseq_8_RDB208_AGAACCAG	0	40	0	0	0	0	0	48	0	0	0	0	0	88	164	123	109	0	181	32	0	0	0	0	0	0	0	108	0	0	0	0	0	0	0	0	0	0	0	0	0	273	0	33	0	55	0	47	165	0	97	54	0	0	0	0	0
2016_11_30___Hiseq_8_RDB210_AGCAGACA	0	0	0	0	0	0	0	0	0	0	0	0	90	0	0	0	0	0	69	0	0	0	0	70	0	0	72	0	0	0	0	0	0	0	0	0	0	0	0	0	0	0	114	47	0	0	0	26	44	0	120	70	0	0	34	0	0
2016_11_30___Hiseq_8_RDB211_AGCTTCAG	0	0	0	0	0	0	12	0	0	0	0	1871	0	0	0	0	0	0	184	0	0	72	0	0	0	0	98	0	0	0	19	0	77	0	636	0	36	421	211	0	0	91	0	0	1248	0	0	398	311	0	46	0	0	20	0	0	0
2016_11_30___Hiseq_8_RDB212_AGGAGGTT	14	0	0	0	0	0	0	0	0	0	0	0	0	0	0	0	0	0	487	0	0	0	0	0	0	0	39	9608	0	0	0	0	0	54	0	0	0	0	235	0	37	46	0	0	0	0	0	0	170	0	0	65	0	0	0	0	0
2016_11_30___Hiseq_8_RDB213_AGGTTCCT	0	65	0	0	0	137	0	17	0	925	220	0	0	0	0	0	0	0	116	0	0	307	114	0	0	0	0	83	0	0	460	0	0	0	0	0	0	0	16	0	0	203	136	0	0	0	47	0	169	0	0	471	99	0	0	0	0
2016_11_30___Hiseq_8_RDB214_AGTACACG	0	34	0	0	0	0	0	0	0	0	0	0	0	0	0	0	0	0	164	0	0	0	0	0	0	0	0	79	0	0	0	0	0	74	0	0	0	116	12	0	0	0	64	0	0	0	0	0	252	0	105	130	0	49	0	0	0
2016_11_30___Hiseq_8_RDB216_ATCGGAGA	55	0	0	54	0	0	32	0	0	0	0	0	31	0	0	142	0	0	286	0	0	0	0	0	0	0	0	0	0	0	0	0	125	0	0	0	0	0	115	49	0	0	14596	0	0	0	0	337	14	0	164	0	0	0	0	0	0
2016_11_30___Hiseq_8_RDB217_CAACGAGT	0	0	42	0	0	0	28	0	0	0	0	0	43	122	0	0	0	0	0	0	0	0	0	0	0	0	0	0	290	0	0	0	63	0	128	0	0	0	0	0	0	373	0	0	0	0	0	0	171	0	525	0	0	0	0	0	0
2016_11_30___Hiseq_8_RDB218_CACCAGTT	0	46	0	0	0	0	0	0	0	0	0	0	0	0	0	0	0	0	254	0	0	0	0	0	0	0	0	0	0	0	37	0	334	0	70	0	0	0	0	0	0	50	149	204	0	67	0	773	373	0	246	22	0	0	21	0	0
2016_11_30___Hiseq_8_RDB219_CCTTAGGT	0	0	0	76	0	0	0	0	0	0	647	0	0	0	0	0	0	0	333	0	300	0	0	0	224	0	0	0	0	0	0	0	0	72	0	0	0	0	134	0	109	53	172	45	0	0	0	162	0	0	231	88	0	0	0	0	0
2016_11_30___Hiseq_8_RDB221_CGATCGAT	0	0	0	0	51	0	137	0	0	0	0	0	76	177	0	0	72	0	793	0	0	99	0	0	0	13	0	0	0	0	74	0	0	77	99	0	0	0	56	0	0	0	0	0	0	60	0	0	202	102	131	0	0	0	0	0	0
2016_11_30___Hiseq_8_RDB223_CTAAGACC	0	43	0	0	0	0	0	0	0	79	0	0	67	0	0	0	0	0	128	0	0	134	0	0	0	0	0	0	251	0	38	0	0	0	0	0	0	0	0	0	285	0	226	0	0	0	0	157	206	0	762	34	0	0	19	35	0
2016_11_30___Hiseq_8_RDB224_GAAGATCC	0	0	0	0	0	0	0	0	0	0	0	85	31	0	0	0	0	0	886	0	0	53	0	0	161	0	0	0	0	262	0	0	0	0	0	64	0	0	0	0	0	96	183	0	0	0	0	247	543	0	341	0	0	0	0	107	209
2016_11_30___Hiseq_8_RDB225_GACGTCAT	74	174	100	0	0	0	0	0	58	0	0	0	0	0	101	0	0	0	230	0	0	0	0	0	188	0	0	39	0	0	0	0	0	0	0	0	54	0	24	210	89	0	155	0	0	0	0	0	0	0	271	0	0	0	34	0	0
2016_11_30___Hiseq_8_RDB226_GAGAAGGT	0	0	0	0	0	0	0	0	0	0	0	0	0	0	0	0	0	0	302	0	0	393	0	147	0	0	0	0	0	0	0	0	0	0	0	0	0	0	0	0	0	0	0	0	0	282	0	110	66	0	128	0	0	29	0	0	0
2016_11_30___Hiseq_8_RDB227_GATCAGAC	0	0	0	51	0	0	0	0	0	0	0	0	0	0	0	0	0	0	228	0	0	0	0	0	0	0	0	0	0	0	0	0	120	0	71	0	0	0	0	0	0	0	128	0	0	26	0	183	0	0	16	38	0	0	0	0	0
2016_11_30___Hiseq_8_RDB229_GCTAAGGA	0	1139	11	0	0	0	0	0	0	280	1294	0	0	0	327	0	0	0	33	0	0	0	0	0	0	0	0	22	0	145	0	0	0	0	0	0	31	0	0	0	0	11	0	0	0	0	0	74	409	0	0	0	140	0	0	0	0
2016_11_30___Hiseq_8_RDB230_GCTCAGTT	0	0	0	0	0	0	0	0	0	226	102	0	0	0	0	0	0	0	19	0	0	0	69	0	0	0	0	65	0	0	0	0	61	0	0	0	0	0	108	0	0	0	0	0	0	104	0	0	0	0	68	0	0	0	0	47	0
2016_11_30___Hiseq_8_RDB231_GGACAGAT	0	0	0	0	0	0	0	0	0	0	0	0	0	0	0	0	0	0	0	0	0	99	0	0	0	0	0	0	0	0	46	61	0	0	0	0	0	0	0	0	0	0	306	0	0	178	0	0	94	0	143	0	101	0	0	0	0
2016_11_30___Hiseq_8_RDB232_GGATCTGA	79	23	0	154	0	0	0	0	0	0	373	0	0	0	248	167	0	80	1889	0	0	128	208	115	0	0	0	0	0	0	0	0	0	124	0	88	0	0	0	0	0	0	0	0	34	0	0	0	0	0	385	0	30	78	0	0	0
2016_11_30___Hiseq_8_RDB233_GTTCCATG	0	186	0	0	246	0	0	0	0	0	0	0	0	0	0	60	0	0	665	0	119	0	0	0	0	0	0	0	168	0	0	0	0	0	0	0	0	0	0	0	12	69	78	0	0	0	0	106	118	135	623	0	0	0	0	0	0
2016_11_30___Hiseq_8_RDB237_TCCTGGTA	0	223	0	0	0	0	0	0	94	0	0	0	0	0	126	0	0	0	0	0	0	0	0	0	0	0	0	0	0	0	0	0	0	74	0	0	0	0	0	0	0	80	0	0	0	118	0	50	0	0	0	0	78	0	0	0	0
2016_11_30___Hiseq_8_RDB238_TCGATGAC	0	103	0	0	0	0	0	0	0	0	0	0	0	0	0	0	200	0	0	37	0	0	0	0	0	0	0	0	0	0	0	0	1038	0	0	0	0	0	0	0	199	0	0	0	0	291	0	0	322	0	252	0	0	0	0	0	0
2016_11_30___Hiseq_8_RDB239_AACCACTC	47	77	0	0	90	0	143	0	0	0	0	0	78	0	0	0	515	0	330	0	0	156	114	0	0	0	1039	48	125	0	0	0	3586	215	0	0	63	535	1199	0	0	112	165	18	133	0	34	158	293	0	369	0	0	0	0	0	0
2016_11_30___Hiseq_8_RDB240_AAGGACCA	0	0	0	0	0	0	0	0	0	0	0	60	173	0	134	0	0	0	262	224	0	0	0	0	0	0	0	0	0	0	0	0	125	0	0	0	0	168	632	0	0	70	0	0	0	0	30	178	660	0	0	0	0	0	50	0	53
2016_11_30___Hiseq_8_RDB241_ACACCGAT	0	98	0	0	0	16	0	51	0	0	0	0	66	0	0	0	0	0	72	0	0	0	225	0	0	0	0	0	0	0	59	0	71	0	0	21	0	0	44	0	0	216	0	75	0	0	0	1090	0	0	0	49	0	0	0	143	0
2016_11_30___Hiseq_8_RDB243_ACATGCCA	0	0	0	0	0	0	0	0	0	0	0	0	0	0	29	0	0	0	218	0	0	0	0	0	0	0	0	0	0	0	0	0	0	0	0	34	0	0	126	0	0	165	0	0	0	0	0	0	41	0	0	0	0	0	0	295	0
2016_11_30___Hiseq_8_RDB244_ACGAATCC	0	44	0	0	0	0	0	769	0	0	324	0	0	0	0	0	0	72	262	0	0	331	50	0	0	0	0	216	0	0	87	0	0	112	0	0	128	0	0	123	77	0	0	0	0	0	0	67	0	0	126	0	0	0	0	0	0
2016_11_30___Hiseq_8_RDB245_AGAAGTGG	0	74	0	0	77	0	0	0	0	0	0	0	0	0	0	0	0	0	536	0	312	20	0	0	0	0	24	0	0	0	0	0	0	0	0	0	0	0	229	0	19	135	0	0	50	0	0	136	176	0	692	0	0	0	0	0	0
2016_11_30___Hiseq_8_RDB246_AGCTAGTG	0	31	0	0	0	0	0	0	61	0	0	0	45	0	0	0	0	0	443	0	0	41	0	0	0	0	0	0	127	0	0	0	0	0	0	0	0	0	0	0	169	82	30	0	0	0	0	194	25	0	0	0	0	0	0	0	0
2016_11_30___Hiseq_8_RDB247_AGGAACAC	0	1358	0	0	0	0	0	103	0	0	0	0	0	0	124	0	0	0	53	0	356	0	0	102	0	224	0	206	0	0	45	0	0	70	83	0	0	0	0	0	0	211	0	156	0	1420	0	180	0	57	57	0	0	36	0	0	2060
2016_11_30___Hiseq_8_RDB250_CAACACAG	0	0	0	0	0	0	0	0	0	0	0	0	0	553	0	70	134	0	189	0	0	39	0	882	0	175	0	344	0	0	0	0	0	115	116	0	0	0	0	0	244	0	0	0	0	18	0	493	103	0	59	0	0	0	0	0	386
2016_11_30___Hiseq_8_RDB251_CACGTCTA	0	159	0	72	57	0	0	0	0	54	0	0	0	0	109	0	0	0	83	0	0	385	0	0	0	0	0	0	0	0	0	0	0	0	0	0	0	0	0	0	0	269	182	0	0	0	31	568	162	0	30	90	0	0	0	0	0
2016_11_30___Hiseq_8_RDB252_CAGCATAC	0	50	0	0	0	0	0	0	0	0	0	0	0	219	234	73	0	0	1785	0	0	0	0	73	0	0	0	1755	0	0	81	0	0	0	0	0	0	0	0	59	0	42	0	0	51	0	0	24	856	0	253	151	0	0	0	101	0
2016_11_30___Hiseq_8_RDB253_CATCAACC	0	46	0	0	0	0	0	81	0	266	304	0	0	0	0	0	0	0	623	0	0	0	0	32	292	105	84	1241	0	0	359	0	0	0	0	0	394	0	174	0	0	154	67	0	0	0	0	25	362	0	0	0	0	0	32	61	0
2016_11_30___Hiseq_8_RDB254_CATCACGT	0	74	0	0	0	0	0	0	0	0	0	0	0	0	0	0	0	0	244	0	0	0	0	85	0	0	0	29	0	0	19	0	0	0	0	0	0	0	0	0	0	0	0	0	0	167	0	0	142	0	0	47	0	0	0	47	0
2016_11_30___Hiseq_8_RDB256_CCACATTG	0	52	0	26	89	16	0	57	18	302	1736	92	22	101	0	0	0	142	1797	0	172	0	0	0	218	253	0	300	446	0	25	0	183	362	0	106	393	0	167	0	75	59	235	0	234	45	72	115	121	197	1069	0	0	0	44	0	0
2016_11_30___Hiseq_8_RDB257_CCGAAGAT	39	0	0	0	126	0	0	0	0	0	531	0	0	0	0	0	0	0	1647	0	0	0	0	120	0	0	0	160	0	0	0	0	0	0	0	26	0	111	0	0	0	73	0	0	0	51	71	127	112	0	442	0	0	0	0	0	131
2016_11_30___Hiseq_8_RDB258_CTGACTAC	0	306	0	0	0	48	0	0	0	0	136	0	0	0	0	0	0	0	0	0	47	0	0	52	0	0	0	0	0	0	0	0	40	0	0	32	93	0	0	59	0	118	0	0	0	0	0	181	0	0	10	320	0	0	23	0	0
2016_11_30___Hiseq_8_RDB259_CTTCGCAA	67	99	0	175	0	0	0	41	0	0	0	0	0	195	0	0	0	80	337	31	149	0	0	0	0	0	0	0	0	0	0	0	88	681	0	0	0	178	136	0	67	110	0	0	0	33	0	61	100	0	634	0	0	0	0	59	77
2016_11_30___Hiseq_8_RDB260_GCAATGAG	0	0	0	0	0	0	0	9	0	0	3071	59	0	22	0	0	0	0	901	0	0	80	0	0	0	0	0	0	0	0	0	0	0	0	0	0	0	0	0	0	151	0	50	0	0	61	37	0	0	0	143	0	0	0	0	0	77
2016_11_30___Hiseq_8_RDB262_GGTCACTA	10	0	0	29	0	0	63	0	0	0	0	0	0	0	84	0	0	0	189	0	0	0	0	0	0	0	0	0	0	0	0	0	0	0	0	0	0	0	442	171	72	149	396	0	0	37	0	0	304	0	64	0	0	28	0	61	55
2016_11_30___Hiseq_8_RDB263_GTCCTGTT	47	51	68	0	0	0	80	0	0	0	0	0	0	0	0	0	292	81	51	0	0	0	0	119	0	0	0	223	0	0	0	0	67	0	0	22	0	0	357	0	215	68	245	0	0	151	102	0	108	0	697	673	0	0	0	0	0
2016_11_30___Hiseq_8_RDB27_GAGTGTGT	0	112	112	0	0	0	0	0	97	0	0	0	0	0	342	0	255	0	1718	0	0	0	398	49	0	0	0	0	0	124	0	0	0	0	0	172	0	0	109	0	0	0	0	0	0	36	0	49	0	0	1615	161	0	0	0	0	0
2016_11_30___Hiseq_8_RDB28_GCATCCTA	0	0	0	0	0	0	0	0	0	0	0	0	41	0	0	0	0	0	359	0	0	0	0	0	0	0	0	0	0	0	0	0	0	0	0	0	0	255	0	0	219	0	0	0	0	0	0	0	0	0	0	0	0	0	137	0	0
2016_11_30___Hiseq_8_RDB29_GGATTCAC	0	0	0	0	0	13	101	60	0	526	0	0	41	0	0	0	0	0	127	0	0	0	0	0	0	0	74	0	0	0	0	0	50	118	0	0	0	0	315	0	123	210	241	0	0	0	0	0	0	0	0	0	0	0	0	0	0
2016_11_30___Hiseq_8_RDB31_TACGGTCT	0	0	0	0	0	0	0	0	158	0	0	0	0	0	0	0	0	0	0	0	118	0	163	0	0	0	0	0	0	0	0	0	0	108	0	0	0	0	171	0	0	0	33	0	0	0	0	440	18	0	0	15	0	108	0	0	0
2016_11_30___Hiseq_8_RDB32_TTGCAACG	0	0	83	41	0	0	51	0	0	0	0	0	0	0	0	39	0	0	83	0	0	0	0	0	0	0	0	30	0	0	28	114	61	0	11	0	0	0	0	0	0	0	14	0	0	62	0	160	0	0	145	32	0	0	0	0	0
2016_11_30___Hiseq_8_RDB34_CTATCCAC	55	0	83	0	0	0	0	17296	79	0	0	228	0	0	0	0	0	114	1414	0	0	107	157	303	0	27	44	5051	0	54	0	0	193	0	0	86	0	0	85	287	375	5839	376	0	0	186	0	125	290	0	1604	318	0	0	0	493	249
2016_11_30___Hiseq_8_RDB35_GTGGTATG	0	101	0	0	0	214	0	0	11	0	0	0	0	0	0	0	0	0	1021	0	0	0	0	0	0	0	0	74	0	0	0	0	0	0	0	37	176	0	0	0	0	0	0	0	0	0	0	0	421	0	752	43902	0	0	0	0	0
2016_11_30___Hiseq_8_RDB36_TAACGTCG	123	60	0	0	0	0	0	0	0	0	277	0	0	0	0	0	0	0	85	0	0	0	79	0	329	0	0	69	0	0	0	0	0	0	110	0	0	0	41	0	0	0	290	0	0	245	0	0	0	0	0	36	0	0	0	0	0
2016_11_30___Hiseq_8_RDB37_TAGAACGC	0	0	0	0	0	0	0	0	0	0	0	0	0	0	0	0	0	0	113	0	0	360	67	0	55	0	0	0	0	0	0	0	0	0	0	0	104	0	229	216	0	0	165	0	0	60	0	0	0	0	166	0	0	0	0	0	0
2016_11_30___Hiseq_8_RDB38_TATGACCG	0	0	18	0	0	0	0	0	0	41	1262	0	0	0	0	0	0	0	1046	0	124	0	220	0	0	0	0	0	0	82	0	0	0	0	53	56	0	0	0	0	0	0	17	0	0	267	0	0	0	0	425	0	0	0	0	0	0
2016_11_30___Hiseq_8_RDB40_CGGCATTA	28	94	0	0	0	0	0	0	0	0	129	0	0	0	83	0	17	0	37	174	0	161	0	0	0	0	0	248	0	0	0	0	175	80	0	0	0	0	0	0	105	37	76	0	0	0	0	192	242	0	0	0	0	0	0	0	0
2016_11_30___Hiseq_8_RDB41_GAAGACTG	0	0	0	0	0	0	0	0	0	0	0	182	27	0	0	0	0	0	2729	0	0	0	0	0	169	175	34	89	306	0	0	171	0	0	19	0	0	0	41	0	0	0	100	0	0	0	0	287	0	161	0	0	0	0	0	0	0
2016_11_30___Hiseq_8_RDB42_GGAAGAGA	0	714	0	0	96	0	0	0	0	0	0	0	0	0	0	0	0	157	205	0	0	0	0	0	0	0	0	0	281	0	0	0	31	0	0	0	0	0	0	0	176	0	0	0	0	0	0	154	0	0	0	0	0	116	66	0	169
2016_11_30___Hiseq_8_RDB44_ACGGACTT	0	519	44	231	0	0	123	216	0	337	485	0	0	0	0	0	0	0	490	0	0	85	51	0	0	0	0	1702	499	0	0	0	179	213	157	0	0	0	154	49	184	166	291	96	0	385	0	136	403	106	2674	439	0	0	0	14	402
2016_11_30___Hiseq_8_RDB45_CAACCTCT	0	0	0	0	58	0	79	0	0	0	249	0	22	0	0	0	0	0	607	0	0	162	0	0	0	0	0	0	198	0	0	0	0	0	0	0	0	0	0	200	180	0	165	0	0	0	0	0	18	0	0	38	0	0	0	31	0
2016_11_30___Hiseq_8_RDB5_GAGTAGAG	0	0	0	0	0	0	227	0	0	0	0	0	0	0	0	0	0	0	8	0	0	0	0	0	0	0	0	0	0	0	0	0	0	0	0	0	0	0	0	0	0	0	79	0	0	0	0	65	0	0	643	0	0	0	43	0	0
2016_11_30___Hiseq_8_RDB71_ATGACAGG	0	0	0	0	0	0	111	0	0	0	0	0	0	0	0	0	0	0	9	0	0	0	0	0	0	0	0	0	0	0	0	0	0	0	0	0	0	0	8	0	0	0	21	14	0	0	0	0	46	0	0	0	0	0	0	0	0
2016_11_30___Hiseq_8_RDB72_CACTGTAG	4	0	0	0	0	0	0	0	0	0	0	0	0	0	0	0	0	0	0	69	0	0	0	0	0	0	0	0	0	0	0	0	0	0	0	0	0	0	0	0	0	0	127	0	0	0	0	0	0	0	0	168	0	0	0	0	0
2016_11_30___Hiseq_8_RDB73_CTGGTCAT	0	67	0	0	0	0	0	0	0	0	0	0	0	84	0	0	0	0	232	0	19	0	0	0	0	0	0	0	0	5	0	0	0	0	0	0	0	0	0	58	331	6	19	0	0	0	0	0	0	0	14	0	0	0	0	0	0
2016_11_30___Hiseq_8_RDB74_GGAATGTC	0	0	0	0	0	140	0	0	0	0	0	0	0	0	0	0	0	0	0	0	0	0	0	0	0	0	0	0	0	0	0	0	0	0	0	0	0	0	0	0	0	0	25	0	0	0	0	0	49	0	0	0	0	0	0	0	0
2016_11_30___Hiseq_8_RDB75_GGTTAGCT	0	0	0	0	0	0	0	0	0	0	0	0	0	0	85	0	0	0	0	0	0	0	0	0	0	0	0	0	0	0	0	0	0	0	0	66	0	0	0	408	0	33	0	0	0	0	0	53	0	58	0	0	0	0	0	0	0
2016_11_30___Hiseq_8_RDB84_TGACCGTT	0	0	0	0	0	0	0	0	0	0	0	0	0	0	0	0	0	0	103	0	0	76	0	0	0	0	0	0	0	0	0	0	0	0	0	0	0	0	0	0	0	0	0	0	0	0	0	0	92	0	0	0	0	0	0	44	0
2016_11_30___Hiseq_8_RDB85_AAGCCTGA	33	0	0	0	0	0	0	0	0	0	0	0	186	0	0	0	0	0	0	0	0	0	0	0	0	0	0	0	0	0	0	0	0	0	0	0	0	0	0	0	0	0	0	0	0	0	0	87	0	0	0	0	0	0	0	0	0
2016_11_30___Hiseq_8_RDB86_AAGTCCTC	0	0	0	0	0	0	0	0	0	0	0	0	0	0	0	0	0	0	0	0	263	0	0	0	0	0	0	0	0	0	0	0	0	0	0	0	0	0	0	0	0	0	491	0	0	0	0	32	0	0	0	0	0	0	0	0	0
2016_11_30___Hiseq_8_RDB87_ACGAGAAC	0	0	0	0	0	0	0	0	0	0	0	0	0	0	0	0	0	0	114	0	0	0	0	0	0	0	0	0	0	17	0	0	0	0	0	0	0	0	0	0	20	0	2263	0	0	0	0	0	0	0	0	0	0	0	0	208	83
2016_11_30___Hiseq_8_RDB91_TCGAGAGT	0	0	0	0	0	0	0	0	0	0	0	0	0	0	0	0	0	27	0	18	0	0	0	0	0	0	0	0	0	0	0	0	0	0	0	0	0	0	46	0	0	0	2230	0	0	0	0	0	56	37	0	0	0	0	0	0	0
2016_11_30___Hiseq_8_RDB93_TGTTCCGT	45	257	179	0	0	0	124	0	0	0	0	0	0	0	0	0	63	0	131	0	0	0	0	0	0	0	25	285	1839	2685	0	0	276	0	0	23	68	0	78	0	4224	0	144	14	0	43	69	235	449	0	500	0	0	334	73	0	260
2016_11_30___Hiseq_8_RDB94_ATACTGGC	0	84	584	0	0	0	0	0	0	0	0	0	0	0	0	0	0	0	0	0	0	0	298	0	0	0	0	0	0	4386	0	0	0	0	0	0	0	0	56	0	2544	0	55	0	0	0	0	0	47	0	1102	85	0	0	96	0	0
2016_11_30___Hiseq_8_RDB95_CTGCCATA	0	0	841	0	0	464	0	0	0	0	0	0	0	0	63	0	0	0	209	0	0	0	391	0	0	0	0	0	0	4544	0	0	39	0	0	0	0	0	0	0	4217	0	119	67	0	0	18	0	0	0	282	0	0	0	0	0	771
2016_11_30___Hiseq_8_RDB96_GGTGTACA	0	0	338	0	0	0	67	0	0	0	644	0	0	0	22	0	0	0	73	0	42	0	324	55	0	64	0	438	0	2372	0	0	0	0	0	27	0	0	128	0	5500	0	64	0	31	132	0	401	193	0	808	43	0	0	0	0	426
2016_11_30___Hiseq_8_RDB97_GTAACCGA	0	104	503	0	0	0	58	0	0	0	378	0	0	0	0	0	0	0	73	0	0	0	573	175	0	0	0	0	0	1758	0	0	34	0	0	260	0	0	0	475	5481	0	0	16	0	217	0	59	75	0	978	117	98	59	286	0	302
2016_11_30___Hiseq_8_RDB99_GTTAAGCG	0	0	432	0	0	0	135	0	0	0	10	0	0	0	0	0	0	0	302	0	505	112	480	0	0	0	0	1407	0	4639	0	0	0	0	0	0	0	0	0	0	4191	0	0	0	0	0	0	0	0	0	683	0	0	0	0	36	189
2016_1_14___Hiseq_5_RDB290_GTAGTACC	0	0	0	0	0	0	0	73	0	0	0	0	23	0	0	0	0	0	85	0	0	0	0	0	125	0	0	0	0	0	0	0	0	0	0	0	0	0	92	0	4	0	0	0	0	0	0	0	0	0	0	0	0	0	0	0	0
2016_1_14___Hiseq_5_RDB291_AACAGGTG	0	1862	0	0	0	0	0	0	0	0	102	0	0	0	0	0	0	0	0	0	0	0	0	0	0	0	0	0	0	0	0	0	0	3	0	0	0	0	0	0	0	0	0	0	0	0	0	2	0	0	281	0	0	0	0	0	0
2016_1_14___Hiseq_5_RDB292_AAGCATCG	0	0	0	0	0	0	0	0	0	0	0	0	0	0	0	0	0	0	0	0	0	0	0	0	0	0	0	0	0	0	0	0	0	0	0	0	0	0	0	0	0	0	0	323	0	0	0	0	0	0	0	0	0	0	0	0	0
2016_1_14___Hiseq_5_RDB293_AAGCGTTC	0	0	0	0	0	0	3	0	0	0	0	0	0	0	0	0	0	0	0	0	0	2	0	0	0	0	0	0	0	0	0	0	0	0	0	0	0	0	0	0	0	0	0	239	0	0	0	0	0	0	3	0	0	0	0	0	0
2016_1_14___Hiseq_5_RDB305_AAGACGAG	0	113	0	0	0	0	0	0	5	0	0	0	0	0	0	0	7	6	22	0	0	8	0	0	120	6	0	0	0	0	0	0	4	0	0	0	197	0	0	0	0	0	0	0	0	0	0	2037	0	0	4	0	0	0	0	0	0
2016_1_14___Hiseq_5_RDB307_ACGTCGTT	0	10	0	0	0	0	0	0	0	0	0	0	0	0	3	0	2	0	375	0	0	10	3	0	156	0	0	2	0	0	0	0	0	11	0	0	0	0	0	0	4	0	666	0	0	0	0	520	10	0	4	0	4	0	0	0	0
2016_1_14___Hiseq_5_RDB308_ACTACGGT	0	0	0	0	0	718	0	0	0	0	0	0	0	0	0	0	0	0	0	0	0	0	0	0	0	0	0	0	0	0	0	0	475	0	0	0	0	0	0	0	414	0	0	0	0	0	0	0	0	0	0	0	0	0	0	0	0
2016_1_14___Hiseq_5_RDB309_ACTCTGAG	0	0	0	0	0	0	0	0	0	0	0	0	0	0	0	0	0	0	27	0	0	0	0	0	0	0	0	22	0	0	0	0	0	0	0	5	0	0	0	0	130	0	2	0	0	0	0	0	56	0	11	0	0	0	0	0	0
Batch184_RDB100_TAAGTGGC	0	0	0	0	0	0	0	0	0	0	993	0	0	0	0	0	0	0	2871	0	0	2582	0	0	0	0	0	0	0	0	0	0	0	0	0	0	0	0	0	0	0	0	0	0	0	0	0	0	11	99	989	0	0	0	0	0	0
Batch184_RDB101_TCAGTAGG	0	0	0	0	0	0	0	0	0	0	0	0	0	0	0	0	0	0	0	0	0	3388	0	0	0	0	0	0	0	0	0	0	0	0	0	0	0	0	0	0	0	0	0	0	0	0	0	562	0	189	0	0	0	0	0	0	0
Batch184_RDB111_ATGCGCTT	0	0	0	0	0	0	815	0	0	0	0	0	0	0	0	0	0	0	0	0	0	1475	0	0	0	0	0	0	0	0	0	725	0	0	0	0	0	0	0	0	0	0	0	0	0	0	0	0	134	0	0	310	0	0	0	0	0
Batch184_RDB112_CGAGAGAA	0	0	0	0	0	1124	0	0	0	0	97	0	0	0	0	0	0	0	0	0	0	0	0	0	0	0	0	0	0	0	0	0	694	0	0	0	0	0	296	0	0	0	0	0	0	0	0	512	1714	244	0	0	0	0	0	0	0
Batch184_RDB113_CGCGTATT	0	4078	0	0	0	35	0	0	0	0	0	0	0	0	0	662	1293	0	0	0	0	1488	0	0	0	0	0	0	0	0	449	0	0	0	0	0	0	0	462	0	0	0	740	0	0	47	0	0	3066	0	0	98	0	538	0	0	0
Batch184_RDB54_GGTTGGTA	0	0	0	0	0	1402	0	0	0	0	0	0	0	0	0	0	0	0	413	0	0	719	0	0	0	0	0	0	0	0	0	1065	0	0	0	0	0	0	0	0	0	0	42	0	0	0	0	1793	0	0	12	31	0	0	0	0	0
Batch184_RDB57_CCGTAACT	0	241	0	0	9	0	0	0	0	0	0	0	67	0	275	0	0	0	17	0	0	198	0	0	9	0	0	0	0	0	0	0	0	0	0	0	0	0	0	0	0	0	0	0	0	0	0	0	0	0	17	0	0	0	0	0	0
Batch184_RDB59_GCCTTCTT	0	2303	0	0	0	0	0	0	0	0	0	0	0	0	0	0	0	0	0	18	0	2617	0	0	863	0	0	0	0	0	0	2625	0	655	0	0	0	0	511	0	0	0	479	0	0	0	0	0	120	17	7	0	0	0	0	0	0
Batch184_RDB60_GGCGAATA	0	2211	0	0	0	0	233	0	0	94	0	0	34	297	0	0	19672	0	129	0	0	0	0	0	0	903	0	61	0	0	98	374	31	617	0	0	0	0	15044	0	0	0	141	0	417	0	64	3654	305	0	0	0	0	0	0	0	0
Batch184_RDB95_CTGCCATA	0	18269	0	0	0	0	0	0	0	0	0	0	0	1078	0	450	0	0	44	1653	497	0	0	0	473	0	0	0	0	0	0	0	0	685	0	0	0	0	236	0	0	0	1387	0	0	0	0	0	0	0	142	0	0	0	0	0	0
Batch184_RDB97_GTAACCGA	0	72	59	0	0	261	0	0	0	0	0	0	0	0	0	270	0	0	17455	484	0	604	0	0	548	0	0	0	0	0	0	443	0	272	0	0	0	0	133	0	0	0	21	0	0	0	0	0	628	0	9	0	0	0	0	0	0
Batch380_RDB176_GCCAATAC	0	949	0	0	0	0	0	2672	0	1057	0	0	0	60	397	0	0	0	2339	0	5406	3570	0	0	0	0	0	0	11	0	0	0	2574	0	0	0	0	0	969	0	578	71	1165	0	0	0	234	0	1475	0	500	0	233	0	0	0	0
Batch380_RDB181_AGGCTGAA	0	676	243	0	402	0	0	0	0	0	0	0	0	755	0	0	0	0	309	0	0	8	0	682	0	1385	0	1763	0	0	0	0	0	0	0	0	0	0	1534	0	0	0	440	0	0	0	312	0	0	0	481	0	0	0	0	0	0
Batch380_RDB188_CGAATTGC	0	1570	0	0	0	0	0	0	0	0	0	0	0	0	0	0	0	0	3358	0	0	1807	0	0	0	0	0	0	0	0	0	0	4001	0	0	0	0	0	2804	0	0	0	0	0	0	1631	0	9	438	0	3524	0	0	0	0	545	0
Batch380_RDB261_GCAATTCC	0	186	0	0	0	0	0	0	0	0	0	0	0	0	0	0	0	0	274	0	0	1178	0	0	58	842	0	0	0	0	0	0	0	0	0	0	0	0	150	0	311	881	413	0	0	0	0	268	581	0	1656	0	0	0	0	0	0
Batch380_RDB262_GGTCACTA	0	0	0	0	0	0	0	0	0	0	0	0	0	0	0	0	0	0	0	0	0	0	0	0	164	0	0	0	0	0	0	0	0	0	0	0	0	0	0	0	0	0	0	0	0	0	99	356	40	0	0	0	0	0	0	0	0
HTMiSeq3_2018_May_RDB45_S357	200	1684	0	0	0	0	0	0	685	4967	0	595	277	454	0	0	0	0	1158	0	612	184	0	0	0	0	0	212	0	0	239	0	2276	0	0	1421	0	0	1655	0	0	54	820	386	1073	0	0	2713	2110	0	2557	153	0	0	0	0	1026
HTMiSeq3_2018_May_RDB46_S358	0	297	118	2289	0	0	0	434	0	0	0	0	0	0	0	0	1251	0	2230	0	0	0	0	0	0	0	423	0	150	0	0	0	2061	2106	0	0	697	251	0	0	696	0	969	303	705	81	0	1582	1132	0	2230	0	0	0	0	0	0
HTMiSeq3_2018_May_RDB47_S359	0	988	0	0	0	0	2666	0	1484	0	1284	0	272	0	0	1375	1064	0	848	0	0	0	0	228	0	0	0	0	0	0	0	0	678	1753	0	0	0	0	0	0	0	0	0	0	0	17762	0	270	1561	0	218	0	0	0	0	0	0
HTMiSeq3_2018_May_RDB49_S361	0	449	0	0	0	0	0	0	728	0	0	0	531	0	0	0	0	0	0	0	420	0	0	0	0	0	0	0	0	0	0	0	1198	890	0	0	0	0	0	0	0	0	718	0	0	7521	0	0	266	84	1741	169	0	0	0	0	0
HTMiSeq3_2018_May_RDB51_S364	108	412	156	0	0	0	0	0	0	0	937	0	384	0	276	0	0	0	1644	0	0	805	237	0	0	0	144	885	0	0	0	0	381	0	0	331	677	0	0	0	355	226	426	156	0	19226	733	9662	2069	0	0	2575	0	0	0	0	0
HTMiSeq3_2018_May_RDB52_S365	0	818	0	0	0	0	0	610	1384	0	0	0	0	0	0	0	2199	0	2525	0	0	0	352	0	0	0	0	536	0	0	637	316	732	0	27	243	0	0	0	815	98	184	146	0	138	5877	0	1025	0	0	1533	0	0	0	0	0	697
HTMiSeq3_2018_May_RDB53_S366	0	132	0	200	0	0	0	0	1497	0	0	0	27	722	0	0	0	0	1175	0	0	0	0	0	0	427	0	0	0	0	0	0	612	201	0	0	0	63	0	0	0	0	2020	2098	4557	40	0	2127	592	0	3736	0	0	0	0	264	0
Jan2017_RDB11_TTCGAAGC	0	0	0	0	0	0	0	0	0	0	234	0	0	0	18	0	0	0	300	0	0	0	0	0	0	0	87	0	0	0	30	0	234	0	0	0	0	22	170	0	0	0	0	0	0	0	78	0	41	0	83	0	0	17	0	0	0
Jan2017_RDB12_ATCCACGA	0	132	0	138	0	0	18	37	0	0	0	0	0	424	20	0	0	0	95	0	117	0	0	0	0	0	0	0	0	0	28	0	0	0	0	0	0	0	178	0	0	0	480	0	0	0	0	0	83	42	241	0	0	0	0	0	41
Jan2017_RDB13_ATCTGACC	0	111	0	20	0	0	0	0	0	294	0	0	0	203	0	0	0	0	86	0	0	0	0	0	0	0	0	0	0	0	0	0	0	0	0	69	0	0	32	0	200	0	0	0	0	145	0	192	203	0	103	41	0	0	0	0	0
Jan2017_RDB14_ATTAGCCG	0	248	0	0	0	0	0	0	0	0	300	0	0	0	0	0	0	0	25	0	0	0	0	9	0	0	0	0	0	0	0	0	0	0	0	0	0	499	133	0	0	0	0	49	0	0	0	75	101	0	0	0	0	0	14	0	0
Jan2017_RDB15_CTCAGAAG	0	0	0	0	0	20	18	0	0	28	0	0	41	0	0	0	0	0	358	0	0	0	0	0	0	0	0	0	0	0	14	0	23	32	0	0	190	0	35	0	0	0	732	0	0	0	0	0	35	0	69	39	0	0	0	0	0
Jan2017_RDB18_ACTCCTAC	24	0	0	0	0	0	0	0	0	0	262	295	0	0	0	0	0	0	407	0	73	36	0	0	0	0	0	0	0	269	0	0	0	36	0	0	0	0	0	0	0	0	0	0	0	300	0	0	41	0	163	0	0	0	0	0	62
Jan2017_RDB19_AACACCAC	0	0	190	0	35	0	0	0	0	0	35	0	34	0	82	0	0	0	0	0	0	0	0	192	0	52	0	0	0	0	0	0	0	14	0	23	0	0	0	0	117	41	352	0	0	92	0	0	207	0	96	0	0	0	0	0	0
Jan2017_RDB1_TTGGTGCA	0	25	0	30	0	0	0	0	0	0	0	0	0	0	0	0	0	0	0	0	0	208	0	0	0	0	0	0	0	0	0	72	14	0	0	0	0	0	0	0	0	64	136	0	0	0	0	71	102	0	249	0	62	79	0	0	0
Jan2017_RDB20_ACTCTCCA	0	291	0	11	0	278	0	0	0	0	0	0	0	0	139	0	196	0	49	0	0	0	0	0	0	0	0	81	0	0	22	0	0	0	0	0	0	0	98	0	0	0	77	0	0	0	0	0	23	0	230	0	0	0	229	0	0
Jan2017_RDB21_ATAGAGCG	42	44	0	0	40	0	0	19	0	0	0	0	20	0	0	92	0	56	190	0	0	0	0	24	0	0	0	0	0	0	0	0	0	0	0	50	0	0	37	0	0	0	59	0	0	0	0	0	8	0	0	0	0	0	0	0	0
Jan2017_RDB22_GGCTCAAT	0	280	0	0	28	0	56	0	0	0	0	0	0	0	0	0	0	0	0	0	0	0	0	0	249	0	0	0	261	0	11	0	25	103	0	0	0	0	0	0	0	0	0	0	0	0	0	43	9	0	63	0	0	0	0	0	0
Jan2017_RDB24_TGCGATAG	0	91	0	0	0	0	0	0	98	136	131	0	0	0	55	0	70	0	152	0	0	0	0	0	0	0	39	0	0	0	91	0	11	0	0	9	0	0	0	0	0	0	56	0	0	0	0	0	168	157	84	0	0	0	0	0	0
Jan2017_RDB25_CCTATTGG	0	70	0	0	0	0	0	37	0	86	0	0	71	0	0	0	0	0	88	0	0	0	38	0	0	0	0	0	0	0	10	0	0	0	86	0	0	45	79	0	90	0	0	0	0	10	0	0	0	0	207	0	103	0	0	0	0
Jan2017_RDB26_CTCTTGTC	0	0	0	0	0	0	0	0	0	0	173	55	0	83	0	0	0	0	393	0	0	41	62	0	0	0	0	0	0	0	0	0	72	60	0	0	0	0	0	0	0	76	0	0	0	28	0	176	37	0	373	0	131	0	0	0	0
Jan2017_RDB27_GAGTGTGT	0	121	0	0	0	138	0	0	19	0	0	0	134	0	0	0	167	0	0	0	0	0	0	38	0	0	0	0	2535	0	42	0	166	0	0	0	0	0	200	0	0	0	121	0	70	0	0	0	90	0	459	73	0	0	139	0	0
Jan2017_RDB28_GCATCCTA	0	0	0	0	0	0	0	0	0	170	284	0	0	0	188	0	0	0	0	33	0	65	0	56	73	229	0	0	0	0	0	0	0	0	0	0	0	0	0	306	0	14	0	0	0	278	0	0	93	0	0	212	0	38	19	0	0
Jan2017_RDB2_ACAAGCTC	0	97	0	0	0	0	0	0	0	181	539	0	25	0	0	0	0	88	244	42	0	138	0	0	0	0	0	0	58	0	26	43	0	0	0	0	0	129	0	0	0	0	0	0	0	0	0	196	0	0	231	0	207	36	0	0	0
Jan2017_RDB30_GTTGGCAT	0	0	38	0	0	0	0	0	0	0	0	0	0	0	0	41	0	0	110	0	0	0	14	0	0	0	0	0	0	48	25	0	0	0	0	79	0	0	34	0	21	0	276	21	0	0	0	19	0	33	0	0	0	0	0	0	0
Jan2017_RDB31_TACGGTCT	17	42	0	0	0	0	0	0	0	0	0	0	30	0	0	0	0	0	0	0	0	0	0	0	0	0	0	0	0	0	0	0	156	0	0	0	0	0	0	0	0	0	0	0	0	0	0	27	88	0	276	0	0	0	0	0	114
Jan2017_RDB33_CGATTGGA	0	0	0	38	0	0	0	0	0	0	0	0	0	0	0	0	0	0	0	0	0	0	0	0	0	0	0	21	0	0	0	0	0	0	0	0	0	0	29	0	0	0	220	0	0	0	0	0	0	0	0	0	0	0	0	0	0
Jan2017_RDB34_CTATCCAC	0	109	0	0	0	41	0	0	0	0	0	0	0	0	83	0	0	0	56	0	136	0	0	0	0	0	0	0	0	0	0	0	0	0	0	0	0	0	0	0	0	0	174	14	0	0	0	0	74	0	11	0	0	0	0	0	0
Jan2017_RDB35_GTGGTATG	0	0	0	0	0	0	0	0	0	0	0	0	0	0	0	0	110	0	227	0	0	78	0	0	0	0	0	0	0	0	0	48	0	0	0	0	0	0	0	0	0	0	0	17	0	0	0	0	0	0	0	0	0	0	0	0	0
Jan2017_RDB37_TAGAACGC	0	134	0	0	0	0	0	30	0	0	0	0	0	27	68	0	203	0	132	0	0	37	0	0	0	0	0	0	0	0	0	0	197	0	0	0	34	34	0	0	27	0	74	0	0	11	0	32	87	68	0	68	0	0	0	0	0
Jan2017_RDB38_TATGACCG	0	72	0	0	0	0	0	0	0	0	0	0	0	0	0	0	0	0	82	0	0	0	10	0	68	0	0	0	0	0	0	0	0	0	0	0	0	0	12	0	0	0	935	0	0	0	0	0	0	0	11	206	80	17	0	0	0
Jan2017_RDB39_ACGCAGTA	0	224	0	0	0	0	0	0	0	0	0	0	0	0	58	0	0	0	130	0	0	117	0	0	0	0	0	0	0	0	0	0	97	28	0	0	0	0	24	0	0	28	190	0	0	0	0	210	0	0	150	0	0	0	156	0	0
Jan2017_RDB3_CGGAGTAT	0	14	0	0	0	36	0	0	0	0	0	0	0	61	0	0	0	0	17	0	0	0	0	0	0	0	0	0	0	0	0	38	0	0	0	0	0	0	0	0	0	28	0	0	0	61	0	136	94	0	38	0	0	0	0	0	56
Jan2017_RDB40_CGGCATTA	117	48	0	0	0	0	0	0	0	65	0	0	0	0	21	145	0	0	180	0	0	110	0	0	0	0	54	197	167	0	234	46	0	0	0	0	0	0	176	0	0	0	397	0	0	0	0	49	16	0	85	0	0	0	0	0	0
Jan2017_RDB41_GAAGACTG	0	91	0	0	0	17	0	0	0	0	0	0	0	0	35	0	0	0	0	0	0	0	0	0	0	0	0	0	0	0	0	0	0	0	0	0	0	0	18	0	0	0	0	0	0	0	0	6	42	0	31	0	0	0	0	0	0
Jan2017_RDB43_TGTCAGTG	0	65	0	0	0	0	0	0	0	0	33	0	0	0	0	0	0	0	0	0	0	7	0	0	0	39	0	0	0	0	0	0	57	33	0	0	0	0	46	0	0	0	15	0	0	0	0	0	0	0	0	0	0	0	0	0	0
Jan2017_RDB45_CAACCTCT	0	0	0	0	0	0	0	0	0	0	0	0	0	87	0	0	0	0	0	0	0	0	0	0	0	0	0	0	0	0	0	0	0	0	255	210	0	0	0	0	0	92	17	0	0	10	0	0	28	0	0	0	400	0	0	0	0
Jan2017_RDB46_GATCTTGC	0	316	0	0	0	0	0	27	0	0	58	0	0	0	0	0	0	0	443	0	425	22	0	104	0	0	0	41	0	0	67	0	14	0	0	33	0	0	184	0	0	0	104	0	0	34	27	332	106	39	240	0	0	0	90	75	17
Jan2017_RDB47_TACTAGCG	0	0	0	0	34	0	0	0	0	0	0	0	44	0	0	0	0	0	156	0	0	0	0	0	0	0	63	0	59	0	41	0	10	0	0	0	0	0	0	0	99	0	61	0	20	0	0	0	90	0	134	8	0	0	0	0	0
Jan2017_RDB50_GTCGTTAC	0	0	0	0	0	0	0	0	9	0	421	0	0	0	0	0	0	0	0	0	22	129	0	0	0	0	0	0	0	0	0	0	30	0	0	0	0	0	0	0	0	0	55	0	0	0	0	0	70	0	0	0	0	0	0	28	0
Jan2017_RDB52_CATGTGTG	0	0	0	0	0	57	0	14	0	0	155	0	0	49	21	0	0	0	0	0	0	0	0	0	0	0	0	0	0	0	6	0	21	0	61	0	0	0	0	0	0	0	0	0	0	0	0	63	28	0	28	0	0	0	0	0	0
Jan2017_RDB53_CATTGACG	21	0	0	0	0	0	19	0	0	0	39	0	0	21	0	0	0	0	0	0	0	0	0	0	73	0	0	0	52	0	0	0	0	0	0	0	0	0	121	0	0	0	229	0	0	0	0	0	0	0	33	0	0	0	0	0	0
Jan2017_RDB54_GGTTGGTA	59	108	0	0	41	0	0	0	0	0	0	0	0	0	0	0	0	0	0	0	0	0	0	0	0	31	12	338	0	0	0	0	0	0	0	7	0	0	0	0	0	0	0	0	52	28	0	0	0	0	0	0	0	0	0	0	0
Jan2017_RDB55_GTATTCCG	0	0	8	0	0	0	0	0	0	0	0	0	0	0	0	0	0	0	214	0	0	158	10	0	0	0	0	0	0	0	0	0	0	0	0	0	0	0	0	0	238	0	0	0	0	0	0	67	0	82	49	0	0	0	0	0	0
Jan2017_RDB56_TGGTATCC	20	0	49	0	0	0	0	0	0	0	70	0	0	88	0	0	0	0	152	8	0	0	63	0	78	0	0	0	36	0	24	0	0	34	126	64	54	0	24	40	99	0	158	0	0	0	0	23	16	0	124	0	0	0	0	0	0
Jan2017_RDB58_GATACCTG	0	52	0	0	0	0	0	0	0	0	0	0	0	0	0	0	55	0	216	0	0	52	0	0	0	0	0	0	0	0	48	41	0	0	0	0	0	0	0	0	0	0	0	0	0	520	0	0	0	0	0	0	0	0	0	0	0
Jan2017_RDB59_GCCTTCTT	0	36	0	0	0	0	105	73	0	0	93	306	0	0	0	0	0	0	0	0	0	220	0	0	0	0	0	52	0	220	0	101	0	0	0	0	0	0	0	0	0	0	274	0	0	0	0	45	221	0	57	0	0	0	0	0	0
Jan2017_RDB5_GAGTAGAG	0	15	0	0	0	0	0	0	0	0	0	0	0	0	0	0	0	0	11	0	0	34	36	0	0	0	0	0	0	0	0	0	0	0	0	73	0	0	0	108	0	0	0	0	0	47	0	121	320	0	68	0	0	0	0	0	37
Jan2017_RDB60_GGCGAATA	0	0	0	0	0	346	0	0	0	37	0	0	84	0	0	0	0	0	0	0	0	21	98	0	303	0	0	0	0	0	0	0	0	0	0	0	0	0	0	0	0	0	0	161	0	0	0	65	215	0	20	0	0	0	0	0	0
Jan2017_RDB61_GTATCGAG	0	130	0	0	0	0	0	0	0	0	0	0	0	0	0	129	0	0	51	0	444	0	0	0	0	0	0	255	0	160	0	0	301	0	97	0	0	0	35	0	97	0	106	0	0	0	0	0	0	0	46	11	0	104	0	0	14
Jan2017_RDB62_GTTCTTCG	47	433	0	0	159	0	0	59	0	0	0	225	64	0	226	0	0	0	803	39	105	30	0	0	0	0	0	204	0	0	291	0	44	257	0	0	0	79	0	0	206	12	195	0	0	0	117	94	577	33	540	166	97	0	0	0	60
Jan2017_RDB64_TTCCTCCT	0	732	0	133	637	0	0	0	0	0	0	0	0	0	0	0	0	0	137	0	164	0	0	0	0	0	0	0	0	0	32	0	0	0	0	0	0	70	505	0	0	20	293	0	0	0	0	240	270	158	0	0	0	0	0	0	0
Jan2017_RDB65_GAATGGCA	107	14	0	0	0	0	38	0	0	0	0	2781	0	0	0	0	69	0	166	0	0	0	62	44	0	0	0	0	0	0	55	0	145	0	366	28	145	0	95	0	0	0	86	0	0	0	0	0	22	0	0	0	0	114	0	0	35
Jan2017_RDB67_TACATCGG	0	270	0	0	0	0	0	0	0	0	0	0	0	0	0	0	0	0	0	0	0	85	0	42	0	0	0	0	0	0	0	0	0	0	0	0	0	0	0	0	0	127	460	0	0	394	0	99	42	0	352	0	0	0	0	0	50
Jan2017_RDB68_TGGATGGT	94	362	0	0	0	0	117	78	59	0	142	0	0	0	0	0	281	0	419	0	93	112	0	0	0	24	56	61	14035	0	0	0	406	0	0	0	0	0	595	0	0	97	346	0	0	0	0	314	56	53	509	18	0	0	0	0	0
Jan2017_RDB69_TTGCTTGG	0	0	0	0	0	0	0	0	0	0	0	0	0	0	0	0	0	0	556	0	0	14	0	0	0	0	164	0	0	0	48	0	0	0	0	0	0	0	0	0	0	41	62	0	0	0	0	0	0	0	31	0	0	0	0	0	0
Jan2017_RDB6_AACCTACG	22	14	127	14	0	0	0	44	0	0	0	0	0	0	0	0	0	0	82	0	0	0	164	0	0	0	0	0	0	219	0	0	0	0	0	0	0	0	0	0	0	0	103	0	0	0	0	61	133	0	606	107	0	44	0	0	133
Jan2017_RDB7_TCTTACGG	0	0	14	0	0	0	0	0	0	0	0	0	0	0	0	0	0	0	86	0	0	0	0	0	0	0	0	28	0	0	0	0	0	0	0	0	153	0	0	0	49	0	22	28	0	0	0	25	0	0	67	0	0	0	0	0	0
Jan2017_RDB8_GGCATTCT	0	74	0	0	0	0	0	0	0	92	0	0	0	0	69	0	0	0	227	0	0	0	0	0	0	14	0	0	0	0	41	0	139	0	0	9	0	0	0	137	0	0	55	120	0	0	0	262	16	0	124	0	0	0	0	0	0
Jan2017_RDB9_GGTACGAA	0	0	48	0	0	0	0	0	0	0	331	0	0	0	50	0	0	0	271	0	118	0	0	0	141	0	0	0	130	14	0	0	92	0	0	14	10	0	0	0	0	14	0	0	0	0	0	34	23	0	157	27	0	0	0	0	0
